{
  "experience_days": 0.04122617468237877,
  "total_changes": 0.03975929692387581,
  "total_reviews": 0.018264401704072952,
  "recent_activity_frequency": 0.060524649918079376,
  "avg_activity_gap": 0.05570560321211815,
  "activity_trend": 0.06806568056344986,
  "collaboration_score": 0.03571820631623268,
  "code_quality_score": 0.019774096086621284,
  "recent_acceptance_rate": 0.030773207545280457,
  "review_load": 0.03323373943567276,
  "days_since_last_activity": 0.030377531424164772,
  "acceptance_trend": 0.04073731228709221,
  "reciprocity_score": 0.06451009958982468,
  "load_trend": 0.05873040854930878,
  "core_reviewer_ratio": 0.04451155662536621,
  "recent_rejection_streak": 0.014366368763148785,
  "acceptance_rate_last10": 0.024044441059231758,
  "active_months_ratio": 0.061042334884405136,
  "response_time_trend": 0.03153083845973015,
  "complex_pr_bias": 0.03035721369087696,
  "avg_action_intensity": 0.03491736203432083,
  "avg_change_lines": 0.007576580159366131,
  "avg_response_time": 0.04921230673789978,
  "avg_review_size": 0.07978981733322144,
  "repeat_collaboration_rate": 0.02525077946484089
}