{
  "auc_roc": 0.7200193423597678,
  "auc_pr": 0.8633421398067284,
  "precision": 0.6811594202898551,
  "recall": 1.0,
  "f1_score": 0.8103448275862069,
  "optimal_threshold": 0.1,
  "positive_count": 47,
  "negative_count": 22,
  "total_count": 69,
  "feature_importance": {
    "experience_days": 0.050576657897632334,
    "total_changes": 0.03258431825107323,
    "total_reviews": 0.06478124375276446,
    "recent_activity_frequency": 0.05104675538547899,
    "avg_activity_gap": 0.08916427007936513,
    "activity_trend": 0.009865694209208496,
    "collaboration_score": 0.03251720083318667,
    "code_quality_score": 0.028811369725341065,
    "recent_acceptance_rate": 0.011941662610032242,
    "review_load": 0.032057057956556105,
    "days_since_last_activity": 0.06673381537845478,
    "acceptance_trend": 0.01836145916285454,
    "reciprocity_score": 0.01852853095658395,
    "load_trend": 0.010358684401498886,
    "core_reviewer_ratio": 0.08809986232443176,
    "recent_rejection_streak": 0.012043392535202676,
    "acceptance_rate_last10": 0.013753850180914353,
    "active_months_ratio": 0.04341341938820152,
    "response_time_trend": 0.0257717998138892,
    "complex_pr_bias": 0.02079914303729356,
    "avg_action_intensity": 0.060002128307518714,
    "avg_change_lines": 0.07258477986031095,
    "avg_response_time": 0.08059765474368939,
    "avg_review_size": 0.03446851534694265,
    "repeat_collaboration_rate": 0.031136733861574152
  },
  "pattern": "9-12m \u2192 9-12m"
}