{
  "threshold": 0.2660755515098572,
  "precision": 0.4533799533799534,
  "recall": 0.4703748488512696,
  "f1": 0.4617210681992751,
  "metric": "f1",
  "positive_rate": 0.070490964882373,
  "method": "f1_maximization_on_train_data",
  "train_prediction_stats": {
    "min": 0.07595802843570709,
    "max": 0.7593461275100708,
    "mean": 0.1502777830133341,
    "std": 0.09659321603695473,
    "median": 0.11629828065633774
  }
}