{
  "Naive": {
    "mae": 8.333333333333334,
    "rmse": 16.780969547887754,
    "pearson_r": 0.9581254449366065,
    "spearman_r": 0.7475158666423248,
    "n_dirs": 213.0,
    "danger_precision": 0.2857142857142857,
    "danger_recall": 0.08,
    "danger_f1": 0.125,
    "danger_tp": 2.0,
    "danger_fp": 5.0,
    "danger_fn": 23.0,
    "danger_tn": 183.0
  },
  "Linear": {
    "mae": 5.0373563218390816,
    "rmse": 7.740523807357006,
    "pearson_r": 0.931560712915793,
    "spearman_r": 0.5061701321202089,
    "n_dirs": 232.0,
    "danger_precision": 0.13157894736842105,
    "danger_recall": 0.17857142857142858,
    "danger_f1": 0.15151515151515152,
    "danger_tp": 5.0,
    "danger_fp": 33.0,
    "danger_fn": 23.0,
    "danger_tn": 171.0
  },
  "RF": {
    "mae": 4.060187793427231,
    "rmse": 6.872399311773835,
    "pearson_r": 0.9489299384941391,
    "spearman_r": 0.7551090243466676,
    "n_dirs": 213.0,
    "danger_precision": 0.23076923076923078,
    "danger_recall": 0.12,
    "danger_f1": 0.15789473684210525,
    "danger_tp": 3.0,
    "danger_fp": 10.0,
    "danger_fn": 22.0,
    "danger_tn": 178.0,
    "clf_auc_roc": 0.6678632158220021,
    "clf_auc_pr": 0.4306846649112468,
    "clf_f1": 0.48520710059171596,
    "clf_precision": 0.34349865951742625,
    "clf_recall": 0.8259468170829976,
    "clf_threshold": 0.65,
    "clf_n_pairs": 4534.0,
    "clf_n_pos": 1241.0,
    "clf_n_neg": 3293.0
  },
  "IRL_VariantA": {
    "mae": NaN,
    "rmse": NaN,
    "n_dirs": 0,
    "danger_precision": 0.0,
    "danger_recall": 0.0,
    "danger_f1": 0.0
  },
  "IRL_VariantA_scaled": {
    "mae": NaN,
    "rmse": NaN,
    "n_dirs": 0,
    "danger_precision": 0.0,
    "danger_recall": 0.0,
    "danger_f1": 0.0
  },
  "IRL_VariantB": {
    "mae": NaN,
    "rmse": NaN,
    "n_dirs": 0,
    "danger_precision": 0.0,
    "danger_recall": 0.0,
    "danger_f1": 0.0
  },
  "IRL_Dir": {
    "mae": 6.559218336225102,
    "rmse": 12.177731240393939,
    "pearson_r": 0.9570276400082365,
    "spearman_r": 0.8149090238359017,
    "n_dirs": 213.0,
    "danger_precision": 0.17857142857142858,
    "danger_recall": 1.0,
    "danger_f1": 0.30303030303030304,
    "danger_tp": 25.0,
    "danger_fp": 115.0,
    "danger_fn": 0.0,
    "danger_tn": 73.0,
    "clf_auc_roc": 0.769296848025492,
    "clf_auc_pr": 0.5837243632644609,
    "clf_f1": 0.5760116660590594,
    "clf_precision": 0.525965379494008,
    "clf_recall": 0.636583400483481,
    "clf_threshold": 0.06976135075092316,
    "clf_n_pairs": 4534.0,
    "clf_n_pos": 1241.0,
    "clf_n_neg": 3293.0
  },
  "IRL_Dir_calibrated": {
    "mae": 4.229338008154956,
    "rmse": 7.637791243102372,
    "pearson_r": 0.9743069886144463,
    "spearman_r": 0.8181362663786311,
    "n_dirs": 213.0,
    "danger_precision": 0.25316455696202533,
    "danger_recall": 0.8,
    "danger_f1": 0.38461538461538464,
    "danger_tp": 20.0,
    "danger_fp": 59.0,
    "danger_fn": 5.0,
    "danger_tn": 129.0,
    "clf_auc_roc": 0.7657359529762177,
    "clf_auc_pr": 0.5947392815933478,
    "clf_f1": 0.5759470393527032,
    "clf_precision": 0.5297699594046008,
    "clf_recall": 0.6309427880741337,
    "clf_threshold": 0.2564686640026952,
    "clf_n_pairs": 4534.0,
    "clf_n_pos": 1241.0,
    "clf_n_neg": 3293.0
  },
  "RF_Dir": {
    "mae": 6.3726175610857485,
    "rmse": 12.841716078501246,
    "pearson_r": 0.978342259203388,
    "spearman_r": 0.808946647617931,
    "n_dirs": 213.0,
    "danger_precision": 0.1953125,
    "danger_recall": 1.0,
    "danger_f1": 0.32679738562091504,
    "danger_tp": 25.0,
    "danger_fp": 103.0,
    "danger_fn": 0.0,
    "danger_tn": 85.0,
    "clf_auc_roc": 0.781517726293143,
    "clf_auc_pr": 0.6378772659169105,
    "clf_f1": 0.5911808669656203,
    "clf_precision": 0.551219512195122,
    "clf_recall": 0.637389202256245,
    "clf_threshold": 0.14282037174213794,
    "clf_n_pairs": 4534.0,
    "clf_n_pos": 1241.0,
    "clf_n_neg": 3293.0
  }
}