{
  "Naive": {
    "mae": 8.333333333333334,
    "rmse": 16.780969547887754,
    "pearson_r": 0.9581254449366068,
    "spearman_r": 0.7475158666423248,
    "n_dirs": 213.0,
    "danger_precision": 0.2857142857142857,
    "danger_recall": 0.08,
    "danger_f1": 0.125,
    "danger_tp": 2.0,
    "danger_fp": 5.0,
    "danger_fn": 23.0,
    "danger_tn": 183.0
  },
  "Linear": {
    "mae": 5.0373563218390816,
    "rmse": 7.740523807357006,
    "pearson_r": 0.931560712915793,
    "spearman_r": 0.5061701321202089,
    "n_dirs": 232.0,
    "danger_precision": 0.13157894736842105,
    "danger_recall": 0.17857142857142858,
    "danger_f1": 0.15151515151515152,
    "danger_tp": 5.0,
    "danger_fp": 33.0,
    "danger_fn": 23.0,
    "danger_tn": 171.0
  },
  "RF": {
    "mae": 4.654929577464788,
    "rmse": 8.190170221851973,
    "pearson_r": 0.95252528105221,
    "spearman_r": 0.7640282243566802,
    "n_dirs": 213.0,
    "danger_precision": 0.18181818181818182,
    "danger_recall": 0.08,
    "danger_f1": 0.1111111111111111,
    "danger_tp": 2.0,
    "danger_fp": 9.0,
    "danger_fn": 23.0,
    "danger_tn": 179.0,
    "clf_auc_roc": 0.6657701622345937,
    "clf_auc_pr": 0.36750473939674005,
    "clf_f1": 0.49768875192604006,
    "clf_precision": 0.3652468903128534,
    "clf_recall": 0.7808219178082192,
    "clf_threshold": 0.82,
    "clf_n_pairs": 4534.0,
    "clf_n_pos": 1241.0,
    "clf_n_neg": 3293.0
  },
  "IRL_VariantA": {
    "mae": NaN,
    "rmse": NaN,
    "n_dirs": 0,
    "danger_precision": 0.0,
    "danger_recall": 0.0,
    "danger_f1": 0.0
  },
  "IRL_VariantA_scaled": {
    "mae": NaN,
    "rmse": NaN,
    "n_dirs": 0,
    "danger_precision": 0.0,
    "danger_recall": 0.0,
    "danger_f1": 0.0
  },
  "IRL_VariantB": {
    "mae": NaN,
    "rmse": NaN,
    "n_dirs": 0,
    "danger_precision": 0.0,
    "danger_recall": 0.0,
    "danger_f1": 0.0
  },
  "IRL_Dir": {
    "mae": 6.77860668862574,
    "rmse": 13.304248586362647,
    "pearson_r": 0.9682507208499911,
    "spearman_r": 0.7770068010694244,
    "n_dirs": 213.0,
    "danger_precision": 0.17391304347826086,
    "danger_recall": 0.96,
    "danger_f1": 0.294478527607362,
    "danger_tp": 24.0,
    "danger_fp": 114.0,
    "danger_fn": 1.0,
    "danger_tn": 74.0,
    "clf_auc_roc": 0.741264587569217,
    "clf_auc_pr": 0.519953319136363,
    "clf_f1": 0.5452100840336135,
    "clf_precision": 0.4677047289504037,
    "clf_recall": 0.6535052377115229,
    "clf_threshold": 0.06853776425123215,
    "clf_n_pairs": 4534.0,
    "clf_n_pos": 1241.0,
    "clf_n_neg": 3293.0
  },
  "IRL_Dir_calibrated": {
    "mae": 4.384165204481216,
    "rmse": 8.776879324330359,
    "pearson_r": 0.977376029197031,
    "spearman_r": 0.8032421401956819,
    "n_dirs": 213.0,
    "danger_precision": 0.23076923076923078,
    "danger_recall": 0.6,
    "danger_f1": 0.33333333333333337,
    "danger_tp": 15.0,
    "danger_fp": 50.0,
    "danger_fn": 10.0,
    "danger_tn": 138.0,
    "clf_auc_roc": 0.7407140093764689,
    "clf_auc_pr": 0.5344199491450745,
    "clf_f1": 0.5450888367415354,
    "clf_precision": 0.46670493685419057,
    "clf_recall": 0.6551168412570507,
    "clf_threshold": 0.24348448202340023,
    "clf_n_pairs": 4534.0,
    "clf_n_pos": 1241.0,
    "clf_n_neg": 3293.0
  },
  "RF_Dir": {
    "mae": 4.91633537306984,
    "rmse": 10.080694547556805,
    "pearson_r": 0.9708249315311102,
    "spearman_r": 0.7808294971075496,
    "n_dirs": 213.0,
    "danger_precision": 0.21978021978021978,
    "danger_recall": 0.8,
    "danger_f1": 0.3448275862068966,
    "danger_tp": 20.0,
    "danger_fp": 71.0,
    "danger_fn": 5.0,
    "danger_tn": 117.0,
    "clf_auc_roc": 0.7991664490863216,
    "clf_auc_pr": 0.6413056612557626,
    "clf_f1": 0.6218762802130274,
    "clf_precision": 0.6325,
    "clf_recall": 0.6116035455278002,
    "clf_threshold": 0.3023744418875666,
    "clf_n_pairs": 4534.0,
    "clf_n_pos": 1241.0,
    "clf_n_neg": 3293.0
  }
}