{
  "Naive": {
    "mae": 6.955,
    "rmse": 13.079946483070946,
    "pearson_r": 0.9656479238546105,
    "spearman_r": 0.729611671419977,
    "n_dirs": 200.0,
    "danger_precision": 0.4,
    "danger_recall": 0.25,
    "danger_f1": 0.3076923076923077,
    "danger_tp": 4.0,
    "danger_fp": 6.0,
    "danger_fn": 12.0,
    "danger_tn": 178.0
  },
  "Linear": {
    "mae": 5.516975308641976,
    "rmse": 7.669718930793113,
    "pearson_r": 0.9282531626692281,
    "spearman_r": 0.5285139971746808,
    "n_dirs": 216.0,
    "danger_precision": 0.2,
    "danger_recall": 0.5,
    "danger_f1": 0.28571428571428575,
    "danger_tp": 8.0,
    "danger_fp": 32.0,
    "danger_fn": 8.0,
    "danger_tn": 168.0
  },
  "RF": {
    "mae": 3.8169,
    "rmse": 5.791781936502789,
    "pearson_r": 0.964648908228906,
    "spearman_r": 0.7512906385880752,
    "n_dirs": 200.0,
    "danger_precision": 0.3076923076923077,
    "danger_recall": 0.25,
    "danger_f1": 0.27586206896551724,
    "danger_tp": 4.0,
    "danger_fp": 9.0,
    "danger_fn": 12.0,
    "danger_tn": 175.0,
    "clf_auc_roc": 0.666870526584867,
    "clf_auc_pr": 0.4944700371446888,
    "clf_f1": 0.5675993416411944,
    "clf_precision": 0.4549566528458349,
    "clf_recall": 0.754375,
    "clf_threshold": 0.82,
    "clf_n_pairs": 4534.0,
    "clf_n_pos": 1600.0,
    "clf_n_neg": 2934.0
  },
  "IRL_VariantA": {
    "mae": NaN,
    "rmse": NaN,
    "n_dirs": 0,
    "danger_precision": 0.0,
    "danger_recall": 0.0,
    "danger_f1": 0.0
  },
  "IRL_VariantA_scaled": {
    "mae": NaN,
    "rmse": NaN,
    "n_dirs": 0,
    "danger_precision": 0.0,
    "danger_recall": 0.0,
    "danger_f1": 0.0
  },
  "IRL_VariantB": {
    "mae": NaN,
    "rmse": NaN,
    "n_dirs": 0,
    "danger_precision": 0.0,
    "danger_recall": 0.0,
    "danger_f1": 0.0
  },
  "IRL_Dir": {
    "mae": 9.815336817234765,
    "rmse": 18.500545207177677,
    "pearson_r": 0.9472673544638777,
    "spearman_r": 0.731750202666735,
    "n_dirs": 200.0,
    "danger_precision": 0.125,
    "danger_recall": 1.0,
    "danger_f1": 0.2222222222222222,
    "danger_tp": 16.0,
    "danger_fp": 112.0,
    "danger_fn": 0.0,
    "danger_tn": 72.0,
    "clf_auc_roc": 0.7183107532379005,
    "clf_auc_pr": 0.6169217232275576,
    "clf_f1": 0.5823774765380605,
    "clf_precision": 0.4995527728085868,
    "clf_recall": 0.698125,
    "clf_threshold": 0.03821899741888046,
    "clf_n_pairs": 4534.0,
    "clf_n_pos": 1600.0,
    "clf_n_neg": 2934.0
  },
  "IRL_Dir_calibrated": {
    "mae": 6.051972690318462,
    "rmse": 10.94053894429583,
    "pearson_r": 0.9734567730993562,
    "spearman_r": 0.7625478092573132,
    "n_dirs": 200.0,
    "danger_precision": 0.2702702702702703,
    "danger_recall": 0.625,
    "danger_f1": 0.3773584905660377,
    "danger_tp": 10.0,
    "danger_fp": 27.0,
    "danger_fn": 6.0,
    "danger_tn": 157.0,
    "clf_auc_roc": 0.7193238752556238,
    "clf_auc_pr": 0.619542055265019,
    "clf_f1": 0.5810286895838718,
    "clf_precision": 0.49537241075363597,
    "clf_recall": 0.7025,
    "clf_threshold": 0.3114754098360656,
    "clf_n_pairs": 4534.0,
    "clf_n_pos": 1600.0,
    "clf_n_neg": 2934.0
  },
  "RF_Dir": {
    "mae": 7.670846196210655,
    "rmse": 14.598753931690592,
    "pearson_r": 0.9765689603646815,
    "spearman_r": 0.7653434648165895,
    "n_dirs": 200.0,
    "danger_precision": 0.16455696202531644,
    "danger_recall": 0.8125,
    "danger_f1": 0.27368421052631575,
    "danger_tp": 13.0,
    "danger_fp": 66.0,
    "danger_fn": 3.0,
    "danger_tn": 118.0,
    "clf_auc_roc": 0.7884745654396728,
    "clf_auc_pr": 0.7259298524782443,
    "clf_f1": 0.6349822179114128,
    "clf_precision": 0.6577361018084393,
    "clf_recall": 0.61375,
    "clf_threshold": 0.26849862888482634,
    "clf_n_pairs": 4534.0,
    "clf_n_pos": 1600.0,
    "clf_n_neg": 2934.0
  }
}