{
  "Naive": {
    "mae": 8.8,
    "rmse": 15.46509717943055,
    "pearson_r": 0.9519592319978465,
    "spearman_r": 0.7411160389668063,
    "n_dirs": 130.0,
    "danger_precision": 1.0,
    "danger_recall": 0.4,
    "danger_f1": 0.5714285714285715,
    "danger_tp": 2.0,
    "danger_fp": 0.0,
    "danger_fn": 3.0,
    "danger_tn": 125.0
  },
  "Linear": {
    "mae": 5.912751677852349,
    "rmse": 8.408519879400117,
    "pearson_r": 0.8920491286337132,
    "spearman_r": 0.5688522984421412,
    "n_dirs": 149.0,
    "danger_precision": 0.21052631578947367,
    "danger_recall": 0.6666666666666666,
    "danger_f1": 0.32,
    "danger_tp": 4.0,
    "danger_fp": 15.0,
    "danger_fn": 2.0,
    "danger_tn": 128.0
  },
  "RF": {
    "mae": 5.251692307692308,
    "rmse": 7.535451596900531,
    "pearson_r": 0.9515299495773706,
    "spearman_r": 0.7359860843343551,
    "n_dirs": 130.0,
    "danger_precision": 1.0,
    "danger_recall": 0.4,
    "danger_f1": 0.5714285714285715,
    "danger_tp": 2.0,
    "danger_fp": 0.0,
    "danger_fn": 3.0,
    "danger_tn": 125.0,
    "clf_auc_roc": 0.6392829620087186,
    "clf_auc_pr": 0.5768450928243405,
    "clf_f1": 0.6087229369312833,
    "clf_precision": 0.4727095516569201,
    "clf_recall": 0.8546255506607929,
    "clf_threshold": 0.9,
    "clf_n_pairs": 3050.0,
    "clf_n_pos": 1135.0,
    "clf_n_neg": 1915.0
  },
  "IRL_VariantA": {
    "mae": NaN,
    "rmse": NaN,
    "n_dirs": 0,
    "danger_precision": 0.0,
    "danger_recall": 0.0,
    "danger_f1": 0.0
  },
  "IRL_VariantA_scaled": {
    "mae": NaN,
    "rmse": NaN,
    "n_dirs": 0,
    "danger_precision": 0.0,
    "danger_recall": 0.0,
    "danger_f1": 0.0
  },
  "IRL_VariantB": {
    "mae": NaN,
    "rmse": NaN,
    "n_dirs": 0,
    "danger_precision": 0.0,
    "danger_recall": 0.0,
    "danger_f1": 0.0
  },
  "IRL_Dir": {
    "mae": 6.475637820678261,
    "rmse": 10.502685777503714,
    "pearson_r": 0.965136794258773,
    "spearman_r": 0.7621789414423915,
    "n_dirs": 130.0,
    "danger_precision": 0.16666666666666666,
    "danger_recall": 0.8,
    "danger_f1": 0.27586206896551724,
    "danger_tp": 4.0,
    "danger_fp": 20.0,
    "danger_fn": 1.0,
    "danger_tn": 105.0,
    "clf_auc_roc": 0.8096030641469503,
    "clf_auc_pr": 0.742165468142694,
    "clf_f1": 0.6848351648351648,
    "clf_precision": 0.6833333333333333,
    "clf_recall": 0.6863436123348018,
    "clf_threshold": 0.33327680826187134,
    "clf_n_pairs": 3050.0,
    "clf_n_pos": 1135.0,
    "clf_n_neg": 1915.0
  },
  "RF_Dir": {
    "mae": 7.0508204321145005,
    "rmse": 11.432826937951853,
    "pearson_r": 0.9626166184421553,
    "spearman_r": 0.7499627411842418,
    "n_dirs": 130.0,
    "danger_precision": 0.13333333333333333,
    "danger_recall": 0.8,
    "danger_f1": 0.2285714285714286,
    "danger_tp": 4.0,
    "danger_fp": 26.0,
    "danger_fn": 1.0,
    "danger_tn": 99.0,
    "clf_auc_roc": 0.785417006935738,
    "clf_auc_pr": 0.7104634677052666,
    "clf_f1": 0.6516478931998331,
    "clf_precision": 0.6188589540412044,
    "clf_recall": 0.6881057268722467,
    "clf_threshold": 0.235411865130175,
    "clf_n_pairs": 3050.0,
    "clf_n_pos": 1135.0,
    "clf_n_neg": 1915.0
  }
}