{
  "experience_days": 0.024284131824970245,
  "total_changes": 0.009119954891502857,
  "total_reviews": 0.02607882209122181,
  "recent_activity_frequency": 0.03971405699849129,
  "avg_activity_gap": 0.023524707183241844,
  "activity_trend": 0.07017459720373154,
  "collaboration_score": 0.03682182729244232,
  "code_quality_score": 0.02054540440440178,
  "recent_acceptance_rate": 0.04201539233326912,
  "review_load": 0.045294325798749924,
  "days_since_last_activity": 0.03211499750614166,
  "acceptance_trend": 0.04133053869009018,
  "reciprocity_score": 0.03207122161984444,
  "load_trend": 0.022450445219874382,
  "core_reviewer_ratio": 0.025323865935206413,
  "recent_rejection_streak": 0.03192726522684097,
  "acceptance_rate_last10": 0.020836712792515755,
  "active_months_ratio": 0.021937433630228043,
  "response_time_trend": 0.026173081248998642,
  "complex_pr_bias": 0.019230177626013756,
  "avg_action_intensity": 0.10620715469121933,
  "avg_change_lines": 0.07227963954210281,
  "avg_response_time": 0.0250775758177042,
  "avg_review_size": 0.1063183918595314,
  "repeat_collaboration_rate": 0.07914822548627853
}