{
  "Naive": {
    "mae": 7.558139534883721,
    "rmse": 15.490282024847136,
    "pearson_r": 0.962049899825405,
    "spearman_r": 0.7870040536792128,
    "n_dirs": 215.0,
    "danger_precision": 0.6153846153846154,
    "danger_recall": 0.3333333333333333,
    "danger_f1": 0.43243243243243246,
    "danger_tp": 8.0,
    "danger_fp": 5.0,
    "danger_fn": 16.0,
    "danger_tn": 186.0
  },
  "Linear": {
    "mae": 5.266949152542373,
    "rmse": 7.901017837122225,
    "pearson_r": 0.9201963140457217,
    "spearman_r": 0.5588230131913129,
    "n_dirs": 236.0,
    "danger_precision": 0.2765957446808511,
    "danger_recall": 0.5,
    "danger_f1": 0.3561643835616438,
    "danger_tp": 13.0,
    "danger_fp": 34.0,
    "danger_fn": 13.0,
    "danger_tn": 176.0
  },
  "RF": {
    "mae": 5.244093023255814,
    "rmse": 8.894603328541022,
    "pearson_r": 0.9562256369191467,
    "spearman_r": 0.7854048612246503,
    "n_dirs": 215.0,
    "danger_precision": 0.5714285714285714,
    "danger_recall": 0.3333333333333333,
    "danger_f1": 0.4210526315789474,
    "danger_tp": 8.0,
    "danger_fp": 6.0,
    "danger_fn": 16.0,
    "danger_tn": 185.0,
    "clf_auc_roc": 0.671362688120014,
    "clf_auc_pr": 0.5948550643619326,
    "clf_f1": 0.5627894306728412,
    "clf_precision": 0.4706150341685649,
    "clf_recall": 0.6998644986449865,
    "clf_threshold": 0.99,
    "clf_n_pairs": 4534.0,
    "clf_n_pos": 1476.0,
    "clf_n_neg": 3058.0
  },
  "IRL_VariantA": {
    "mae": NaN,
    "rmse": NaN,
    "n_dirs": 0,
    "danger_precision": 0.0,
    "danger_recall": 0.0,
    "danger_f1": 0.0
  },
  "IRL_VariantA_scaled": {
    "mae": NaN,
    "rmse": NaN,
    "n_dirs": 0,
    "danger_precision": 0.0,
    "danger_recall": 0.0,
    "danger_f1": 0.0
  },
  "IRL_VariantB": {
    "mae": NaN,
    "rmse": NaN,
    "n_dirs": 0,
    "danger_precision": 0.0,
    "danger_recall": 0.0,
    "danger_f1": 0.0
  },
  "IRL_Dir": {
    "mae": 7.2982273763007175,
    "rmse": 13.529808630021067,
    "pearson_r": 0.9625953687772533,
    "spearman_r": 0.7475882871695723,
    "n_dirs": 215.0,
    "danger_precision": 0.1746031746031746,
    "danger_recall": 0.9166666666666666,
    "danger_f1": 0.29333333333333333,
    "danger_tp": 22.0,
    "danger_fp": 104.0,
    "danger_fn": 2.0,
    "danger_tn": 87.0,
    "clf_auc_roc": 0.7670698252927592,
    "clf_auc_pr": 0.6570799401007329,
    "clf_f1": 0.6104321907600596,
    "clf_precision": 0.5449707291112293,
    "clf_recall": 0.6937669376693767,
    "clf_threshold": 0.08112035691738129,
    "clf_n_pairs": 4534.0,
    "clf_n_pos": 1476.0,
    "clf_n_neg": 3058.0
  },
  "IRL_Dir_calibrated": {
    "mae": 4.747098180848412,
    "rmse": 8.30196264657565,
    "pearson_r": 0.9721321003587676,
    "spearman_r": 0.7871021376194919,
    "n_dirs": 215.0,
    "danger_precision": 0.3448275862068966,
    "danger_recall": 0.8333333333333334,
    "danger_f1": 0.4878048780487806,
    "danger_tp": 20.0,
    "danger_fp": 38.0,
    "danger_fn": 4.0,
    "danger_tn": 153.0,
    "clf_auc_roc": 0.7672120618361188,
    "clf_auc_pr": 0.6607919675100862,
    "clf_f1": 0.6099033816425121,
    "clf_precision": 0.5501089324618736,
    "clf_recall": 0.6842818428184282,
    "clf_threshold": 0.37893115588839066,
    "clf_n_pairs": 4534.0,
    "clf_n_pos": 1476.0,
    "clf_n_neg": 3058.0
  },
  "RF_Dir": {
    "mae": 5.785172538457804,
    "rmse": 10.468654366825048,
    "pearson_r": 0.9687387158524123,
    "spearman_r": 0.7820609888708084,
    "n_dirs": 215.0,
    "danger_precision": 0.2682926829268293,
    "danger_recall": 0.9166666666666666,
    "danger_f1": 0.4150943396226415,
    "danger_tp": 22.0,
    "danger_fp": 60.0,
    "danger_fn": 2.0,
    "danger_tn": 131.0,
    "clf_auc_roc": 0.7748704584004636,
    "clf_auc_pr": 0.6686354249404314,
    "clf_f1": 0.6147757255936676,
    "clf_precision": 0.5989717223650386,
    "clf_recall": 0.6314363143631436,
    "clf_threshold": 0.25294134532060486,
    "clf_n_pairs": 4534.0,
    "clf_n_pos": 1476.0,
    "clf_n_neg": 3058.0
  }
}