{
  "Naive": {
    "mae": 9.747967479674797,
    "rmse": 16.321714799117764,
    "pearson_r": 0.9563737681582575,
    "spearman_r": 0.7635117006378804,
    "n_dirs": 123.0,
    "danger_precision": 0.0,
    "danger_recall": 0.0,
    "danger_f1": 0.0,
    "danger_tp": 0.0,
    "danger_fp": 1.0,
    "danger_fn": 4.0,
    "danger_tn": 118.0
  },
  "Linear": {
    "mae": 5.566416040100251,
    "rmse": 7.389565675250392,
    "pearson_r": 0.9276541080731555,
    "spearman_r": 0.6351054974590391,
    "n_dirs": 133.0,
    "danger_precision": 0.0,
    "danger_recall": 0.0,
    "danger_f1": 0.0,
    "danger_tp": 0.0,
    "danger_fp": 16.0,
    "danger_fn": 5.0,
    "danger_tn": 112.0
  },
  "RF": {
    "mae": 5.129837398373982,
    "rmse": 7.775732574694858,
    "pearson_r": 0.9497658034060947,
    "spearman_r": 0.7819436905455971,
    "n_dirs": 123.0,
    "danger_precision": 0.0,
    "danger_recall": 0.0,
    "danger_f1": 0.0,
    "danger_tp": 0.0,
    "danger_fp": 1.0,
    "danger_fn": 4.0,
    "danger_tn": 118.0,
    "clf_auc_roc": 0.6551933194497725,
    "clf_auc_pr": 0.4153035127961809,
    "clf_f1": 0.5533249686323714,
    "clf_precision": 0.40200546946216953,
    "clf_recall": 0.8873239436619719,
    "clf_threshold": 0.75,
    "clf_n_pairs": 3050.0,
    "clf_n_pos": 994.0,
    "clf_n_neg": 2056.0
  },
  "IRL_VariantA": {
    "mae": NaN,
    "rmse": NaN,
    "n_dirs": 0,
    "danger_precision": 0.0,
    "danger_recall": 0.0,
    "danger_f1": 0.0
  },
  "IRL_VariantA_scaled": {
    "mae": NaN,
    "rmse": NaN,
    "n_dirs": 0,
    "danger_precision": 0.0,
    "danger_recall": 0.0,
    "danger_f1": 0.0
  },
  "IRL_VariantB": {
    "mae": NaN,
    "rmse": NaN,
    "n_dirs": 0,
    "danger_precision": 0.0,
    "danger_recall": 0.0,
    "danger_f1": 0.0
  },
  "IRL_Dir": {
    "mae": 6.617567572545836,
    "rmse": 11.0827298010907,
    "pearson_r": 0.9458297838416627,
    "spearman_r": 0.7656252091230542,
    "n_dirs": 123.0,
    "danger_precision": 0.08333333333333333,
    "danger_recall": 0.75,
    "danger_f1": 0.15,
    "danger_tp": 3.0,
    "danger_fp": 33.0,
    "danger_fn": 1.0,
    "danger_tn": 86.0,
    "clf_auc_roc": 0.7305995506110594,
    "clf_auc_pr": 0.5630772636845872,
    "clf_f1": 0.6190285026093938,
    "clf_precision": 0.5150300601202404,
    "clf_recall": 0.7756539235412475,
    "clf_threshold": 0.016467973589897156,
    "clf_n_pairs": 3050.0,
    "clf_n_pos": 994.0,
    "clf_n_neg": 2056.0
  },
  "RF_Dir": {
    "mae": 6.163639055422858,
    "rmse": 10.929637766468556,
    "pearson_r": 0.9655116988349353,
    "spearman_r": 0.7956460823014295,
    "n_dirs": 123.0,
    "danger_precision": 0.08,
    "danger_recall": 0.5,
    "danger_f1": 0.13793103448275865,
    "danger_tp": 2.0,
    "danger_fp": 23.0,
    "danger_fn": 2.0,
    "danger_tn": 96.0,
    "clf_auc_roc": 0.8103237616359638,
    "clf_auc_pr": 0.7010959417012721,
    "clf_f1": 0.6622458001768347,
    "clf_precision": 0.5906940063091483,
    "clf_recall": 0.7535211267605634,
    "clf_threshold": 0.26764843512789577,
    "clf_n_pairs": 3050.0,
    "clf_n_pos": 994.0,
    "clf_n_neg": 2056.0
  }
}