{
  "Naive": {
    "mae": 8.8,
    "rmse": 15.46509717943055,
    "pearson_r": 0.9519592319978465,
    "spearman_r": 0.7411160389668063,
    "n_dirs": 130.0,
    "danger_precision": 1.0,
    "danger_recall": 0.4,
    "danger_f1": 0.5714285714285715,
    "danger_tp": 2.0,
    "danger_fp": 0.0,
    "danger_fn": 3.0,
    "danger_tn": 125.0
  },
  "Linear": {
    "mae": 5.912751677852349,
    "rmse": 8.408519879400117,
    "pearson_r": 0.8920491286337132,
    "spearman_r": 0.5688522984421412,
    "n_dirs": 149.0,
    "danger_precision": 0.21052631578947367,
    "danger_recall": 0.6666666666666666,
    "danger_f1": 0.32,
    "danger_tp": 4.0,
    "danger_fp": 15.0,
    "danger_fn": 2.0,
    "danger_tn": 128.0
  },
  "RF": {
    "mae": 4.851538461538462,
    "rmse": 7.088540915286608,
    "pearson_r": 0.9500076398144347,
    "spearman_r": 0.7379698322727334,
    "n_dirs": 130.0,
    "danger_precision": 1.0,
    "danger_recall": 0.4,
    "danger_f1": 0.5714285714285715,
    "danger_tp": 2.0,
    "danger_fp": 0.0,
    "danger_fn": 3.0,
    "danger_tn": 125.0,
    "clf_auc_roc": 0.6378083987991857,
    "clf_auc_pr": 0.44384406367859014,
    "clf_f1": 0.5910014513788099,
    "clf_precision": 0.4406926406926407,
    "clf_recall": 0.8969162995594714,
    "clf_threshold": 0.69,
    "clf_n_pairs": 3050.0,
    "clf_n_pos": 1135.0,
    "clf_n_neg": 1915.0
  },
  "IRL_VariantA": {
    "mae": NaN,
    "rmse": NaN,
    "n_dirs": 0,
    "danger_precision": 0.0,
    "danger_recall": 0.0,
    "danger_f1": 0.0
  },
  "IRL_VariantA_scaled": {
    "mae": NaN,
    "rmse": NaN,
    "n_dirs": 0,
    "danger_precision": 0.0,
    "danger_recall": 0.0,
    "danger_f1": 0.0
  },
  "IRL_VariantB": {
    "mae": NaN,
    "rmse": NaN,
    "n_dirs": 0,
    "danger_precision": 0.0,
    "danger_recall": 0.0,
    "danger_f1": 0.0
  },
  "IRL_Dir": {
    "mae": 5.320083111983079,
    "rmse": 8.458527692701482,
    "pearson_r": 0.9655906235655639,
    "spearman_r": 0.7898999139091508,
    "n_dirs": 130.0,
    "danger_precision": 0.3076923076923077,
    "danger_recall": 0.8,
    "danger_f1": 0.4444444444444444,
    "danger_tp": 4.0,
    "danger_fp": 9.0,
    "danger_fn": 1.0,
    "danger_tn": 116.0,
    "clf_auc_roc": 0.7841982493875157,
    "clf_auc_pr": 0.7089861622774691,
    "clf_f1": 0.6591853699085619,
    "clf_precision": 0.6239181746656176,
    "clf_recall": 0.6986784140969163,
    "clf_threshold": 0.3599945902824402,
    "clf_n_pairs": 3050.0,
    "clf_n_pos": 1135.0,
    "clf_n_neg": 1915.0
  },
  "RF_Dir": {
    "mae": 6.925271213537179,
    "rmse": 11.419211897861988,
    "pearson_r": 0.9612652066225226,
    "spearman_r": 0.7437677353767267,
    "n_dirs": 130.0,
    "danger_precision": 0.12903225806451613,
    "danger_recall": 0.8,
    "danger_f1": 0.2222222222222222,
    "danger_tp": 4.0,
    "danger_fp": 27.0,
    "danger_fn": 1.0,
    "danger_tn": 98.0,
    "clf_auc_roc": 0.7835582751521146,
    "clf_auc_pr": 0.7074640761592312,
    "clf_f1": 0.6566068515497553,
    "clf_precision": 0.6112376613515565,
    "clf_recall": 0.7092511013215859,
    "clf_threshold": 0.2519911762862375,
    "clf_n_pairs": 3050.0,
    "clf_n_pos": 1135.0,
    "clf_n_neg": 1915.0
  }
}