{
  "feature_importance": {
    "window_tenure_days": 0.018642479670618977,
    "total_changes": 0.013010559942371278,
    "total_reviews": 0.030807621510839246,
    "recent_activity_frequency": 0.019569673617392102,
    "avg_activity_gap": 0.0236373796715751,
    "activity_trend": 0.01773392950850445,
    "unique_collaborator_count": 0.013331623556234325,
    "overall_acceptance_rate": 0.01684604181257568,
    "recent_acceptance_rate": 0.01015579138579538,
    "recent_load_ratio_30d_all": 0.022531691627471727,
    "days_since_last_activity": 0.03359736757221898,
    "reciprocity_score": 0.015153945833409923,
    "recent_load_ratio_7d_30d": 0.009676721514305904,
    "core_reviewer_ratio": 0.044258469200837584,
    "acceptance_rate_last10": 0.010194123648550055,
    "active_months_ratio": 0.015356292099159383,
    "response_time_trend": 0.017291555035408013,
    "reviewer_owner_ratio": 0.013007818859796993,
    "n_projects": 0.008062908277446055,
    "cross_project_review_share": 0.012366312464864571,
    "same_domain_share": 0.01370333407367301,
    "path_review_count": 0.17297354932879075,
    "path_recency": 0.15507099011195521,
    "path_acceptance_rate": 0.0560765206979425,
    "path_lcp_similarity": 0.0,
    "path_owner_overlap": 0.12635040955063417,
    "avg_action_intensity": 0.021385323154061827,
    "avg_change_lines": 0.02386601290929117,
    "avg_response_time": 0.02420934865019773,
    "avg_review_size": 0.019956404882811443,
    "repeat_collaboration_rate": 0.021175799831266363
  }
}