{
  "Naive": {
    "mae": 8.333333333333334,
    "rmse": 16.780969547887754,
    "pearson_r": 0.9581254449366066,
    "spearman_r": 0.7475158666423248,
    "n_dirs": 213.0,
    "danger_precision": 0.2857142857142857,
    "danger_recall": 0.08,
    "danger_f1": 0.125,
    "danger_tp": 2.0,
    "danger_fp": 5.0,
    "danger_fn": 23.0,
    "danger_tn": 183.0
  },
  "Linear": {
    "mae": 5.037356321839081,
    "rmse": 7.740523807357006,
    "pearson_r": 0.9315607129157931,
    "spearman_r": 0.5061701321202089,
    "n_dirs": 232.0,
    "danger_precision": 0.13157894736842105,
    "danger_recall": 0.17857142857142858,
    "danger_f1": 0.15151515151515152,
    "danger_tp": 5.0,
    "danger_fp": 33.0,
    "danger_fn": 23.0,
    "danger_tn": 171.0
  },
  "RF": {
    "mae": 5.596948356807512,
    "rmse": 10.344603342316184,
    "pearson_r": 0.943187991880126,
    "spearman_r": 0.7629247369050551,
    "n_dirs": 213.0,
    "danger_precision": 0.3333333333333333,
    "danger_recall": 0.12,
    "danger_f1": 0.1764705882352941,
    "danger_tp": 3.0,
    "danger_fp": 6.0,
    "danger_fn": 22.0,
    "danger_tn": 182.0,
    "clf_auc_roc": 0.6616469433244596,
    "clf_auc_pr": 0.5434350570954926,
    "clf_f1": 0.5129887886245557,
    "clf_precision": 0.3882450331125828,
    "clf_recall": 0.7558420628525383,
    "clf_threshold": 0.97,
    "clf_n_pairs": 4534.0,
    "clf_n_pos": 1241.0,
    "clf_n_neg": 3293.0
  },
  "IRL_VariantA": {
    "mae": NaN,
    "rmse": NaN,
    "n_dirs": 0,
    "danger_precision": 0.0,
    "danger_recall": 0.0,
    "danger_f1": 0.0
  },
  "IRL_VariantA_scaled": {
    "mae": NaN,
    "rmse": NaN,
    "n_dirs": 0,
    "danger_precision": 0.0,
    "danger_recall": 0.0,
    "danger_f1": 0.0
  },
  "IRL_VariantB": {
    "mae": NaN,
    "rmse": NaN,
    "n_dirs": 0,
    "danger_precision": 0.0,
    "danger_recall": 0.0,
    "danger_f1": 0.0
  },
  "IRL_Dir": {
    "mae": 5.583484385827965,
    "rmse": 11.215350442680007,
    "pearson_r": 0.9725597608393767,
    "spearman_r": 0.8141541967940175,
    "n_dirs": 213.0,
    "danger_precision": 0.2222222222222222,
    "danger_recall": 0.96,
    "danger_f1": 0.3609022556390977,
    "danger_tp": 24.0,
    "danger_fp": 84.0,
    "danger_fn": 1.0,
    "danger_tn": 104.0,
    "clf_auc_roc": 0.7914874738567121,
    "clf_auc_pr": 0.6233926087888156,
    "clf_f1": 0.600596619158104,
    "clf_precision": 0.5101351351351351,
    "clf_recall": 0.7300564061240935,
    "clf_threshold": 0.08388333022594452,
    "clf_n_pairs": 4534.0,
    "clf_n_pos": 1241.0,
    "clf_n_neg": 3293.0
  },
  "IRL_Dir_calibrated": {
    "mae": 4.387846133469106,
    "rmse": 8.787870997362859,
    "pearson_r": 0.973958374715208,
    "spearman_r": 0.8178173575955597,
    "n_dirs": 213.0,
    "danger_precision": 0.25757575757575757,
    "danger_recall": 0.68,
    "danger_f1": 0.37362637362637363,
    "danger_tp": 17.0,
    "danger_fp": 49.0,
    "danger_fn": 8.0,
    "danger_tn": 139.0,
    "clf_auc_roc": 0.7933141699495401,
    "clf_auc_pr": 0.6406285849954614,
    "clf_f1": 0.5971755211835911,
    "clf_precision": 0.5124062319676861,
    "clf_recall": 0.7155519742143432,
    "clf_threshold": 0.3333333333333333,
    "clf_n_pairs": 4534.0,
    "clf_n_pos": 1241.0,
    "clf_n_neg": 3293.0
  },
  "RF_Dir": {
    "mae": 4.822549679500376,
    "rmse": 9.525311240245768,
    "pearson_r": 0.9704922368687543,
    "spearman_r": 0.8094117557403897,
    "n_dirs": 213.0,
    "danger_precision": 0.23333333333333334,
    "danger_recall": 0.84,
    "danger_f1": 0.3652173913043479,
    "danger_tp": 21.0,
    "danger_fp": 69.0,
    "danger_fn": 4.0,
    "danger_tn": 119.0,
    "clf_auc_roc": 0.7939558994208651,
    "clf_auc_pr": 0.6553783580181816,
    "clf_f1": 0.6064924782264449,
    "clf_precision": 0.5961089494163424,
    "clf_recall": 0.6172441579371475,
    "clf_threshold": 0.29635998603351954,
    "clf_n_pairs": 4534.0,
    "clf_n_pos": 1241.0,
    "clf_n_neg": 3293.0
  }
}