{
  "training_losses": [
    2.5230855314355147,
    2.4209222103420056,
    2.364245144944442,
    2.3156169464713647,
    2.2970246986338965,
    2.2614554166793823,
    2.222618413598914,
    2.2253091743117883,
    2.1757869657717253,
    2.1705407876717415
  ],
  "val_losses": [
    2.4115230560302736,
    2.3684792280197144,
    2.3158079504966738,
    2.3018646001815797,
    2.275429391860962,
    2.2835212349891663,
    2.2951553106307983,
    2.28606231212616,
    2.3005217790603636,
    2.284317421913147
  ],
  "best_val_loss": 2.275429391860962,
  "best_epoch": 4,
  "epochs_trained": 10
}