{
  "Naive": {
    "mae": 7.366412213740458,
    "rmse": 11.267395372191501,
    "pearson_r": 0.9474609268561346,
    "spearman_r": 0.7012707715974861,
    "n_dirs": 131.0,
    "danger_precision": 0.0,
    "danger_recall": 0.0,
    "danger_f1": 0.0,
    "danger_tp": 0.0,
    "danger_fp": 1.0,
    "danger_fn": 8.0,
    "danger_tn": 122.0
  },
  "Linear": {
    "mae": 7.456876456876458,
    "rmse": 10.261423599911192,
    "pearson_r": 0.883694324122182,
    "spearman_r": 0.49052406816548294,
    "n_dirs": 143.0,
    "danger_precision": 0.0625,
    "danger_recall": 0.1111111111111111,
    "danger_f1": 0.08,
    "danger_tp": 1.0,
    "danger_fp": 15.0,
    "danger_fn": 8.0,
    "danger_tn": 119.0
  },
  "RF": {
    "mae": 5.410687022900763,
    "rmse": 7.162688842214332,
    "pearson_r": 0.9459592456156127,
    "spearman_r": 0.7161527712840638,
    "n_dirs": 131.0,
    "danger_precision": 0.0,
    "danger_recall": 0.0,
    "danger_f1": 0.0,
    "danger_tp": 0.0,
    "danger_fp": 1.0,
    "danger_fn": 8.0,
    "danger_tn": 122.0,
    "clf_auc_roc": 0.6562815916457359,
    "clf_auc_pr": 0.6566714523595223,
    "clf_f1": 0.676590776415645,
    "clf_precision": 0.5648148148148148,
    "clf_recall": 0.8435225618631732,
    "clf_threshold": 0.9,
    "clf_n_pairs": 3050.0,
    "clf_n_pos": 1374.0,
    "clf_n_neg": 1676.0
  },
  "IRL_VariantA": {
    "mae": NaN,
    "rmse": NaN,
    "n_dirs": 0,
    "danger_precision": 0.0,
    "danger_recall": 0.0,
    "danger_f1": 0.0
  },
  "IRL_VariantA_scaled": {
    "mae": NaN,
    "rmse": NaN,
    "n_dirs": 0,
    "danger_precision": 0.0,
    "danger_recall": 0.0,
    "danger_f1": 0.0
  },
  "IRL_VariantB": {
    "mae": NaN,
    "rmse": NaN,
    "n_dirs": 0,
    "danger_precision": 0.0,
    "danger_recall": 0.0,
    "danger_f1": 0.0
  },
  "IRL_Dir": {
    "mae": 5.846910377153914,
    "rmse": 7.790652470527902,
    "pearson_r": 0.9428204476817549,
    "spearman_r": 0.6764569834878432,
    "n_dirs": 131.0,
    "danger_precision": 0.0,
    "danger_recall": 0.0,
    "danger_f1": 0.0,
    "danger_tp": 0.0,
    "danger_fp": 4.0,
    "danger_fn": 8.0,
    "danger_tn": 119.0,
    "clf_auc_roc": 0.579569693558865,
    "clf_auc_pr": 0.4756096791696986,
    "clf_f1": 0.6484676796291527,
    "clf_precision": 0.5017935432443205,
    "clf_recall": 0.9163027656477438,
    "clf_threshold": 0.3093824088573456,
    "clf_n_pairs": 3050.0,
    "clf_n_pos": 1374.0,
    "clf_n_neg": 1676.0
  },
  "IRL_Dir_calibrated": {
    "mae": 8.011051097004268,
    "rmse": 13.02944817744118,
    "pearson_r": 0.9501084923476617,
    "spearman_r": 0.7096849676832153,
    "n_dirs": 131.0,
    "danger_precision": 0.1111111111111111,
    "danger_recall": 0.125,
    "danger_f1": 0.11764705882352941,
    "danger_tp": 1.0,
    "danger_fp": 8.0,
    "danger_fn": 7.0,
    "danger_tn": 115.0,
    "clf_auc_roc": 0.6369885410261488,
    "clf_auc_pr": 0.7034086536900207,
    "clf_f1": 0.647887323943662,
    "clf_precision": 0.5048780487804878,
    "clf_recall": 0.9039301310043668,
    "clf_threshold": 0.35183365687651075,
    "clf_n_pairs": 3050.0,
    "clf_n_pos": 1374.0,
    "clf_n_neg": 1676.0
  },
  "RF_Dir": {
    "mae": 10.485642743321867,
    "rmse": 17.343680837873222,
    "pearson_r": 0.9484729963331222,
    "spearman_r": 0.717941113968501,
    "n_dirs": 131.0,
    "danger_precision": 0.17647058823529413,
    "danger_recall": 0.75,
    "danger_f1": 0.2857142857142857,
    "danger_tp": 6.0,
    "danger_fp": 28.0,
    "danger_fn": 2.0,
    "danger_tn": 95.0,
    "clf_auc_roc": 0.7967189416125591,
    "clf_auc_pr": 0.8043728790711341,
    "clf_f1": 0.7008718980549966,
    "clf_precision": 0.6498756218905473,
    "clf_recall": 0.7605531295487628,
    "clf_threshold": 0.16945783577542564,
    "clf_n_pairs": 3050.0,
    "clf_n_pos": 1374.0,
    "clf_n_neg": 1676.0
  }
}