{
  "experience_days": 0.02856786549091339,
  "total_changes": 0.02994917891919613,
  "total_reviews": 0.02179664559662342,
  "recent_activity_frequency": 0.048172321170568466,
  "avg_activity_gap": 0.05740448832511902,
  "activity_trend": 0.10778401792049408,
  "collaboration_score": 0.030758539214730263,
  "code_quality_score": 0.025476695969700813,
  "recent_acceptance_rate": 0.015368832275271416,
  "review_load": 0.044148463755846024,
  "days_since_last_activity": 0.05623196065425873,
  "acceptance_trend": 0.069216787815094,
  "reciprocity_score": 0.04819269850850105,
  "load_trend": 0.02037360705435276,
  "core_reviewer_ratio": 0.01484215073287487,
  "recent_rejection_streak": 0.057645779103040695,
  "acceptance_rate_last10": 0.02128312736749649,
  "active_months_ratio": 0.05338207259774208,
  "response_time_trend": 0.05979374796152115,
  "complex_pr_bias": 0.0258609838783741,
  "avg_action_intensity": 0.04858136177062988,
  "avg_change_lines": 0.025379443541169167,
  "avg_response_time": 0.035861339420080185,
  "avg_review_size": 0.028478289023041725,
  "repeat_collaboration_rate": 0.02544955350458622
}