{
  "auc_roc": 0.7064796905222438,
  "auc_pr": 0.8588824365342687,
  "precision": 0.7213114754098361,
  "recall": 0.9361702127659575,
  "f1_score": 0.8148148148148148,
  "optimal_threshold": 0.24,
  "positive_count": 47,
  "negative_count": 22,
  "total_count": 69,
  "feature_importance": {
    "experience_days": 0.0601318811276871,
    "total_changes": 0.024815103451125683,
    "total_reviews": 0.0871427604091821,
    "recent_activity_frequency": 0.09164039789308816,
    "avg_activity_gap": 0.041997828078292505,
    "activity_trend": 0.009700130154887982,
    "collaboration_score": 0.03452511176474955,
    "code_quality_score": 0.024084339007608545,
    "recent_acceptance_rate": 0.010924470686213623,
    "review_load": 0.04346186187465957,
    "days_since_last_activity": 0.07830934520067351,
    "acceptance_trend": 0.019952406820967085,
    "reciprocity_score": 0.0224605478499049,
    "load_trend": 0.008208810962437765,
    "core_reviewer_ratio": 0.09790529523578238,
    "recent_rejection_streak": 0.015946559187645763,
    "acceptance_rate_last10": 0.018646478920695042,
    "active_months_ratio": 0.06422632005369294,
    "response_time_trend": 0.019102191328860534,
    "complex_pr_bias": 0.018199540439314304,
    "avg_action_intensity": 0.04196168387774473,
    "avg_change_lines": 0.055957866014376974,
    "avg_response_time": 0.04897361022757977,
    "avg_review_size": 0.0358366528766391,
    "repeat_collaboration_rate": 0.02588880655619026
  },
  "pattern": "3-6m \u2192 9-12m"
}