{
  "threshold": 0.8401405811309814,
  "precision": 1.0,
  "recall": 0.4838709677419355,
  "f1": 0.6521739129995274,
  "metric": "f1"
}