{
  "feature_importance": {
    "window_tenure_days": 0.019241076660228323,
    "total_changes": 0.016066940474356,
    "total_reviews": 0.03380578912225282,
    "recent_activity_frequency": 0.03917382584432772,
    "avg_activity_gap": 0.02604411652173896,
    "activity_trend": 0.02380116048859445,
    "unique_collaborator_count": 0.014459513345903882,
    "overall_acceptance_rate": 0.022011990136882084,
    "recent_acceptance_rate": 0.013579900701044994,
    "recent_load_ratio_30d_all": 0.02749912251421433,
    "days_since_last_activity": 0.03473441466306248,
    "reciprocity_score": 0.01605417138947017,
    "recent_load_ratio_7d_30d": 0.011910050209625066,
    "core_reviewer_ratio": 0.028821428054552675,
    "acceptance_rate_last10": 0.011708060039013726,
    "active_months_ratio": 0.022090584432302152,
    "response_time_trend": 0.02469071886393841,
    "reviewer_owner_ratio": 0.017547493957448087,
    "path_review_count": 0.19695893134102263,
    "path_recency": 0.19730047055220618,
    "path_acceptance_rate": 0.06514129821015278,
    "avg_action_intensity": 0.02460221267239178,
    "avg_change_lines": 0.027828905874968113,
    "avg_response_time": 0.0394735636707837,
    "avg_review_size": 0.020092319496483248,
    "repeat_collaboration_rate": 0.025361940763035218
  }
}