{
  "Naive": {
    "mae": 8.8,
    "rmse": 15.46509717943055,
    "pearson_r": 0.9519592319978463,
    "spearman_r": 0.7411160389668063,
    "n_dirs": 130.0,
    "danger_precision": 1.0,
    "danger_recall": 0.4,
    "danger_f1": 0.5714285714285715,
    "danger_tp": 2.0,
    "danger_fp": 0.0,
    "danger_fn": 3.0,
    "danger_tn": 125.0
  },
  "Linear": {
    "mae": 5.912751677852349,
    "rmse": 8.408519879400117,
    "pearson_r": 0.8920491286337134,
    "spearman_r": 0.5688522984421412,
    "n_dirs": 149.0,
    "danger_precision": 0.21052631578947367,
    "danger_recall": 0.6666666666666666,
    "danger_f1": 0.32,
    "danger_tp": 4.0,
    "danger_fp": 15.0,
    "danger_fn": 2.0,
    "danger_tn": 128.0
  },
  "RF": {
    "mae": 4.851538461538461,
    "rmse": 7.088540915286608,
    "pearson_r": 0.9500076398144346,
    "spearman_r": 0.7379698322727334,
    "n_dirs": 130.0,
    "danger_precision": 1.0,
    "danger_recall": 0.4,
    "danger_f1": 0.5714285714285715,
    "danger_tp": 2.0,
    "danger_fp": 0.0,
    "danger_fn": 3.0,
    "danger_tn": 125.0,
    "clf_auc_roc": 0.6378083987991857,
    "clf_auc_pr": 0.44384406367859014,
    "clf_f1": 0.5910014513788099,
    "clf_precision": 0.4406926406926407,
    "clf_recall": 0.8969162995594714,
    "clf_threshold": 0.69,
    "clf_n_pairs": 3050.0,
    "clf_n_pos": 1135.0,
    "clf_n_neg": 1915.0
  },
  "IRL_VariantA": {
    "mae": NaN,
    "rmse": NaN,
    "n_dirs": 0,
    "danger_precision": 0.0,
    "danger_recall": 0.0,
    "danger_f1": 0.0
  },
  "IRL_VariantA_scaled": {
    "mae": NaN,
    "rmse": NaN,
    "n_dirs": 0,
    "danger_precision": 0.0,
    "danger_recall": 0.0,
    "danger_f1": 0.0
  },
  "IRL_VariantB": {
    "mae": NaN,
    "rmse": NaN,
    "n_dirs": 0,
    "danger_precision": 0.0,
    "danger_recall": 0.0,
    "danger_f1": 0.0
  },
  "IRL_Dir": {
    "mae": 7.010568636942368,
    "rmse": 11.572406213208684,
    "pearson_r": 0.9669451540128892,
    "spearman_r": 0.771112714559641,
    "n_dirs": 130.0,
    "danger_precision": 0.14285714285714285,
    "danger_recall": 0.8,
    "danger_f1": 0.24242424242424243,
    "danger_tp": 4.0,
    "danger_fp": 24.0,
    "danger_fn": 1.0,
    "danger_tn": 101.0,
    "clf_auc_roc": 0.8150196110005636,
    "clf_auc_pr": 0.7409332250490673,
    "clf_f1": 0.6874493927125506,
    "clf_precision": 0.6359550561797753,
    "clf_recall": 0.7480176211453744,
    "clf_threshold": 0.24231138825416565,
    "clf_n_pairs": 3050.0,
    "clf_n_pos": 1135.0,
    "clf_n_neg": 1915.0
  },
  "RF_Dir": {
    "mae": 6.897996805047071,
    "rmse": 11.35596583278326,
    "pearson_r": 0.9609326239146103,
    "spearman_r": 0.7383904078811018,
    "n_dirs": 130.0,
    "danger_precision": 0.13793103448275862,
    "danger_recall": 0.8,
    "danger_f1": 0.2352941176470588,
    "danger_tp": 4.0,
    "danger_fp": 25.0,
    "danger_fn": 1.0,
    "danger_tn": 100.0,
    "clf_auc_roc": 0.7845720661138013,
    "clf_auc_pr": 0.6984154270690478,
    "clf_f1": 0.6602486963497793,
    "clf_precision": 0.6060382916053019,
    "clf_recall": 0.7251101321585903,
    "clf_threshold": 0.24345047867755681,
    "clf_n_pairs": 3050.0,
    "clf_n_pos": 1135.0,
    "clf_n_neg": 1915.0
  }
}