{
  "experience_days": 0.09531768411397934,
  "total_changes": 0.020725758746266365,
  "total_reviews": 0.042993608862161636,
  "recent_activity_frequency": 0.04696197062730789,
  "avg_activity_gap": 0.019897351041436195,
  "activity_trend": 0.017159447073936462,
  "collaboration_score": 0.04401039332151413,
  "code_quality_score": 0.02518489770591259,
  "recent_acceptance_rate": 0.02822597697377205,
  "review_load": 0.09059510380029678,
  "days_since_last_activity": 0.035913221538066864,
  "acceptance_trend": 0.023693716153502464,
  "reciprocity_score": 0.03033875860273838,
  "load_trend": 0.02528349496424198,
  "core_reviewer_ratio": 0.031745798885822296,
  "recent_rejection_streak": 0.025211594998836517,
  "acceptance_rate_last10": 0.033876776695251465,
  "active_months_ratio": 0.040933333337306976,
  "response_time_trend": 0.06310391426086426,
  "complex_pr_bias": 0.025357749313116074,
  "path_review_count": 0.09181308001279831,
  "path_recency": 0.0716724544763565,
  "path_acceptance_rate": 0.03214967995882034,
  "avg_action_intensity": 0.01033809594810009,
  "avg_change_lines": 0.004487187135964632,
  "avg_response_time": 0.011425635777413845,
  "avg_review_size": 0.008292047306895256,
  "repeat_collaboration_rate": 0.0032912851311266422
}