{
  "experience_days": -0.011748315766453743,
  "total_changes": -0.0005996187101118267,
  "total_reviews": -0.005068926606327295,
  "recent_activity_frequency": 0.004674964584410191,
  "avg_activity_gap": 0.000771267747040838,
  "activity_trend": -0.0015681666554883122,
  "collaboration_score": -0.00457441620528698,
  "code_quality_score": 0.0005747778341174126,
  "recent_acceptance_rate": 0.003159994725137949,
  "review_load": 0.0034969185944646597,
  "days_since_last_activity": -0.004422259982675314,
  "acceptance_trend": 0.001626994926482439,
  "reciprocity_score": -0.0019357784185558558,
  "load_trend": 0.0016066476237028837,
  "core_reviewer_ratio": 0.003614790039137006,
  "recent_rejection_streak": -0.0007865976076573133,
  "acceptance_rate_last10": -0.0017958789831027389,
  "active_months_ratio": 0.00479225255548954,
  "response_time_trend": -0.007536876015365124,
  "complex_pr_bias": -0.0004536219930741936,
  "path_review_count": 0.010206631384789944,
  "path_recency": 0.005570211447775364,
  "path_acceptance_rate": -0.00026360145420767367,
  "avg_action_intensity": 0.001117207226343453,
  "avg_change_lines": 0.0004865929950028658,
  "avg_response_time": -0.0012706461129710078,
  "avg_review_size": 0.0010019150795415044,
  "repeat_collaboration_rate": -0.0004037629987578839
}