{
  "feature_importance": {
    "experience_days": 0.015314424858667686,
    "total_changes": 0.014912302828768858,
    "total_reviews": 0.04060532628059955,
    "recent_activity_frequency": 0.033442832191860436,
    "avg_activity_gap": 0.02766907559465524,
    "activity_trend": 0.009685593369762133,
    "collaboration_score": 0.02139378500528136,
    "code_quality_score": 0.01925234807789621,
    "recent_acceptance_rate": 0.013078707763821796,
    "review_load": 0.03136973679793048,
    "days_since_last_activity": 0.02545602368071326,
    "acceptance_trend": 0.01625609548897913,
    "reciprocity_score": 0.015780621432866827,
    "load_trend": 0.008803890338470058,
    "core_reviewer_ratio": 0.03842121716466103,
    "recent_rejection_streak": 0.009624375887125898,
    "acceptance_rate_last10": 0.00945809462236942,
    "active_months_ratio": 0.041284588157478416,
    "response_time_trend": 0.021462358282933403,
    "complex_pr_bias": 0.01775352602886532,
    "path_review_count": 0.20530402577968282,
    "path_recency": 0.18337468815283603,
    "path_acceptance_rate": 0.07540420314797283,
    "avg_action_intensity": 0.020977565084864033,
    "avg_change_lines": 0.021063549685542207,
    "avg_response_time": 0.023916376632702487,
    "avg_review_size": 0.019010362402370883,
    "repeat_collaboration_rate": 0.019924305260322142
  }
}