{
  "Naive": {
    "mae": 7.607142857142857,
    "rmse": 12.90348790056394,
    "pearson_r": 0.9651342445818107,
    "spearman_r": 0.7827821841758058,
    "n_dirs": 112.0,
    "danger_precision": 0.0,
    "danger_recall": 0.0,
    "danger_f1": 0.0,
    "danger_tp": 0.0,
    "danger_fp": 0.0,
    "danger_fn": 5.0,
    "danger_tn": 107.0
  },
  "Linear": {
    "mae": 6.366120218579235,
    "rmse": 9.011528742295841,
    "pearson_r": 0.9032722314918766,
    "spearman_r": 0.5767144781600878,
    "n_dirs": 122.0,
    "danger_precision": 0.13333333333333333,
    "danger_recall": 0.4,
    "danger_f1": 0.2,
    "danger_tp": 2.0,
    "danger_fp": 13.0,
    "danger_fn": 3.0,
    "danger_tn": 104.0
  },
  "RF": {
    "mae": 4.042232142857143,
    "rmse": 5.600693436020732,
    "pearson_r": 0.9664494879941585,
    "spearman_r": 0.8099887461101954,
    "n_dirs": 112.0,
    "danger_precision": 0.0,
    "danger_recall": 0.0,
    "danger_f1": 0.0,
    "danger_tp": 0.0,
    "danger_fp": 0.0,
    "danger_fn": 5.0,
    "danger_tn": 107.0,
    "clf_auc_roc": 0.6734307998482343,
    "clf_auc_pr": 0.5232301139036772,
    "clf_f1": 0.6259196378041879,
    "clf_precision": 0.47878787878787876,
    "clf_recall": 0.9035947712418301,
    "clf_threshold": 0.69,
    "clf_n_pairs": 3050.0,
    "clf_n_pos": 1224.0,
    "clf_n_neg": 1826.0
  },
  "IRL_VariantA": {
    "mae": NaN,
    "rmse": NaN,
    "n_dirs": 0,
    "danger_precision": 0.0,
    "danger_recall": 0.0,
    "danger_f1": 0.0
  },
  "IRL_VariantA_scaled": {
    "mae": NaN,
    "rmse": NaN,
    "n_dirs": 0,
    "danger_precision": 0.0,
    "danger_recall": 0.0,
    "danger_f1": 0.0
  },
  "IRL_VariantB": {
    "mae": NaN,
    "rmse": NaN,
    "n_dirs": 0,
    "danger_precision": 0.0,
    "danger_recall": 0.0,
    "danger_f1": 0.0
  },
  "IRL_Dir": {
    "mae": 9.846745224869144,
    "rmse": 15.99131467759998,
    "pearson_r": 0.9743030380415456,
    "spearman_r": 0.8199552782389326,
    "n_dirs": 112.0,
    "danger_precision": 0.1,
    "danger_recall": 0.4,
    "danger_f1": 0.16000000000000003,
    "danger_tp": 2.0,
    "danger_fp": 18.0,
    "danger_fn": 3.0,
    "danger_tn": 89.0,
    "clf_auc_roc": 0.8381686281668563,
    "clf_auc_pr": 0.8109998134057055,
    "clf_f1": 0.7254752851711027,
    "clf_precision": 0.6785206258890469,
    "clf_recall": 0.7794117647058824,
    "clf_threshold": 0.2307412177324295,
    "clf_n_pairs": 3050.0,
    "clf_n_pos": 1224.0,
    "clf_n_neg": 1826.0
  },
  "RF_Dir": {
    "mae": 9.70544786078619,
    "rmse": 15.870456881836706,
    "pearson_r": 0.9719597332593783,
    "spearman_r": 0.8393970432812692,
    "n_dirs": 112.0,
    "danger_precision": 0.08695652173913043,
    "danger_recall": 0.4,
    "danger_f1": 0.14285714285714285,
    "danger_tp": 2.0,
    "danger_fp": 21.0,
    "danger_fn": 3.0,
    "danger_tn": 86.0,
    "clf_auc_roc": 0.8099349268732685,
    "clf_auc_pr": 0.7799319631726105,
    "clf_f1": 0.6956521739130435,
    "clf_precision": 0.6681715575620768,
    "clf_recall": 0.7254901960784313,
    "clf_threshold": 0.24690944336748824,
    "clf_n_pairs": 3050.0,
    "clf_n_pos": 1224.0,
    "clf_n_neg": 1826.0
  }
}