{
  "feature_importance": {
    "window_tenure_days": 0.018016558693787776,
    "total_changes": 0.013068516826023412,
    "total_reviews": 0.0369730257434794,
    "recent_activity_frequency": 0.025453110985176195,
    "avg_activity_gap": 0.02584354980758526,
    "activity_trend": 0.016661792984053053,
    "unique_collaborator_count": 0.010705002106729167,
    "overall_acceptance_rate": 0.016791294351312488,
    "recent_acceptance_rate": 0.011279074345226372,
    "recent_load_ratio_30d_all": 0.02522274230257352,
    "days_since_last_activity": 0.027306029713457945,
    "reciprocity_score": 0.014040063894641542,
    "recent_load_ratio_7d_30d": 0.0102097803916054,
    "core_reviewer_ratio": 0.038354940621405466,
    "acceptance_rate_last10": 0.010488055404395303,
    "active_months_ratio": 0.017204784624744573,
    "response_time_trend": 0.0155792119374175,
    "reviewer_owner_ratio": 0.012372666753829732,
    "n_projects": 0.00897155420286008,
    "cross_project_review_share": 0.011722787524403014,
    "same_domain_share": 0.012553366907220557,
    "path_review_count": 0.14553876924232773,
    "path_recency": 0.11590614523246401,
    "path_acceptance_rate": 0.048374530798329665,
    "path_lcp_similarity": 0.0,
    "path_owner_overlap": 0.09479128314546163,
    "path_hub_score": 0.049515841297800844,
    "path_neighbor_coverage": 0.053097563815154535,
    "avg_action_intensity": 0.021415050488307608,
    "avg_change_lines": 0.02393127907877697,
    "avg_response_time": 0.023209049000600404,
    "avg_review_size": 0.01913255757156479,
    "repeat_collaboration_rate": 0.026270020207284007
  }
}