{
  "Naive": {
    "mae": 6.955,
    "rmse": 13.079946483070946,
    "pearson_r": 0.9656479238546105,
    "spearman_r": 0.729611671419977,
    "n_dirs": 200.0,
    "danger_precision": 0.4,
    "danger_recall": 0.25,
    "danger_f1": 0.3076923076923077,
    "danger_tp": 4.0,
    "danger_fp": 6.0,
    "danger_fn": 12.0,
    "danger_tn": 178.0
  },
  "Linear": {
    "mae": 5.516975308641976,
    "rmse": 7.669718930793113,
    "pearson_r": 0.9282531626692284,
    "spearman_r": 0.5285139971746808,
    "n_dirs": 216.0,
    "danger_precision": 0.2,
    "danger_recall": 0.5,
    "danger_f1": 0.28571428571428575,
    "danger_tp": 8.0,
    "danger_fp": 32.0,
    "danger_fn": 8.0,
    "danger_tn": 168.0
  },
  "RF": {
    "mae": 4.5451,
    "rmse": 7.06504394890789,
    "pearson_r": 0.96154814989478,
    "spearman_r": 0.7445721383483698,
    "n_dirs": 200.0,
    "danger_precision": 0.4,
    "danger_recall": 0.25,
    "danger_f1": 0.3076923076923077,
    "danger_tp": 4.0,
    "danger_fp": 6.0,
    "danger_fn": 12.0,
    "danger_tn": 178.0,
    "clf_auc_roc": 0.6716137312542605,
    "clf_auc_pr": 0.6189445577909232,
    "clf_f1": 0.5976095617529881,
    "clf_precision": 0.4966887417218543,
    "clf_recall": 0.75,
    "clf_threshold": 0.97,
    "clf_n_pairs": 4534.0,
    "clf_n_pos": 1600.0,
    "clf_n_neg": 2934.0
  },
  "IRL_VariantA": {
    "mae": NaN,
    "rmse": NaN,
    "n_dirs": 0,
    "danger_precision": 0.0,
    "danger_recall": 0.0,
    "danger_f1": 0.0
  },
  "IRL_VariantA_scaled": {
    "mae": NaN,
    "rmse": NaN,
    "n_dirs": 0,
    "danger_precision": 0.0,
    "danger_recall": 0.0,
    "danger_f1": 0.0
  },
  "IRL_VariantB": {
    "mae": NaN,
    "rmse": NaN,
    "n_dirs": 0,
    "danger_precision": 0.0,
    "danger_recall": 0.0,
    "danger_f1": 0.0
  },
  "IRL_Dir": {
    "mae": 8.469285081730982,
    "rmse": 15.833554778328846,
    "pearson_r": 0.9784264597009406,
    "spearman_r": 0.7926622949432603,
    "n_dirs": 200.0,
    "danger_precision": 0.14583333333333334,
    "danger_recall": 0.875,
    "danger_f1": 0.25000000000000006,
    "danger_tp": 14.0,
    "danger_fp": 82.0,
    "danger_fn": 2.0,
    "danger_tn": 102.0,
    "clf_auc_roc": 0.7885387908997954,
    "clf_auc_pr": 0.7293348662768177,
    "clf_f1": 0.6480901690670007,
    "clf_precision": 0.6493099121706399,
    "clf_recall": 0.646875,
    "clf_threshold": 0.16262683272361755,
    "clf_n_pairs": 4534.0,
    "clf_n_pos": 1600.0,
    "clf_n_neg": 2934.0
  },
  "IRL_Dir_calibrated": {
    "mae": 5.956967594544826,
    "rmse": 10.581073430036554,
    "pearson_r": 0.9793856897443339,
    "spearman_r": 0.7845039735105939,
    "n_dirs": 200.0,
    "danger_precision": 0.22727272727272727,
    "danger_recall": 0.625,
    "danger_f1": 0.3333333333333333,
    "danger_tp": 10.0,
    "danger_fp": 34.0,
    "danger_fn": 6.0,
    "danger_tn": 150.0,
    "clf_auc_roc": 0.7869726695637355,
    "clf_auc_pr": 0.7310837286294662,
    "clf_f1": 0.6409185803757829,
    "clf_precision": 0.7229199372056515,
    "clf_recall": 0.575625,
    "clf_threshold": 0.3767954567811552,
    "clf_n_pairs": 4534.0,
    "clf_n_pos": 1600.0,
    "clf_n_neg": 2934.0
  },
  "RF_Dir": {
    "mae": 7.653541397958202,
    "rmse": 14.16495382251863,
    "pearson_r": 0.9766981243869267,
    "spearman_r": 0.75234933040446,
    "n_dirs": 200.0,
    "danger_precision": 0.15384615384615385,
    "danger_recall": 0.75,
    "danger_f1": 0.25531914893617025,
    "danger_tp": 12.0,
    "danger_fp": 66.0,
    "danger_fn": 4.0,
    "danger_tn": 118.0,
    "clf_auc_roc": 0.7927115286298567,
    "clf_auc_pr": 0.7428821673469607,
    "clf_f1": 0.6524098308330674,
    "clf_precision": 0.6666666666666666,
    "clf_recall": 0.63875,
    "clf_threshold": 0.24957932735549954,
    "clf_n_pairs": 4534.0,
    "clf_n_pos": 1600.0,
    "clf_n_neg": 2934.0
  }
}