{
  "Naive": {
    "mae": 6.955,
    "rmse": 13.079946483070946,
    "pearson_r": 0.9656479238546105,
    "spearman_r": 0.729611671419977,
    "n_dirs": 200.0,
    "danger_precision": 0.4,
    "danger_recall": 0.25,
    "danger_f1": 0.3076923076923077,
    "danger_tp": 4.0,
    "danger_fp": 6.0,
    "danger_fn": 12.0,
    "danger_tn": 178.0
  },
  "Linear": {
    "mae": 5.516975308641976,
    "rmse": 7.669718930793112,
    "pearson_r": 0.928253162669228,
    "spearman_r": 0.5285139971746808,
    "n_dirs": 216.0,
    "danger_precision": 0.2,
    "danger_recall": 0.5,
    "danger_f1": 0.28571428571428575,
    "danger_tp": 8.0,
    "danger_fp": 32.0,
    "danger_fn": 8.0,
    "danger_tn": 168.0
  },
  "RF": {
    "mae": 3.8169,
    "rmse": 5.7917819365027885,
    "pearson_r": 0.964648908228906,
    "spearman_r": 0.7512906385880752,
    "n_dirs": 200.0,
    "danger_precision": 0.3076923076923077,
    "danger_recall": 0.25,
    "danger_f1": 0.27586206896551724,
    "danger_tp": 4.0,
    "danger_fp": 9.0,
    "danger_fn": 12.0,
    "danger_tn": 175.0,
    "clf_auc_roc": 0.666870526584867,
    "clf_auc_pr": 0.4944700371446888,
    "clf_f1": 0.5675993416411944,
    "clf_precision": 0.4549566528458349,
    "clf_recall": 0.754375,
    "clf_threshold": 0.82,
    "clf_n_pairs": 4534.0,
    "clf_n_pos": 1600.0,
    "clf_n_neg": 2934.0
  },
  "IRL_VariantA": {
    "mae": NaN,
    "rmse": NaN,
    "n_dirs": 0,
    "danger_precision": 0.0,
    "danger_recall": 0.0,
    "danger_f1": 0.0
  },
  "IRL_VariantA_scaled": {
    "mae": NaN,
    "rmse": NaN,
    "n_dirs": 0,
    "danger_precision": 0.0,
    "danger_recall": 0.0,
    "danger_f1": 0.0
  },
  "IRL_VariantB": {
    "mae": NaN,
    "rmse": NaN,
    "n_dirs": 0,
    "danger_precision": 0.0,
    "danger_recall": 0.0,
    "danger_f1": 0.0
  },
  "IRL_Dir": {
    "mae": 9.561612365470173,
    "rmse": 18.138577181775617,
    "pearson_r": 0.9602594560425449,
    "spearman_r": 0.756130647675324,
    "n_dirs": 200.0,
    "danger_precision": 0.13675213675213677,
    "danger_recall": 1.0,
    "danger_f1": 0.24060150375939854,
    "danger_tp": 16.0,
    "danger_fp": 101.0,
    "danger_fn": 0.0,
    "danger_tn": 83.0,
    "clf_auc_roc": 0.7579592706203135,
    "clf_auc_pr": 0.665449406386109,
    "clf_f1": 0.6183601198583493,
    "clf_precision": 0.5480444229840656,
    "clf_recall": 0.709375,
    "clf_threshold": 0.04985860735177994,
    "clf_n_pairs": 4534.0,
    "clf_n_pos": 1600.0,
    "clf_n_neg": 2934.0
  },
  "IRL_Dir_calibrated": {
    "mae": 6.123387144708493,
    "rmse": 11.041087730241857,
    "pearson_r": 0.9760378602201387,
    "spearman_r": 0.7703171124226675,
    "n_dirs": 200.0,
    "danger_precision": 0.2391304347826087,
    "danger_recall": 0.6875,
    "danger_f1": 0.3548387096774194,
    "danger_tp": 11.0,
    "danger_fp": 35.0,
    "danger_fn": 5.0,
    "danger_tn": 149.0,
    "clf_auc_roc": 0.7591905248807089,
    "clf_auc_pr": 0.668667132555191,
    "clf_f1": 0.6150220913107511,
    "clf_precision": 0.5816155988857938,
    "clf_recall": 0.6525,
    "clf_threshold": 0.38834951456310673,
    "clf_n_pairs": 4534.0,
    "clf_n_pos": 1600.0,
    "clf_n_neg": 2934.0
  },
  "RF_Dir": {
    "mae": 7.809315007227354,
    "rmse": 14.930608387478115,
    "pearson_r": 0.9760031965040825,
    "spearman_r": 0.7613288790528892,
    "n_dirs": 200.0,
    "danger_precision": 0.15,
    "danger_recall": 0.75,
    "danger_f1": 0.24999999999999997,
    "danger_tp": 12.0,
    "danger_fp": 68.0,
    "danger_fn": 4.0,
    "danger_tn": 116.0,
    "clf_auc_roc": 0.7919599948875256,
    "clf_auc_pr": 0.7261861573728059,
    "clf_f1": 0.6440235140431091,
    "clf_precision": 0.6744186046511628,
    "clf_recall": 0.61625,
    "clf_threshold": 0.25738923107490563,
    "clf_n_pairs": 4534.0,
    "clf_n_pos": 1600.0,
    "clf_n_neg": 2934.0
  }
}