{
  "threshold": 0.28157010674476624,
  "precision": 0.32456140350877194,
  "recall": 0.8457142857142858,
  "f1": 0.4690966719092025,
  "metric": "f1",
  "positive_rate": 0.15459363957597172,
  "method": "f1_maximization_on_train_data",
  "train_prediction_stats": {
    "min": 0.1152670830488205,
    "max": 0.999077320098877,
    "mean": 0.4753659294964252,
    "std": 0.35178651185489807,
    "median": 0.24005942046642303
  }
}