{
  "Naive": {
    "mae": 8.8,
    "rmse": 15.46509717943055,
    "pearson_r": 0.9519592319978465,
    "spearman_r": 0.7411160389668063,
    "n_dirs": 130.0,
    "danger_precision": 1.0,
    "danger_recall": 0.4,
    "danger_f1": 0.5714285714285715,
    "danger_tp": 2.0,
    "danger_fp": 0.0,
    "danger_fn": 3.0,
    "danger_tn": 125.0
  },
  "Linear": {
    "mae": 5.9127516778523495,
    "rmse": 8.408519879400117,
    "pearson_r": 0.8920491286337133,
    "spearman_r": 0.5688522984421412,
    "n_dirs": 149.0,
    "danger_precision": 0.21052631578947367,
    "danger_recall": 0.6666666666666666,
    "danger_f1": 0.32,
    "danger_tp": 4.0,
    "danger_fp": 15.0,
    "danger_fn": 2.0,
    "danger_tn": 128.0
  },
  "RF": {
    "mae": 5.2528461538461535,
    "rmse": 7.681827556993492,
    "pearson_r": 0.9510962455905491,
    "spearman_r": 0.7336565466585483,
    "n_dirs": 130.0,
    "danger_precision": 1.0,
    "danger_recall": 0.4,
    "danger_f1": 0.5714285714285715,
    "danger_tp": 2.0,
    "danger_fp": 0.0,
    "danger_fn": 3.0,
    "danger_tn": 125.0,
    "clf_auc_roc": 0.6421262695391127,
    "clf_auc_pr": 0.5025882719018665,
    "clf_f1": 0.5982545892266025,
    "clf_precision": 0.45429616087751373,
    "clf_recall": 0.8757709251101321,
    "clf_threshold": 0.72,
    "clf_n_pairs": 3050.0,
    "clf_n_pos": 1135.0,
    "clf_n_neg": 1915.0
  },
  "IRL_VariantA": {
    "mae": NaN,
    "rmse": NaN,
    "n_dirs": 0,
    "danger_precision": 0.0,
    "danger_recall": 0.0,
    "danger_f1": 0.0
  },
  "IRL_VariantA_scaled": {
    "mae": NaN,
    "rmse": NaN,
    "n_dirs": 0,
    "danger_precision": 0.0,
    "danger_recall": 0.0,
    "danger_f1": 0.0
  },
  "IRL_VariantB": {
    "mae": NaN,
    "rmse": NaN,
    "n_dirs": 0,
    "danger_precision": 0.0,
    "danger_recall": 0.0,
    "danger_f1": 0.0
  },
  "IRL_Dir": {
    "mae": 5.588800753767674,
    "rmse": 8.846807910132435,
    "pearson_r": 0.9677801002419476,
    "spearman_r": 0.7870123126105301,
    "n_dirs": 130.0,
    "danger_precision": 0.25,
    "danger_recall": 0.8,
    "danger_f1": 0.38095238095238093,
    "danger_tp": 4.0,
    "danger_fp": 12.0,
    "danger_fn": 1.0,
    "danger_tn": 113.0,
    "clf_auc_roc": 0.7803464418398685,
    "clf_auc_pr": 0.7152138044766114,
    "clf_f1": 0.660242982823628,
    "clf_precision": 0.6293929712460063,
    "clf_recall": 0.694273127753304,
    "clf_threshold": 0.3134082555770874,
    "clf_n_pairs": 3050.0,
    "clf_n_pos": 1135.0,
    "clf_n_neg": 1915.0
  },
  "RF_Dir": {
    "mae": 7.683773066945753,
    "rmse": 12.432955110368528,
    "pearson_r": 0.9600298563299089,
    "spearman_r": 0.7429503670303523,
    "n_dirs": 130.0,
    "danger_precision": 0.1,
    "danger_recall": 0.8,
    "danger_f1": 0.1777777777777778,
    "danger_tp": 4.0,
    "danger_fp": 36.0,
    "danger_fn": 1.0,
    "danger_tn": 89.0,
    "clf_auc_roc": 0.7693086115871682,
    "clf_auc_pr": 0.6997715824501719,
    "clf_f1": 0.6375779162956366,
    "clf_precision": 0.6444644464446445,
    "clf_recall": 0.6308370044052863,
    "clf_threshold": 0.2218430335097002,
    "clf_n_pairs": 3050.0,
    "clf_n_pos": 1135.0,
    "clf_n_neg": 1915.0
  }
}