{
  "Naive": {
    "mae": 8.333333333333334,
    "rmse": 16.780969547887754,
    "pearson_r": 0.9581254449366066,
    "spearman_r": 0.7475158666423248,
    "n_dirs": 213.0,
    "danger_precision": 0.2857142857142857,
    "danger_recall": 0.08,
    "danger_f1": 0.125,
    "danger_tp": 2.0,
    "danger_fp": 5.0,
    "danger_fn": 23.0,
    "danger_tn": 183.0
  },
  "Linear": {
    "mae": 5.037356321839081,
    "rmse": 7.740523807357006,
    "pearson_r": 0.9315607129157932,
    "spearman_r": 0.5061701321202089,
    "n_dirs": 232.0,
    "danger_precision": 0.13157894736842105,
    "danger_recall": 0.17857142857142858,
    "danger_f1": 0.15151515151515152,
    "danger_tp": 5.0,
    "danger_fp": 33.0,
    "danger_fn": 23.0,
    "danger_tn": 171.0
  },
  "RF": {
    "mae": 5.115399061032863,
    "rmse": 9.298886651516217,
    "pearson_r": 0.9492213245503954,
    "spearman_r": 0.7609553291936777,
    "n_dirs": 213.0,
    "danger_precision": 0.2727272727272727,
    "danger_recall": 0.12,
    "danger_f1": 0.16666666666666666,
    "danger_tp": 3.0,
    "danger_fp": 8.0,
    "danger_fn": 22.0,
    "danger_tn": 180.0,
    "clf_auc_roc": 0.6782424712102663,
    "clf_auc_pr": 0.42806067838462875,
    "clf_f1": 0.5101931330472103,
    "clf_precision": 0.3823884197828709,
    "clf_recall": 0.7663174858984689,
    "clf_threshold": 0.84,
    "clf_n_pairs": 4534.0,
    "clf_n_pos": 1241.0,
    "clf_n_neg": 3293.0
  },
  "IRL_VariantA": {
    "mae": NaN,
    "rmse": NaN,
    "n_dirs": 0,
    "danger_precision": 0.0,
    "danger_recall": 0.0,
    "danger_f1": 0.0
  },
  "IRL_VariantA_scaled": {
    "mae": NaN,
    "rmse": NaN,
    "n_dirs": 0,
    "danger_precision": 0.0,
    "danger_recall": 0.0,
    "danger_f1": 0.0
  },
  "IRL_VariantB": {
    "mae": NaN,
    "rmse": NaN,
    "n_dirs": 0,
    "danger_precision": 0.0,
    "danger_recall": 0.0,
    "danger_f1": 0.0
  },
  "IRL_Dir": {
    "mae": 6.511933035485499,
    "rmse": 12.928156809454734,
    "pearson_r": 0.9700034244515979,
    "spearman_r": 0.8013266866628667,
    "n_dirs": 213.0,
    "danger_precision": 0.17857142857142858,
    "danger_recall": 1.0,
    "danger_f1": 0.30303030303030304,
    "danger_tp": 25.0,
    "danger_fp": 115.0,
    "danger_fn": 0.0,
    "danger_tn": 73.0,
    "clf_auc_roc": 0.7470722086970311,
    "clf_auc_pr": 0.5970015012416309,
    "clf_f1": 0.5459057071960298,
    "clf_precision": 0.5607476635514018,
    "clf_recall": 0.5318291700241741,
    "clf_threshold": 0.1434289813041687,
    "clf_n_pairs": 4534.0,
    "clf_n_pos": 1241.0,
    "clf_n_neg": 3293.0
  },
  "IRL_Dir_calibrated": {
    "mae": 4.352274211923761,
    "rmse": 8.61106249795605,
    "pearson_r": 0.9758193622146895,
    "spearman_r": 0.8045347201933252,
    "n_dirs": 213.0,
    "danger_precision": 0.23376623376623376,
    "danger_recall": 0.72,
    "danger_f1": 0.35294117647058826,
    "danger_tp": 18.0,
    "danger_fp": 59.0,
    "danger_fn": 7.0,
    "danger_tn": 129.0,
    "clf_auc_roc": 0.7501784485098051,
    "clf_auc_pr": 0.604889597562028,
    "clf_f1": 0.5459057071960298,
    "clf_precision": 0.5607476635514018,
    "clf_recall": 0.5318291700241741,
    "clf_threshold": 0.3348109638094459,
    "clf_n_pairs": 4534.0,
    "clf_n_pos": 1241.0,
    "clf_n_neg": 3293.0
  },
  "RF_Dir": {
    "mae": 5.257223520072038,
    "rmse": 10.397759371029025,
    "pearson_r": 0.9769749365590564,
    "spearman_r": 0.8052867370609305,
    "n_dirs": 213.0,
    "danger_precision": 0.22549019607843138,
    "danger_recall": 0.92,
    "danger_f1": 0.36220472440944884,
    "danger_tp": 23.0,
    "danger_fp": 79.0,
    "danger_fn": 2.0,
    "danger_tn": 109.0,
    "clf_auc_roc": 0.7943049659950674,
    "clf_auc_pr": 0.6623916848082192,
    "clf_f1": 0.6165473349244233,
    "clf_precision": 0.6087981146897093,
    "clf_recall": 0.6244963738920226,
    "clf_threshold": 0.2475899066163322,
    "clf_n_pairs": 4534.0,
    "clf_n_pos": 1241.0,
    "clf_n_neg": 3293.0
  }
}