{
  "experience_days": 0.021324720233678818,
  "total_changes": 0.013103984296321869,
  "total_reviews": 0.009727193042635918,
  "recent_activity_frequency": 0.015824146568775177,
  "avg_activity_gap": 0.030448544770479202,
  "activity_trend": 0.03752509504556656,
  "collaboration_score": 0.024202464148402214,
  "code_quality_score": 0.03444107249379158,
  "recent_acceptance_rate": 0.021588411182165146,
  "review_load": 0.04316013306379318,
  "days_since_last_activity": 0.021130573004484177,
  "acceptance_trend": 0.0339825265109539,
  "reciprocity_score": 0.022905223071575165,
  "load_trend": 0.02140563353896141,
  "core_reviewer_ratio": 0.01616487465798855,
  "avg_action_intensity": 0.1311449259519577,
  "avg_change_lines": 0.06133079156279564,
  "avg_response_time": 0.16403478384017944,
  "avg_review_size": 0.1919344663619995,
  "repeat_collaboration_rate": 0.08462046086788177
}