{
  "auc_roc": 0.6321428571428571,
  "auc_pr": 0.8648058668248053,
  "optimal_threshold": 0.12464237213134766,
  "threshold_source": "train_data",
  "precision": 0.7619047619047619,
  "recall": 0.5714285714285714,
  "f1_score": 0.6530612244897959,
  "positive_count": 28,
  "negative_count": 10,
  "total_count": 38
}