{
  "Naive": {
    "mae": 7.366412213740458,
    "rmse": 11.267395372191501,
    "pearson_r": 0.9474609268561347,
    "spearman_r": 0.7012707715974861,
    "n_dirs": 131.0,
    "danger_precision": 0.0,
    "danger_recall": 0.0,
    "danger_f1": 0.0,
    "danger_tp": 0.0,
    "danger_fp": 1.0,
    "danger_fn": 8.0,
    "danger_tn": 122.0
  },
  "Linear": {
    "mae": 7.456876456876458,
    "rmse": 10.261423599911192,
    "pearson_r": 0.8836943241221815,
    "spearman_r": 0.49052406816548294,
    "n_dirs": 143.0,
    "danger_precision": 0.0625,
    "danger_recall": 0.1111111111111111,
    "danger_f1": 0.08,
    "danger_tp": 1.0,
    "danger_fp": 15.0,
    "danger_fn": 8.0,
    "danger_tn": 119.0
  },
  "RF": {
    "mae": 5.410687022900763,
    "rmse": 7.16268884221433,
    "pearson_r": 0.9459592456156125,
    "spearman_r": 0.7163161820934749,
    "n_dirs": 131.0,
    "danger_precision": 0.0,
    "danger_recall": 0.0,
    "danger_f1": 0.0,
    "danger_tp": 0.0,
    "danger_fp": 1.0,
    "danger_fn": 8.0,
    "danger_tn": 122.0,
    "clf_auc_roc": 0.6562815916457359,
    "clf_auc_pr": 0.6566714523595223,
    "clf_f1": 0.676590776415645,
    "clf_precision": 0.5648148148148148,
    "clf_recall": 0.8435225618631732,
    "clf_threshold": 0.9,
    "clf_n_pairs": 3050.0,
    "clf_n_pos": 1374.0,
    "clf_n_neg": 1676.0
  },
  "IRL_VariantA": {
    "mae": NaN,
    "rmse": NaN,
    "n_dirs": 0,
    "danger_precision": 0.0,
    "danger_recall": 0.0,
    "danger_f1": 0.0
  },
  "IRL_VariantA_scaled": {
    "mae": NaN,
    "rmse": NaN,
    "n_dirs": 0,
    "danger_precision": 0.0,
    "danger_recall": 0.0,
    "danger_f1": 0.0
  },
  "IRL_VariantB": {
    "mae": NaN,
    "rmse": NaN,
    "n_dirs": 0,
    "danger_precision": 0.0,
    "danger_recall": 0.0,
    "danger_f1": 0.0
  },
  "IRL_Dir": {
    "mae": 5.9306538520764756,
    "rmse": 8.006005265206214,
    "pearson_r": 0.9462050163582985,
    "spearman_r": 0.7256051685642997,
    "n_dirs": 131.0,
    "danger_precision": 0.3333333333333333,
    "danger_recall": 0.25,
    "danger_f1": 0.28571428571428575,
    "danger_tp": 2.0,
    "danger_fp": 4.0,
    "danger_fn": 6.0,
    "danger_tn": 119.0,
    "clf_auc_roc": 0.5801908873626469,
    "clf_auc_pr": 0.45290407501757535,
    "clf_f1": 0.6777196044211751,
    "clf_precision": 0.564437984496124,
    "clf_recall": 0.8478893740902474,
    "clf_threshold": 0.29305893182754517,
    "clf_n_pairs": 3050.0,
    "clf_n_pos": 1374.0,
    "clf_n_neg": 1676.0
  },
  "IRL_Dir_calibrated": {
    "mae": 7.7533714181457185,
    "rmse": 12.195899888887698,
    "pearson_r": 0.952078126872067,
    "spearman_r": 0.7342593985068098,
    "n_dirs": 131.0,
    "danger_precision": 0.3076923076923077,
    "danger_recall": 0.5,
    "danger_f1": 0.380952380952381,
    "danger_tp": 4.0,
    "danger_fp": 9.0,
    "danger_fn": 4.0,
    "danger_tn": 114.0,
    "clf_auc_roc": 0.6670095065884322,
    "clf_auc_pr": 0.7181184003430034,
    "clf_f1": 0.677307022634939,
    "clf_precision": 0.5632239382239382,
    "clf_recall": 0.8493449781659389,
    "clf_threshold": 0.3333333333333333,
    "clf_n_pairs": 3050.0,
    "clf_n_pos": 1374.0,
    "clf_n_neg": 1676.0
  },
  "RF_Dir": {
    "mae": 10.452208150007056,
    "rmse": 17.318826141482837,
    "pearson_r": 0.9500054368544597,
    "spearman_r": 0.7177433414098378,
    "n_dirs": 131.0,
    "danger_precision": 0.1875,
    "danger_recall": 0.75,
    "danger_f1": 0.3,
    "danger_tp": 6.0,
    "danger_fp": 26.0,
    "danger_fn": 2.0,
    "danger_tn": 97.0,
    "clf_auc_roc": 0.7991340197948258,
    "clf_auc_pr": 0.8071004345086525,
    "clf_f1": 0.7016262860935945,
    "clf_precision": 0.6449054301403294,
    "clf_recall": 0.7692867540029112,
    "clf_threshold": 0.16811107382600846,
    "clf_n_pairs": 3050.0,
    "clf_n_pos": 1374.0,
    "clf_n_neg": 1676.0
  }
}