{
  "experience_days": 0.07281548529863358,
  "total_changes": 0.013622072525322437,
  "total_reviews": 0.014149954542517662,
  "recent_activity_frequency": 0.06789024919271469,
  "avg_activity_gap": 0.09979031980037689,
  "activity_trend": 0.07177989184856415,
  "collaboration_score": 0.026450708508491516,
  "code_quality_score": 0.020942194387316704,
  "recent_acceptance_rate": 0.026889381930232048,
  "review_load": 0.04524628445506096,
  "days_since_last_activity": 0.03563123568892479,
  "acceptance_trend": 0.0382160060107708,
  "reciprocity_score": 0.10398926585912704,
  "load_trend": 0.03478911146521568,
  "core_reviewer_ratio": 0.03226779028773308,
  "recent_rejection_streak": 0.040447983890771866,
  "acceptance_rate_last10": 0.038381051272153854,
  "active_months_ratio": 0.09777429699897766,
  "response_time_trend": 0.07458746433258057,
  "avg_action_intensity": 0.011690291576087475,
  "avg_change_lines": 0.004211359191685915,
  "avg_response_time": 0.007105107884854078,
  "avg_review_size": 0.016573632135987282,
  "repeat_collaboration_rate": 0.004758770577609539
}