{
  "auc_roc": 0.8836363636363637,
  "auc_pr": 0.9175588774298882,
  "optimal_threshold": 0.10085931420326233,
  "threshold_source": "train_data",
  "precision": 0.7916666666666666,
  "recall": 0.8636363636363636,
  "f1_score": 0.8260869565217391,
  "positive_count": 22,
  "negative_count": 25,
  "total_count": 47
}