{
  "experience_days": 0.02824988216161728,
  "total_changes": 0.023599795997142792,
  "total_reviews": 0.011782214045524597,
  "recent_activity_frequency": 0.037997834384441376,
  "avg_activity_gap": 0.12589944899082184,
  "activity_trend": 0.0363260880112648,
  "collaboration_score": 0.05044102668762207,
  "code_quality_score": 0.015014495700597763,
  "recent_acceptance_rate": 0.02688969299197197,
  "review_load": 0.08484329283237457,
  "days_since_last_activity": 0.04001297056674957,
  "acceptance_trend": 0.028493734076619148,
  "reciprocity_score": 0.07733549922704697,
  "load_trend": 0.019557101652026176,
  "core_reviewer_ratio": 0.02746707946062088,
  "recent_rejection_streak": 0.05354787036776543,
  "acceptance_rate_last10": 0.03040543757379055,
  "active_months_ratio": 0.029719384387135506,
  "response_time_trend": 0.031023602932691574,
  "complex_pr_bias": 0.031572211533784866,
  "avg_action_intensity": 0.055442504584789276,
  "avg_change_lines": 0.007082878611981869,
  "avg_response_time": 0.013449684716761112,
  "avg_review_size": 0.08632580190896988,
  "repeat_collaboration_rate": 0.027520498260855675
}