{
  "feature_importance": {
    "window_tenure_days": 0.019068896479071708,
    "total_changes": 0.012692119633076364,
    "total_reviews": 0.030181658586511367,
    "recent_activity_frequency": 0.021498615341969708,
    "avg_activity_gap": 0.022391315053587445,
    "activity_trend": 0.01827560419979888,
    "unique_collaborator_count": 0.013928856073036617,
    "overall_acceptance_rate": 0.017590214512895816,
    "recent_acceptance_rate": 0.010632134316309215,
    "recent_load_ratio_30d_all": 0.02192005427553848,
    "days_since_last_activity": 0.031897815873947404,
    "reciprocity_score": 0.01602190144148856,
    "recent_load_ratio_7d_30d": 0.008989984371777372,
    "core_reviewer_ratio": 0.04321318284632645,
    "acceptance_rate_last10": 0.010625734900963803,
    "active_months_ratio": 0.015878203437565908,
    "response_time_trend": 0.017406574361366965,
    "reviewer_owner_ratio": 0.01343161867499614,
    "n_projects": 0.007852501364791162,
    "cross_project_review_share": 0.01185027858601569,
    "same_domain_share": 0.013001293542121081,
    "path_review_count": 0.16556844566920018,
    "path_recency": 0.1557647712120931,
    "path_acceptance_rate": 0.05902651550770706,
    "path_lcp_similarity": 0.0,
    "path_owner_overlap": 0.13093194968147137,
    "avg_action_intensity": 0.020220215225174906,
    "avg_change_lines": 0.02442827754086467,
    "avg_response_time": 0.024086392577615124,
    "avg_review_size": 0.01957871614986456,
    "repeat_collaboration_rate": 0.022046158562852837
  }
}