{
  "Naive": {
    "mae": 7.558139534883721,
    "rmse": 15.490282024847136,
    "pearson_r": 0.9620498998254049,
    "spearman_r": 0.7870040536792128,
    "n_dirs": 215.0,
    "danger_precision": 0.6153846153846154,
    "danger_recall": 0.3333333333333333,
    "danger_f1": 0.43243243243243246,
    "danger_tp": 8.0,
    "danger_fp": 5.0,
    "danger_fn": 16.0,
    "danger_tn": 186.0
  },
  "Linear": {
    "mae": 5.266949152542375,
    "rmse": 7.901017837122225,
    "pearson_r": 0.9201963140457217,
    "spearman_r": 0.5588230131913129,
    "n_dirs": 236.0,
    "danger_precision": 0.2765957446808511,
    "danger_recall": 0.5,
    "danger_f1": 0.3561643835616438,
    "danger_tp": 13.0,
    "danger_fp": 34.0,
    "danger_fn": 13.0,
    "danger_tn": 176.0
  },
  "RF": {
    "mae": 5.2230232558139535,
    "rmse": 8.833203664398562,
    "pearson_r": 0.9572515719719591,
    "spearman_r": 0.7880604232301682,
    "n_dirs": 215.0,
    "danger_precision": 0.5714285714285714,
    "danger_recall": 0.3333333333333333,
    "danger_f1": 0.4210526315789474,
    "danger_tp": 8.0,
    "danger_fp": 6.0,
    "danger_fn": 16.0,
    "danger_tn": 185.0,
    "clf_auc_roc": 0.664460338602732,
    "clf_auc_pr": 0.5887592839544991,
    "clf_f1": 0.5745118191161357,
    "clf_precision": 0.46274834437086093,
    "clf_recall": 0.7574525745257452,
    "clf_threshold": 0.97,
    "clf_n_pairs": 4534.0,
    "clf_n_pos": 1476.0,
    "clf_n_neg": 3058.0
  },
  "IRL_VariantA": {
    "mae": NaN,
    "rmse": NaN,
    "n_dirs": 0,
    "danger_precision": 0.0,
    "danger_recall": 0.0,
    "danger_f1": 0.0
  },
  "IRL_VariantA_scaled": {
    "mae": NaN,
    "rmse": NaN,
    "n_dirs": 0,
    "danger_precision": 0.0,
    "danger_recall": 0.0,
    "danger_f1": 0.0
  },
  "IRL_VariantB": {
    "mae": NaN,
    "rmse": NaN,
    "n_dirs": 0,
    "danger_precision": 0.0,
    "danger_recall": 0.0,
    "danger_f1": 0.0
  },
  "IRL_Dir": {
    "mae": 6.730440294921898,
    "rmse": 12.59023183960085,
    "pearson_r": 0.9608412794595123,
    "spearman_r": 0.7572371292091381,
    "n_dirs": 215.0,
    "danger_precision": 0.18691588785046728,
    "danger_recall": 0.8333333333333334,
    "danger_f1": 0.3053435114503817,
    "danger_tp": 20.0,
    "danger_fp": 87.0,
    "danger_fn": 4.0,
    "danger_tn": 104.0,
    "clf_auc_roc": 0.7685410429970878,
    "clf_auc_pr": 0.6366054919921711,
    "clf_f1": 0.6161422708618332,
    "clf_precision": 0.5167508031206975,
    "clf_recall": 0.7628726287262872,
    "clf_threshold": 0.03402159363031387,
    "clf_n_pairs": 4534.0,
    "clf_n_pos": 1476.0,
    "clf_n_neg": 3058.0
  },
  "IRL_Dir_calibrated": {
    "mae": 4.732181846057427,
    "rmse": 8.526771220193599,
    "pearson_r": 0.9708434329221332,
    "spearman_r": 0.8064407950597815,
    "n_dirs": 215.0,
    "danger_precision": 0.38,
    "danger_recall": 0.7916666666666666,
    "danger_f1": 0.5135135135135135,
    "danger_tp": 19.0,
    "danger_fp": 31.0,
    "danger_fn": 5.0,
    "danger_tn": 160.0,
    "clf_auc_roc": 0.7695682699959766,
    "clf_auc_pr": 0.6586323697677435,
    "clf_f1": 0.6160153047280678,
    "clf_precision": 0.516262024736601,
    "clf_recall": 0.763550135501355,
    "clf_threshold": 0.2903225806451613,
    "clf_n_pairs": 4534.0,
    "clf_n_pos": 1476.0,
    "clf_n_neg": 3058.0
  },
  "RF_Dir": {
    "mae": 5.826182705171022,
    "rmse": 10.738085017912345,
    "pearson_r": 0.9692498236011006,
    "spearman_r": 0.7949256074923075,
    "n_dirs": 215.0,
    "danger_precision": 0.2716049382716049,
    "danger_recall": 0.9166666666666666,
    "danger_f1": 0.419047619047619,
    "danger_tp": 22.0,
    "danger_fp": 59.0,
    "danger_fn": 2.0,
    "danger_tn": 132.0,
    "clf_auc_roc": 0.7763855434499407,
    "clf_auc_pr": 0.6675095095151459,
    "clf_f1": 0.6149181322013342,
    "clf_precision": 0.5565312843029637,
    "clf_recall": 0.6869918699186992,
    "clf_threshold": 0.21102272761805815,
    "clf_n_pairs": 4534.0,
    "clf_n_pos": 1476.0,
    "clf_n_neg": 3058.0
  }
}