{
  "threshold": 0.65068519115448,
  "precision": 0.8947368421052632,
  "recall": 0.6538461538461539,
  "f1": 0.7555555555067655,
  "metric": "f1"
}