{
  "Naive": {
    "mae": 5.973684210526316,
    "rmse": 10.266193882939541,
    "pearson_r": 0.9666075191958611,
    "spearman_r": 0.7265015932218002,
    "n_dirs": 228.0,
    "danger_precision": 0.4166666666666667,
    "danger_recall": 0.21739130434782608,
    "danger_f1": 0.2857142857142857,
    "danger_tp": 5.0,
    "danger_fp": 7.0,
    "danger_fn": 18.0,
    "danger_tn": 198.0
  },
  "Linear": {
    "mae": 5.85408299866131,
    "rmse": 8.317307213637896,
    "pearson_r": 0.9227607723210397,
    "spearman_r": 0.5484079222863182,
    "n_dirs": 249.0,
    "danger_precision": 0.15217391304347827,
    "danger_recall": 0.2692307692307692,
    "danger_f1": 0.19444444444444445,
    "danger_tp": 7.0,
    "danger_fp": 39.0,
    "danger_fn": 19.0,
    "danger_tn": 184.0
  },
  "RF": {
    "mae": 4.347105263157895,
    "rmse": 6.043134352884896,
    "pearson_r": 0.963042790418354,
    "spearman_r": 0.7369387047393815,
    "n_dirs": 228.0,
    "danger_precision": 0.4166666666666667,
    "danger_recall": 0.21739130434782608,
    "danger_f1": 0.2857142857142857,
    "danger_tp": 5.0,
    "danger_fp": 7.0,
    "danger_fn": 18.0,
    "danger_tn": 198.0,
    "clf_auc_roc": 0.6825138422929625,
    "clf_auc_pr": 0.6656604020043834,
    "clf_f1": 0.6320775998195353,
    "clf_precision": 0.5405092592592593,
    "clf_recall": 0.7609994568169474,
    "clf_threshold": 0.97,
    "clf_n_pairs": 4534.0,
    "clf_n_pos": 1841.0,
    "clf_n_neg": 2693.0
  },
  "IRL_VariantA": {
    "mae": NaN,
    "rmse": NaN,
    "n_dirs": 0,
    "danger_precision": 0.0,
    "danger_recall": 0.0,
    "danger_f1": 0.0
  },
  "IRL_VariantA_scaled": {
    "mae": NaN,
    "rmse": NaN,
    "n_dirs": 0,
    "danger_precision": 0.0,
    "danger_recall": 0.0,
    "danger_f1": 0.0
  },
  "IRL_VariantB": {
    "mae": NaN,
    "rmse": NaN,
    "n_dirs": 0,
    "danger_precision": 0.0,
    "danger_recall": 0.0,
    "danger_f1": 0.0
  },
  "IRL_Dir": {
    "mae": 9.271553234139702,
    "rmse": 17.866593155808427,
    "pearson_r": 0.9620087612281145,
    "spearman_r": 0.7587898405003037,
    "n_dirs": 228.0,
    "danger_precision": 0.1896551724137931,
    "danger_recall": 0.9565217391304348,
    "danger_f1": 0.31654676258992803,
    "danger_tp": 22.0,
    "danger_fp": 94.0,
    "danger_fn": 1.0,
    "danger_tn": 111.0,
    "clf_auc_roc": 0.7831042639163681,
    "clf_auc_pr": 0.7530948882938837,
    "clf_f1": 0.6791277258566978,
    "clf_precision": 0.6504226752859275,
    "clf_recall": 0.710483432916893,
    "clf_threshold": 0.09911975264549255,
    "clf_n_pairs": 4534.0,
    "clf_n_pos": 1841.0,
    "clf_n_neg": 2693.0
  },
  "IRL_Dir_calibrated": {
    "mae": 6.1828491175335785,
    "rmse": 11.272114809000062,
    "pearson_r": 0.9729928058426006,
    "spearman_r": 0.7762837717914982,
    "n_dirs": 228.0,
    "danger_precision": 0.3404255319148936,
    "danger_recall": 0.6956521739130435,
    "danger_f1": 0.4571428571428571,
    "danger_tp": 16.0,
    "danger_fp": 31.0,
    "danger_fn": 7.0,
    "danger_tn": 174.0,
    "clf_auc_roc": 0.7863416792847975,
    "clf_auc_pr": 0.7593488763602558,
    "clf_f1": 0.678961038961039,
    "clf_precision": 0.6505724240915879,
    "clf_recall": 0.7099402498642042,
    "clf_threshold": 0.3333333333333333,
    "clf_n_pairs": 4534.0,
    "clf_n_pos": 1841.0,
    "clf_n_neg": 2693.0
  },
  "RF_Dir": {
    "mae": 8.453712736647823,
    "rmse": 16.001493235663812,
    "pearson_r": 0.9641847095279548,
    "spearman_r": 0.7419358476001887,
    "n_dirs": 228.0,
    "danger_precision": 0.21505376344086022,
    "danger_recall": 0.8695652173913043,
    "danger_f1": 0.3448275862068966,
    "danger_tp": 20.0,
    "danger_fp": 73.0,
    "danger_fn": 3.0,
    "danger_tn": 132.0,
    "clf_auc_roc": 0.7878445596879107,
    "clf_auc_pr": 0.7696398519596885,
    "clf_f1": 0.6697892271662763,
    "clf_precision": 0.6428571428571429,
    "clf_recall": 0.6990765888104291,
    "clf_threshold": 0.1945288196112848,
    "clf_n_pairs": 4534.0,
    "clf_n_pos": 1841.0,
    "clf_n_neg": 2693.0
  }
}