{
  "threshold": 0.12464237213134766,
  "precision": 0.8095238095238095,
  "recall": 0.7727272727272727,
  "f1": 0.7906976743686317,
  "metric": "f1"
}