{
  "auc_roc": 0.7763636363636365,
  "auc_pr": 0.6985793221583052,
  "optimal_threshold": 0.043474264442920685,
  "threshold_source": "train_data",
  "precision": 0.5384615384615384,
  "recall": 0.9545454545454546,
  "f1_score": 0.6885245901639344,
  "positive_count": 22,
  "negative_count": 25,
  "total_count": 47
}