{
  "Naive": {
    "mae": 7.607142857142857,
    "rmse": 12.90348790056394,
    "pearson_r": 0.965134244581811,
    "spearman_r": 0.7827821841758058,
    "n_dirs": 112.0,
    "danger_precision": 0.0,
    "danger_recall": 0.0,
    "danger_f1": 0.0,
    "danger_tp": 0.0,
    "danger_fp": 0.0,
    "danger_fn": 5.0,
    "danger_tn": 107.0
  },
  "Linear": {
    "mae": 6.366120218579235,
    "rmse": 9.011528742295841,
    "pearson_r": 0.9032722314918764,
    "spearman_r": 0.5767144781600878,
    "n_dirs": 122.0,
    "danger_precision": 0.13333333333333333,
    "danger_recall": 0.4,
    "danger_f1": 0.2,
    "danger_tp": 2.0,
    "danger_fp": 13.0,
    "danger_fn": 3.0,
    "danger_tn": 104.0
  },
  "RF": {
    "mae": 4.042232142857143,
    "rmse": 5.600693436020732,
    "pearson_r": 0.9664494879941586,
    "spearman_r": 0.8099887461101954,
    "n_dirs": 112.0,
    "danger_precision": 0.0,
    "danger_recall": 0.0,
    "danger_f1": 0.0,
    "danger_tp": 0.0,
    "danger_fp": 0.0,
    "danger_fn": 5.0,
    "danger_tn": 107.0,
    "clf_auc_roc": 0.6734307998482343,
    "clf_auc_pr": 0.5232301139036772,
    "clf_f1": 0.6259196378041879,
    "clf_precision": 0.47878787878787876,
    "clf_recall": 0.9035947712418301,
    "clf_threshold": 0.69,
    "clf_n_pairs": 3050.0,
    "clf_n_pos": 1224.0,
    "clf_n_neg": 1826.0
  },
  "IRL_VariantA": {
    "mae": NaN,
    "rmse": NaN,
    "n_dirs": 0,
    "danger_precision": 0.0,
    "danger_recall": 0.0,
    "danger_f1": 0.0
  },
  "IRL_VariantA_scaled": {
    "mae": NaN,
    "rmse": NaN,
    "n_dirs": 0,
    "danger_precision": 0.0,
    "danger_recall": 0.0,
    "danger_f1": 0.0
  },
  "IRL_VariantB": {
    "mae": NaN,
    "rmse": NaN,
    "n_dirs": 0,
    "danger_precision": 0.0,
    "danger_recall": 0.0,
    "danger_f1": 0.0
  },
  "IRL_Dir": {
    "mae": 9.774692693924797,
    "rmse": 15.504443634904165,
    "pearson_r": 0.9729118087173447,
    "spearman_r": 0.8206570639322822,
    "n_dirs": 112.0,
    "danger_precision": 0.07142857142857142,
    "danger_recall": 0.4,
    "danger_f1": 0.12121212121212122,
    "danger_tp": 2.0,
    "danger_fp": 26.0,
    "danger_fn": 3.0,
    "danger_tn": 81.0,
    "clf_auc_roc": 0.7509335470223139,
    "clf_auc_pr": 0.6860738250806011,
    "clf_f1": 0.681383370125092,
    "clf_precision": 0.6198125836680054,
    "clf_recall": 0.7565359477124183,
    "clf_threshold": 0.016563355922698975,
    "clf_n_pairs": 3050.0,
    "clf_n_pos": 1224.0,
    "clf_n_neg": 1826.0
  },
  "RF_Dir": {
    "mae": 9.652525031461854,
    "rmse": 15.765423049860047,
    "pearson_r": 0.9732488236014767,
    "spearman_r": 0.842396762014125,
    "n_dirs": 112.0,
    "danger_precision": 0.08695652173913043,
    "danger_recall": 0.4,
    "danger_f1": 0.14285714285714285,
    "danger_tp": 2.0,
    "danger_fp": 21.0,
    "danger_fn": 3.0,
    "danger_tn": 86.0,
    "clf_auc_roc": 0.8067857436877635,
    "clf_auc_pr": 0.7758561255951351,
    "clf_f1": 0.6884816753926701,
    "clf_precision": 0.7387640449438202,
    "clf_recall": 0.6446078431372549,
    "clf_threshold": 0.31,
    "clf_n_pairs": 3050.0,
    "clf_n_pos": 1224.0,
    "clf_n_neg": 1826.0
  }
}