{
  "feature_importance": {
    "window_tenure_days": 0.017502532135586973,
    "total_changes": 0.015550015328231774,
    "total_reviews": 0.051231354062204554,
    "recent_activity_frequency": 0.03888176462133961,
    "avg_activity_gap": 0.029312712360466165,
    "activity_trend": 0.01850430385630273,
    "unique_collaborator_count": 0.016826799352325447,
    "overall_acceptance_rate": 0.0180482439906819,
    "recent_acceptance_rate": 0.011252229024960345,
    "recent_load_ratio_30d_all": 0.02462685527477533,
    "days_since_last_activity": 0.020866873117500444,
    "reciprocity_score": 0.014255672571713411,
    "recent_load_ratio_7d_30d": 0.006683053746306237,
    "core_reviewer_ratio": 0.047024255254222436,
    "acceptance_rate_last10": 0.011107566115046884,
    "active_months_ratio": 0.015776407962789313,
    "response_time_trend": 0.023895584201596907,
    "reviewer_owner_ratio": 0.01517622032084548,
    "n_projects": 0.00965605119392598,
    "cross_project_review_share": 0.015231062700924981,
    "same_domain_share": 0.013229356134728238,
    "path_review_count": 0.13774507169642095,
    "path_recency": 0.09544393687319136,
    "path_acceptance_rate": 0.041480935012850495,
    "path_lcp_similarity": 0.0,
    "path_owner_overlap": 0.08593248564700551,
    "path_hub_score": 0.048837563707034765,
    "path_neighbor_coverage": 0.053123848484958686,
    "avg_action_intensity": 0.01828961046649211,
    "avg_change_lines": 0.01809410175001822,
    "avg_response_time": 0.027957282204745047,
    "avg_review_size": 0.017602102993565558,
    "repeat_collaboration_rate": 0.02085414783724211
  }
}