{
  "Naive": {
    "mae": 8.333333333333334,
    "rmse": 16.780969547887754,
    "pearson_r": 0.9581254449366066,
    "spearman_r": 0.7475158666423248,
    "n_dirs": 213.0,
    "danger_precision": 0.2857142857142857,
    "danger_recall": 0.08,
    "danger_f1": 0.125,
    "danger_tp": 2.0,
    "danger_fp": 5.0,
    "danger_fn": 23.0,
    "danger_tn": 183.0
  },
  "Linear": {
    "mae": 5.0373563218390816,
    "rmse": 7.740523807357006,
    "pearson_r": 0.9315607129157931,
    "spearman_r": 0.5061701321202089,
    "n_dirs": 232.0,
    "danger_precision": 0.13157894736842105,
    "danger_recall": 0.17857142857142858,
    "danger_f1": 0.15151515151515152,
    "danger_tp": 5.0,
    "danger_fp": 33.0,
    "danger_fn": 23.0,
    "danger_tn": 171.0
  },
  "RF": {
    "mae": 4.494413145539906,
    "rmse": 7.87954763244812,
    "pearson_r": 0.9518276599550968,
    "spearman_r": 0.7639637007537081,
    "n_dirs": 213.0,
    "danger_precision": 0.23076923076923078,
    "danger_recall": 0.12,
    "danger_f1": 0.15789473684210525,
    "danger_tp": 3.0,
    "danger_fp": 10.0,
    "danger_fn": 22.0,
    "danger_tn": 178.0,
    "clf_auc_roc": 0.6814009547759966,
    "clf_auc_pr": 0.4208612700840316,
    "clf_f1": 0.502449646162221,
    "clf_precision": 0.3793670365803535,
    "clf_recall": 0.7437550362610797,
    "clf_threshold": 0.84,
    "clf_n_pairs": 4534.0,
    "clf_n_pos": 1241.0,
    "clf_n_neg": 3293.0
  },
  "IRL_VariantA": {
    "mae": NaN,
    "rmse": NaN,
    "n_dirs": 0,
    "danger_precision": 0.0,
    "danger_recall": 0.0,
    "danger_f1": 0.0
  },
  "IRL_VariantA_scaled": {
    "mae": NaN,
    "rmse": NaN,
    "n_dirs": 0,
    "danger_precision": 0.0,
    "danger_recall": 0.0,
    "danger_f1": 0.0
  },
  "IRL_VariantB": {
    "mae": NaN,
    "rmse": NaN,
    "n_dirs": 0,
    "danger_precision": 0.0,
    "danger_recall": 0.0,
    "danger_f1": 0.0
  },
  "IRL_Dir": {
    "mae": 4.995003769520576,
    "rmse": 9.21771869462525,
    "pearson_r": 0.9756838413587248,
    "spearman_r": 0.8067694819911472,
    "n_dirs": 213.0,
    "danger_precision": 0.2268041237113402,
    "danger_recall": 0.88,
    "danger_f1": 0.36065573770491804,
    "danger_tp": 22.0,
    "danger_fp": 75.0,
    "danger_fn": 3.0,
    "danger_tn": 113.0,
    "clf_auc_roc": 0.7789932641040394,
    "clf_auc_pr": 0.6239389925873599,
    "clf_f1": 0.5908539053014974,
    "clf_precision": 0.5934959349593496,
    "clf_recall": 0.5882352941176471,
    "clf_threshold": 0.29461076855659485,
    "clf_n_pairs": 4534.0,
    "clf_n_pos": 1241.0,
    "clf_n_neg": 3293.0
  },
  "IRL_Dir_calibrated": {
    "mae": 4.323132402929872,
    "rmse": 8.234606289427434,
    "pearson_r": 0.9766010035336242,
    "spearman_r": 0.8164497877721082,
    "n_dirs": 213.0,
    "danger_precision": 0.25675675675675674,
    "danger_recall": 0.76,
    "danger_f1": 0.3838383838383838,
    "danger_tp": 19.0,
    "danger_fp": 55.0,
    "danger_fn": 6.0,
    "danger_tn": 133.0,
    "clf_auc_roc": 0.7794364183738465,
    "clf_auc_pr": 0.6338180988998577,
    "clf_f1": 0.5876577840112202,
    "clf_precision": 0.5201738050900062,
    "clf_recall": 0.6752618855761483,
    "clf_threshold": 0.2785714285714285,
    "clf_n_pairs": 4534.0,
    "clf_n_pos": 1241.0,
    "clf_n_neg": 3293.0
  },
  "RF_Dir": {
    "mae": 4.971352545344813,
    "rmse": 9.97127384802184,
    "pearson_r": 0.9736602493226318,
    "spearman_r": 0.796443191144892,
    "n_dirs": 213.0,
    "danger_precision": 0.2222222222222222,
    "danger_recall": 0.8,
    "danger_f1": 0.3478260869565218,
    "danger_tp": 20.0,
    "danger_fp": 70.0,
    "danger_fn": 5.0,
    "danger_tn": 118.0,
    "clf_auc_roc": 0.8067778867242874,
    "clf_auc_pr": 0.6630707387546,
    "clf_f1": 0.6258503401360545,
    "clf_precision": 0.5893238434163701,
    "clf_recall": 0.6672038678485093,
    "clf_threshold": 0.25435809004758037,
    "clf_n_pairs": 4534.0,
    "clf_n_pos": 1241.0,
    "clf_n_neg": 3293.0
  }
}