{
  "threshold": 0.4724746644496918,
  "precision": 0.28476190476190477,
  "recall": 0.3615477629987908,
  "f1": 0.31859350021708827,
  "metric": "f1",
  "positive_rate": 0.070490964882373,
  "method": "f1_maximization_on_train_data",
  "train_prediction_stats": {
    "min": 0.0068921116180717945,
    "max": 0.964150071144104,
    "mean": 0.09095896723739895,
    "std": 0.25773824948134316,
    "median": 0.007876698859035969
  }
}