{
  "Naive": {
    "mae": 7.558139534883721,
    "rmse": 15.490282024847136,
    "pearson_r": 0.9620498998254048,
    "spearman_r": 0.7870040536792128,
    "n_dirs": 215.0,
    "danger_precision": 0.6153846153846154,
    "danger_recall": 0.3333333333333333,
    "danger_f1": 0.43243243243243246,
    "danger_tp": 8.0,
    "danger_fp": 5.0,
    "danger_fn": 16.0,
    "danger_tn": 186.0
  },
  "Linear": {
    "mae": 5.266949152542374,
    "rmse": 7.901017837122226,
    "pearson_r": 0.9201963140457221,
    "spearman_r": 0.5588230131913129,
    "n_dirs": 236.0,
    "danger_precision": 0.2765957446808511,
    "danger_recall": 0.5,
    "danger_f1": 0.3561643835616438,
    "danger_tp": 13.0,
    "danger_fp": 34.0,
    "danger_fn": 13.0,
    "danger_tn": 176.0
  },
  "RF": {
    "mae": 4.3898604651162785,
    "rmse": 7.058145549976365,
    "pearson_r": 0.9587054286007716,
    "spearman_r": 0.7883794294196196,
    "n_dirs": 215.0,
    "danger_precision": 0.5,
    "danger_recall": 0.3333333333333333,
    "danger_f1": 0.4,
    "danger_tp": 8.0,
    "danger_fp": 8.0,
    "danger_fn": 16.0,
    "danger_tn": 183.0,
    "clf_auc_roc": 0.648944370002889,
    "clf_auc_pr": 0.4047933303899957,
    "clf_f1": 0.5439573746669896,
    "clf_precision": 0.4232943837165473,
    "clf_recall": 0.760840108401084,
    "clf_threshold": 0.82,
    "clf_n_pairs": 4534.0,
    "clf_n_pos": 1476.0,
    "clf_n_neg": 3058.0
  },
  "IRL_VariantA": {
    "mae": NaN,
    "rmse": NaN,
    "n_dirs": 0,
    "danger_precision": 0.0,
    "danger_recall": 0.0,
    "danger_f1": 0.0
  },
  "IRL_VariantA_scaled": {
    "mae": NaN,
    "rmse": NaN,
    "n_dirs": 0,
    "danger_precision": 0.0,
    "danger_recall": 0.0,
    "danger_f1": 0.0
  },
  "IRL_VariantB": {
    "mae": NaN,
    "rmse": NaN,
    "n_dirs": 0,
    "danger_precision": 0.0,
    "danger_recall": 0.0,
    "danger_f1": 0.0
  },
  "IRL_Dir": {
    "mae": 7.686608103016523,
    "rmse": 14.417919997349491,
    "pearson_r": 0.9507662747761879,
    "spearman_r": 0.7131294835213583,
    "n_dirs": 215.0,
    "danger_precision": 0.1640625,
    "danger_recall": 0.875,
    "danger_f1": 0.27631578947368424,
    "danger_tp": 21.0,
    "danger_fp": 107.0,
    "danger_fn": 3.0,
    "danger_tn": 84.0,
    "clf_auc_roc": 0.7571795113798098,
    "clf_auc_pr": 0.63559184330757,
    "clf_f1": 0.6053412462908012,
    "clf_precision": 0.5385427666314678,
    "clf_recall": 0.6910569105691057,
    "clf_threshold": 0.0663674920797348,
    "clf_n_pairs": 4534.0,
    "clf_n_pos": 1476.0,
    "clf_n_neg": 3058.0
  },
  "IRL_Dir_calibrated": {
    "mae": 4.744546720641492,
    "rmse": 8.376462800861388,
    "pearson_r": 0.9680152123564515,
    "spearman_r": 0.7817062511354369,
    "n_dirs": 215.0,
    "danger_precision": 0.36,
    "danger_recall": 0.75,
    "danger_f1": 0.48648648648648657,
    "danger_tp": 18.0,
    "danger_fp": 32.0,
    "danger_fn": 6.0,
    "danger_tn": 159.0,
    "clf_auc_roc": 0.7586121789929476,
    "clf_auc_pr": 0.6433400443942285,
    "clf_f1": 0.6049715483677748,
    "clf_precision": 0.5421363392377885,
    "clf_recall": 0.6842818428184282,
    "clf_threshold": 0.27763651730446964,
    "clf_n_pairs": 4534.0,
    "clf_n_pos": 1476.0,
    "clf_n_neg": 3058.0
  },
  "RF_Dir": {
    "mae": 5.933526116341173,
    "rmse": 11.248763498983902,
    "pearson_r": 0.9662464732047603,
    "spearman_r": 0.7732046390439986,
    "n_dirs": 215.0,
    "danger_precision": 0.2558139534883721,
    "danger_recall": 0.9166666666666666,
    "danger_f1": 0.4,
    "danger_tp": 22.0,
    "danger_fp": 64.0,
    "danger_fn": 2.0,
    "danger_tn": 127.0,
    "clf_auc_roc": 0.7760793582428956,
    "clf_auc_pr": 0.6545224570225934,
    "clf_f1": 0.6124714332353901,
    "clf_precision": 0.591052299936988,
    "clf_recall": 0.6355013550135501,
    "clf_threshold": 0.24553421835264255,
    "clf_n_pairs": 4534.0,
    "clf_n_pos": 1476.0,
    "clf_n_neg": 3058.0
  }
}