{
  "threshold": 0.27142709493637085,
  "precision": 0.5411764705882353,
  "recall": 0.5087833441769681,
  "f1": 0.5244802145711073,
  "metric": "f1",
  "positive_rate": 0.08781853502456861,
  "method": "f1_maximization_on_train_data",
  "train_prediction_stats": {
    "min": 8.73892568051815e-05,
    "max": 0.9988768696784973,
    "mean": 0.07346499225663006,
    "std": 0.17219915010642156,
    "median": 0.0037434104597195983
  }
}