{
  "threshold": 0.2494724839925766,
  "precision": 0.8,
  "recall": 0.7272727272727273,
  "f1": 0.7619047618548753,
  "metric": "f1"
}