{
  "experience_days": 0.024486053735017776,
  "total_changes": 0.039235129952430725,
  "total_reviews": 0.024907400831580162,
  "recent_activity_frequency": 0.010907186195254326,
  "avg_activity_gap": 0.05070796608924866,
  "activity_trend": 0.035629719495773315,
  "collaboration_score": 0.038845308125019073,
  "code_quality_score": 0.0175086110830307,
  "recent_acceptance_rate": 0.05735158920288086,
  "review_load": 0.02739594131708145,
  "days_since_last_activity": 0.06033087149262428,
  "acceptance_trend": 0.06114119663834572,
  "reciprocity_score": 0.11601214855909348,
  "load_trend": 0.044230636209249496,
  "core_reviewer_ratio": 0.0334610641002655,
  "recent_rejection_streak": 0.06075688824057579,
  "acceptance_rate_last10": 0.018633054569363594,
  "active_months_ratio": 0.058180153369903564,
  "response_time_trend": 0.08793961256742477,
  "avg_action_intensity": 0.03380187973380089,
  "avg_change_lines": 0.01672697626054287,
  "avg_response_time": 0.022256799042224884,
  "avg_review_size": 0.03819430246949196,
  "repeat_collaboration_rate": 0.021359466016292572
}