{
  "Naive": {
    "mae": 7.558139534883721,
    "rmse": 15.490282024847136,
    "pearson_r": 0.9620498998254052,
    "spearman_r": 0.7870040536792128,
    "n_dirs": 215.0,
    "danger_precision": 0.6153846153846154,
    "danger_recall": 0.3333333333333333,
    "danger_f1": 0.43243243243243246,
    "danger_tp": 8.0,
    "danger_fp": 5.0,
    "danger_fn": 16.0,
    "danger_tn": 186.0
  },
  "Linear": {
    "mae": 5.266949152542373,
    "rmse": 7.901017837122225,
    "pearson_r": 0.9201963140457218,
    "spearman_r": 0.5588230131913129,
    "n_dirs": 236.0,
    "danger_precision": 0.2765957446808511,
    "danger_recall": 0.5,
    "danger_f1": 0.3561643835616438,
    "danger_tp": 13.0,
    "danger_fp": 34.0,
    "danger_fn": 13.0,
    "danger_tn": 176.0
  },
  "RF": {
    "mae": 4.9171162790697664,
    "rmse": 8.244464584135818,
    "pearson_r": 0.9578294870876853,
    "spearman_r": 0.7886811951715743,
    "n_dirs": 215.0,
    "danger_precision": 0.5333333333333333,
    "danger_recall": 0.3333333333333333,
    "danger_f1": 0.4102564102564102,
    "danger_tp": 8.0,
    "danger_fp": 7.0,
    "danger_fn": 16.0,
    "danger_tn": 184.0,
    "clf_auc_roc": 0.6565232293101216,
    "clf_auc_pr": 0.46604302487251587,
    "clf_f1": 0.5509533201840894,
    "clf_precision": 0.4071914480077745,
    "clf_recall": 0.8516260162601627,
    "clf_threshold": 0.75,
    "clf_n_pairs": 4534.0,
    "clf_n_pos": 1476.0,
    "clf_n_neg": 3058.0
  },
  "IRL_VariantA": {
    "mae": NaN,
    "rmse": NaN,
    "n_dirs": 0,
    "danger_precision": 0.0,
    "danger_recall": 0.0,
    "danger_f1": 0.0
  },
  "IRL_VariantA_scaled": {
    "mae": NaN,
    "rmse": NaN,
    "n_dirs": 0,
    "danger_precision": 0.0,
    "danger_recall": 0.0,
    "danger_f1": 0.0
  },
  "IRL_VariantB": {
    "mae": NaN,
    "rmse": NaN,
    "n_dirs": 0,
    "danger_precision": 0.0,
    "danger_recall": 0.0,
    "danger_f1": 0.0
  },
  "IRL_Dir": {
    "mae": 8.15591782093526,
    "rmse": 15.213045262213623,
    "pearson_r": 0.9366087697226949,
    "spearman_r": 0.728802485953973,
    "n_dirs": 215.0,
    "danger_precision": 0.15789473684210525,
    "danger_recall": 1.0,
    "danger_f1": 0.2727272727272727,
    "danger_tp": 24.0,
    "danger_fp": 128.0,
    "danger_fn": 0.0,
    "danger_tn": 63.0,
    "clf_auc_roc": 0.7288883970428979,
    "clf_auc_pr": 0.6223348427386426,
    "clf_f1": 0.5785011868429977,
    "clf_precision": 0.5790902919212492,
    "clf_recall": 0.5779132791327913,
    "clf_threshold": 0.06474011391401291,
    "clf_n_pairs": 4534.0,
    "clf_n_pos": 1476.0,
    "clf_n_neg": 3058.0
  },
  "IRL_Dir_calibrated": {
    "mae": 4.762052651760923,
    "rmse": 8.304384684445631,
    "pearson_r": 0.9646488515254177,
    "spearman_r": 0.7933498178681312,
    "n_dirs": 215.0,
    "danger_precision": 0.38,
    "danger_recall": 0.7916666666666666,
    "danger_f1": 0.5135135135135135,
    "danger_tp": 19.0,
    "danger_fp": 31.0,
    "danger_fn": 5.0,
    "danger_tn": 160.0,
    "clf_auc_roc": 0.7311362661533745,
    "clf_auc_pr": 0.6276212666578067,
    "clf_f1": 0.5785011868429977,
    "clf_precision": 0.5790902919212492,
    "clf_recall": 0.5779132791327913,
    "clf_threshold": 0.42857142857142855,
    "clf_n_pairs": 4534.0,
    "clf_n_pos": 1476.0,
    "clf_n_neg": 3058.0
  },
  "RF_Dir": {
    "mae": 6.331472957087683,
    "rmse": 11.824512862504655,
    "pearson_r": 0.9662747078429399,
    "spearman_r": 0.7811984402383383,
    "n_dirs": 215.0,
    "danger_precision": 0.24731182795698925,
    "danger_recall": 0.9583333333333334,
    "danger_f1": 0.3931623931623932,
    "danger_tp": 23.0,
    "danger_fp": 70.0,
    "danger_fn": 1.0,
    "danger_tn": 121.0,
    "clf_auc_roc": 0.7836515709826818,
    "clf_auc_pr": 0.6786770928446556,
    "clf_f1": 0.6344050381173351,
    "clf_precision": 0.6210253082414017,
    "clf_recall": 0.6483739837398373,
    "clf_threshold": 0.21030114316965332,
    "clf_n_pairs": 4534.0,
    "clf_n_pos": 1476.0,
    "clf_n_neg": 3058.0
  }
}