{
  "experience_days": 0.09168179333209991,
  "total_changes": 1.2574804003342324e-39,
  "total_reviews": 0.030432134866714478,
  "recent_activity_frequency": 0.07799365371465683,
  "avg_activity_gap": 0.024274474009871483,
  "activity_trend": 0.05471525341272354,
  "collaboration_score": 0.01782101020216942,
  "code_quality_score": 0.036962393671274185,
  "recent_acceptance_rate": 0.04820435121655464,
  "review_load": 0.054619185626506805,
  "days_since_last_activity": 0.06467552483081818,
  "acceptance_trend": 0.026232410222291946,
  "reciprocity_score": 1.0490302472735943e-39,
  "load_trend": 0.13505323231220245,
  "core_reviewer_ratio": 0.03713399916887283,
  "avg_action_intensity": 0.06401927769184113,
  "avg_change_lines": 0.06275037676095963,
  "avg_response_time": 0.06585779786109924,
  "avg_review_size": 0.05135229974985123,
  "repeat_collaboration_rate": 0.056220900267362595
}