{
  "auc_roc": 0.718568665377176,
  "auc_pr": 0.8522590445529198,
  "precision": 0.7735849056603774,
  "recall": 0.8723404255319149,
  "f1_score": 0.82,
  "optimal_threshold": 0.33,
  "positive_count": 47,
  "negative_count": 22,
  "total_count": 69,
  "feature_importance": {
    "experience_days": 0.08074603834095553,
    "total_changes": 0.033874430747211845,
    "total_reviews": 0.0777401865747473,
    "recent_activity_frequency": 0.08108592643602712,
    "avg_activity_gap": 0.04821487626433562,
    "activity_trend": 0.00716516820268003,
    "collaboration_score": 0.05281243704040746,
    "code_quality_score": 0.03446368710534841,
    "recent_acceptance_rate": 0.019599498231777562,
    "review_load": 0.04571082576840509,
    "days_since_last_activity": 0.08765643690584318,
    "acceptance_trend": 0.030085284131434666,
    "reciprocity_score": 0.01974494842846495,
    "load_trend": 0.030943503896284908,
    "core_reviewer_ratio": 0.1197756288413062,
    "avg_action_intensity": 0.041183626088436086,
    "avg_change_lines": 0.05962946028492274,
    "avg_response_time": 0.05976475678225111,
    "avg_review_size": 0.041526229377384205,
    "repeat_collaboration_rate": 0.028277050551776
  },
  "pattern": "3-6m \u2192 9-12m"
}