{
  "Naive": {
    "mae": 7.558139534883721,
    "rmse": 15.490282024847136,
    "pearson_r": 0.9620498998254048,
    "spearman_r": 0.7870040536792128,
    "n_dirs": 215.0,
    "danger_precision": 0.6153846153846154,
    "danger_recall": 0.3333333333333333,
    "danger_f1": 0.43243243243243246,
    "danger_tp": 8.0,
    "danger_fp": 5.0,
    "danger_fn": 16.0,
    "danger_tn": 186.0
  },
  "Linear": {
    "mae": 5.266949152542374,
    "rmse": 7.901017837122226,
    "pearson_r": 0.9201963140457217,
    "spearman_r": 0.5588230131913129,
    "n_dirs": 236.0,
    "danger_precision": 0.2765957446808511,
    "danger_recall": 0.5,
    "danger_f1": 0.3561643835616438,
    "danger_tp": 13.0,
    "danger_fp": 34.0,
    "danger_fn": 13.0,
    "danger_tn": 176.0
  },
  "RF": {
    "mae": 4.917116279069767,
    "rmse": 8.244464584135816,
    "pearson_r": 0.9578294870876851,
    "spearman_r": 0.7886811951715743,
    "n_dirs": 215.0,
    "danger_precision": 0.5333333333333333,
    "danger_recall": 0.3333333333333333,
    "danger_f1": 0.4102564102564102,
    "danger_tp": 8.0,
    "danger_fp": 7.0,
    "danger_fn": 16.0,
    "danger_tn": 184.0,
    "clf_auc_roc": 0.6565232293101216,
    "clf_auc_pr": 0.46604302487251587,
    "clf_f1": 0.5509533201840894,
    "clf_precision": 0.4071914480077745,
    "clf_recall": 0.8516260162601627,
    "clf_threshold": 0.75,
    "clf_n_pairs": 4534.0,
    "clf_n_pos": 1476.0,
    "clf_n_neg": 3058.0
  },
  "IRL_VariantA": {
    "mae": NaN,
    "rmse": NaN,
    "n_dirs": 0,
    "danger_precision": 0.0,
    "danger_recall": 0.0,
    "danger_f1": 0.0
  },
  "IRL_VariantA_scaled": {
    "mae": NaN,
    "rmse": NaN,
    "n_dirs": 0,
    "danger_precision": 0.0,
    "danger_recall": 0.0,
    "danger_f1": 0.0
  },
  "IRL_VariantB": {
    "mae": NaN,
    "rmse": NaN,
    "n_dirs": 0,
    "danger_precision": 0.0,
    "danger_recall": 0.0,
    "danger_f1": 0.0
  },
  "IRL_Dir": {
    "mae": 7.791326730774634,
    "rmse": 14.245685564516764,
    "pearson_r": 0.9436093174618346,
    "spearman_r": 0.7240581930228639,
    "n_dirs": 215.0,
    "danger_precision": 0.1702127659574468,
    "danger_recall": 1.0,
    "danger_f1": 0.2909090909090909,
    "danger_tp": 24.0,
    "danger_fp": 117.0,
    "danger_fn": 0.0,
    "danger_tn": 74.0,
    "clf_auc_roc": 0.7437818038252324,
    "clf_auc_pr": 0.6394651533154683,
    "clf_f1": 0.5862068965517241,
    "clf_precision": 0.5850202429149798,
    "clf_recall": 0.5873983739837398,
    "clf_threshold": 0.07500402629375458,
    "clf_n_pairs": 4534.0,
    "clf_n_pos": 1476.0,
    "clf_n_neg": 3058.0
  },
  "IRL_Dir_calibrated": {
    "mae": 4.726276242805196,
    "rmse": 8.103904088965798,
    "pearson_r": 0.9667955555022958,
    "spearman_r": 0.7876802097822159,
    "n_dirs": 215.0,
    "danger_precision": 0.36538461538461536,
    "danger_recall": 0.7916666666666666,
    "danger_f1": 0.5,
    "danger_tp": 19.0,
    "danger_fp": 33.0,
    "danger_fn": 5.0,
    "danger_tn": 158.0,
    "clf_auc_roc": 0.7440384721047995,
    "clf_auc_pr": 0.644131246632253,
    "clf_f1": 0.5860409145607701,
    "clf_precision": 0.5270562770562771,
    "clf_recall": 0.6598915989159891,
    "clf_threshold": 0.2857142857142857,
    "clf_n_pairs": 4534.0,
    "clf_n_pos": 1476.0,
    "clf_n_neg": 3058.0
  },
  "RF_Dir": {
    "mae": 6.279193091333571,
    "rmse": 11.672732195223247,
    "pearson_r": 0.9671840241921953,
    "spearman_r": 0.7807250269097895,
    "n_dirs": 215.0,
    "danger_precision": 0.23655913978494625,
    "danger_recall": 0.9166666666666666,
    "danger_f1": 0.376068376068376,
    "danger_tp": 22.0,
    "danger_fp": 71.0,
    "danger_fn": 2.0,
    "danger_tn": 120.0,
    "clf_auc_roc": 0.7759737885966171,
    "clf_auc_pr": 0.6775194211263327,
    "clf_f1": 0.6256906077348067,
    "clf_precision": 0.6380281690140845,
    "clf_recall": 0.6138211382113821,
    "clf_threshold": 0.22566644343117442,
    "clf_n_pairs": 4534.0,
    "clf_n_pos": 1476.0,
    "clf_n_neg": 3058.0
  }
}