{
  "feature_importance": {
    "window_tenure_days": 0.015809213614513165,
    "total_changes": 0.01686760978690381,
    "total_reviews": 0.04683350978917038,
    "recent_activity_frequency": 0.03307362470390238,
    "avg_activity_gap": 0.031336123077419835,
    "activity_trend": 0.021381498491513252,
    "unique_collaborator_count": 0.02363108110575611,
    "overall_acceptance_rate": 0.02237928759657198,
    "recent_acceptance_rate": 0.012730953218010606,
    "recent_load_ratio_30d_all": 0.02081667725010921,
    "days_since_last_activity": 0.03291607082978978,
    "reciprocity_score": 0.01443490952937339,
    "recent_load_ratio_7d_30d": 0.00815428620892496,
    "core_reviewer_ratio": 0.04903239305678795,
    "acceptance_rate_last10": 0.011445722251784292,
    "active_months_ratio": 0.025065205869825233,
    "response_time_trend": 0.024073986710236986,
    "reviewer_owner_ratio": 0.01800331590965999,
    "path_review_count": 0.19121046115181492,
    "path_recency": 0.1860549094373723,
    "path_acceptance_rate": 0.07284467840296885,
    "avg_action_intensity": 0.022975390822529224,
    "avg_change_lines": 0.022878262717887284,
    "avg_response_time": 0.03284513885182838,
    "avg_review_size": 0.02244258196400008,
    "repeat_collaboration_rate": 0.020763107651345657
  }
}