{
  "auc_roc": 0.6663442940038685,
  "auc_pr": 0.8268541668023345,
  "precision": 0.71875,
  "recall": 0.9787234042553191,
  "f1_score": 0.8288288288288288,
  "optimal_threshold": 0.2,
  "positive_count": 47,
  "negative_count": 22,
  "total_count": 69,
  "feature_importance": {
    "experience_days": 0.062065849538566586,
    "total_changes": 0.03342273990071029,
    "total_reviews": 0.08418171845212562,
    "recent_activity_frequency": 0.06480618752060527,
    "avg_activity_gap": 0.054422433954023935,
    "activity_trend": 0.006751222813726429,
    "collaboration_score": 0.04904756790717307,
    "code_quality_score": 0.041410674622393145,
    "recent_acceptance_rate": 0.014050729526267425,
    "review_load": 0.05802976760514149,
    "days_since_last_activity": 0.08678747004051575,
    "acceptance_trend": 0.0375595858533931,
    "reciprocity_score": 0.01831814537353547,
    "load_trend": 0.02501520973968044,
    "core_reviewer_ratio": 0.11001453407385434,
    "avg_action_intensity": 0.04100632988214963,
    "avg_change_lines": 0.06607385949189568,
    "avg_response_time": 0.07063678049025504,
    "avg_review_size": 0.04532952205609657,
    "repeat_collaboration_rate": 0.031069671157890798
  },
  "pattern": "0-3m \u2192 9-12m"
}