{
  "feature_importance": {
    "window_tenure_days": 0.0192284304830338,
    "total_changes": 0.014259712203239305,
    "total_reviews": 0.046386778465200465,
    "recent_activity_frequency": 0.03556348559552278,
    "avg_activity_gap": 0.028794758260003973,
    "activity_trend": 0.018077240413249193,
    "unique_collaborator_count": 0.013747384319735621,
    "overall_acceptance_rate": 0.018728036577010602,
    "recent_acceptance_rate": 0.010596245906743485,
    "recent_load_ratio_30d_all": 0.025266969143742445,
    "days_since_last_activity": 0.022302590468621774,
    "reciprocity_score": 0.013952147678635656,
    "recent_load_ratio_7d_30d": 0.007522537635078665,
    "core_reviewer_ratio": 0.050993654619336096,
    "acceptance_rate_last10": 0.010606931404948316,
    "active_months_ratio": 0.019406511162697933,
    "response_time_trend": 0.02223374060984896,
    "reviewer_owner_ratio": 0.014529953157549099,
    "n_projects": 0.010365754335720557,
    "cross_project_review_share": 0.01523943251558392,
    "same_domain_share": 0.013631346216009541,
    "path_review_count": 0.13822518356392252,
    "path_recency": 0.09449818333588043,
    "path_acceptance_rate": 0.044544710305467826,
    "path_lcp_similarity": 0.0,
    "path_owner_overlap": 0.08706158625618152,
    "path_hub_score": 0.04787789304705628,
    "path_neighbor_coverage": 0.05201908122152926,
    "avg_action_intensity": 0.018236563231563897,
    "avg_change_lines": 0.020259040238940495,
    "avg_response_time": 0.028378187033632037,
    "avg_review_size": 0.019714217558058907,
    "repeat_collaboration_rate": 0.01775171303625468
  }
}