{
  "Naive": {
    "mae": 7.558139534883721,
    "rmse": 15.490282024847136,
    "pearson_r": 0.962049899825405,
    "spearman_r": 0.7870040536792128,
    "n_dirs": 215.0,
    "danger_precision": 0.6153846153846154,
    "danger_recall": 0.3333333333333333,
    "danger_f1": 0.43243243243243246,
    "danger_tp": 8.0,
    "danger_fp": 5.0,
    "danger_fn": 16.0,
    "danger_tn": 186.0
  },
  "Linear": {
    "mae": 5.266949152542374,
    "rmse": 7.901017837122226,
    "pearson_r": 0.9201963140457219,
    "spearman_r": 0.5588230131913129,
    "n_dirs": 236.0,
    "danger_precision": 0.2765957446808511,
    "danger_recall": 0.5,
    "danger_f1": 0.3561643835616438,
    "danger_tp": 13.0,
    "danger_fp": 34.0,
    "danger_fn": 13.0,
    "danger_tn": 176.0
  },
  "RF": {
    "mae": 4.25046511627907,
    "rmse": 6.818578553362283,
    "pearson_r": 0.9575020785524638,
    "spearman_r": 0.7887670209933976,
    "n_dirs": 215.0,
    "danger_precision": 0.47058823529411764,
    "danger_recall": 0.3333333333333333,
    "danger_f1": 0.39024390243902435,
    "danger_tp": 8.0,
    "danger_fp": 9.0,
    "danger_fn": 16.0,
    "danger_tn": 182.0,
    "clf_auc_roc": 0.6657668322105067,
    "clf_auc_pr": 0.44590877087648323,
    "clf_f1": 0.5479662317728319,
    "clf_precision": 0.4401972872996301,
    "clf_recall": 0.725609756097561,
    "clf_threshold": 0.84,
    "clf_n_pairs": 4534.0,
    "clf_n_pos": 1476.0,
    "clf_n_neg": 3058.0
  },
  "IRL_VariantA": {
    "mae": NaN,
    "rmse": NaN,
    "n_dirs": 0,
    "danger_precision": 0.0,
    "danger_recall": 0.0,
    "danger_f1": 0.0
  },
  "IRL_VariantA_scaled": {
    "mae": NaN,
    "rmse": NaN,
    "n_dirs": 0,
    "danger_precision": 0.0,
    "danger_recall": 0.0,
    "danger_f1": 0.0
  },
  "IRL_VariantB": {
    "mae": NaN,
    "rmse": NaN,
    "n_dirs": 0,
    "danger_precision": 0.0,
    "danger_recall": 0.0,
    "danger_f1": 0.0
  },
  "IRL_Dir": {
    "mae": 6.10106494936111,
    "rmse": 10.700026158071882,
    "pearson_r": 0.9627802715487149,
    "spearman_r": 0.7373339966952918,
    "n_dirs": 215.0,
    "danger_precision": 0.21212121212121213,
    "danger_recall": 0.875,
    "danger_f1": 0.3414634146341463,
    "danger_tp": 21.0,
    "danger_fp": 78.0,
    "danger_fn": 3.0,
    "danger_tn": 113.0,
    "clf_auc_roc": 0.7545606530296827,
    "clf_auc_pr": 0.6423203380402145,
    "clf_f1": 0.5990839694656489,
    "clf_precision": 0.5453029460811561,
    "clf_recall": 0.6646341463414634,
    "clf_threshold": 0.12725558876991272,
    "clf_n_pairs": 4534.0,
    "clf_n_pos": 1476.0,
    "clf_n_neg": 3058.0
  },
  "IRL_Dir_calibrated": {
    "mae": 4.712129077840333,
    "rmse": 8.003726385644924,
    "pearson_r": 0.9692745710260492,
    "spearman_r": 0.8007724918853729,
    "n_dirs": 215.0,
    "danger_precision": 0.38181818181818183,
    "danger_recall": 0.875,
    "danger_f1": 0.5316455696202532,
    "danger_tp": 21.0,
    "danger_fp": 34.0,
    "danger_fn": 3.0,
    "danger_tn": 157.0,
    "clf_auc_roc": 0.7553801747958617,
    "clf_auc_pr": 0.6440341251347094,
    "clf_f1": 0.598531902879729,
    "clf_precision": 0.5130687318489835,
    "clf_recall": 0.7181571815718157,
    "clf_threshold": 0.27272727272727276,
    "clf_n_pairs": 4534.0,
    "clf_n_pos": 1476.0,
    "clf_n_neg": 3058.0
  },
  "RF_Dir": {
    "mae": 6.018983976030657,
    "rmse": 11.286899536452157,
    "pearson_r": 0.9641898748969607,
    "spearman_r": 0.7679073226535885,
    "n_dirs": 215.0,
    "danger_precision": 0.25,
    "danger_recall": 0.9166666666666666,
    "danger_f1": 0.3928571428571429,
    "danger_tp": 22.0,
    "danger_fp": 66.0,
    "danger_fn": 2.0,
    "danger_tn": 125.0,
    "clf_auc_roc": 0.786109250072226,
    "clf_auc_pr": 0.6719054278839547,
    "clf_f1": 0.6319358816276203,
    "clf_precision": 0.5797511312217195,
    "clf_recall": 0.6944444444444444,
    "clf_threshold": 0.20738923107490564,
    "clf_n_pairs": 4534.0,
    "clf_n_pos": 1476.0,
    "clf_n_neg": 3058.0
  }
}