{
  "IRL_Dir": {
    "n_pairs": 3611.0,
    "n_pos": 2107.0,
    "n_neg": 1504.0,
    "clf_auc_roc": 0.4738567742782417,
    "clf_auc_pr": 0.5793494411429728,
    "clf_f1": 0.7370818006656157,
    "clf_precision": 0.5841199333703498,
    "clf_recall": 0.9985761746559089,
    "clf_threshold": 0.0012745870044454932,
    "prob_mean": 0.07952842324828302,
    "prob_pos_mean": 0.07692773293608872,
    "prob_neg_mean": 0.08317181054069883
  },
  "IRL_dev": {
    "n_pairs": 574.0,
    "n_pos": 321.0,
    "n_neg": 253.0,
    "clf_auc_roc": 0.72610912046101,
    "clf_auc_pr": 0.798178500035685,
    "clf_f1": 0.7275449101796407,
    "clf_precision": 0.7002881844380403,
    "clf_recall": 0.7570093457943925,
    "clf_threshold": 0.6919468939304352,
    "prob_mean": 0.7528124542214067,
    "prob_pos_mean": 0.8053602851431155,
    "prob_neg_mean": 0.6861410956211359
  }
}