{
  "Naive": {
    "mae": 8.333333333333334,
    "rmse": 16.780969547887754,
    "pearson_r": 0.9581254449366069,
    "spearman_r": 0.7475158666423248,
    "n_dirs": 213.0,
    "danger_precision": 0.2857142857142857,
    "danger_recall": 0.08,
    "danger_f1": 0.125,
    "danger_tp": 2.0,
    "danger_fp": 5.0,
    "danger_fn": 23.0,
    "danger_tn": 183.0
  },
  "Linear": {
    "mae": 5.037356321839081,
    "rmse": 7.740523807357006,
    "pearson_r": 0.9315607129157929,
    "spearman_r": 0.5061701321202089,
    "n_dirs": 232.0,
    "danger_precision": 0.13157894736842105,
    "danger_recall": 0.17857142857142858,
    "danger_f1": 0.15151515151515152,
    "danger_tp": 5.0,
    "danger_fp": 33.0,
    "danger_fn": 23.0,
    "danger_tn": 171.0
  },
  "RF": {
    "mae": 5.610798122065728,
    "rmse": 10.407079208528307,
    "pearson_r": 0.9419082439452272,
    "spearman_r": 0.7597806540054155,
    "n_dirs": 213.0,
    "danger_precision": 0.3333333333333333,
    "danger_recall": 0.12,
    "danger_f1": 0.1764705882352941,
    "danger_tp": 3.0,
    "danger_fp": 6.0,
    "danger_fn": 22.0,
    "danger_tn": 182.0,
    "clf_auc_roc": 0.682369482992395,
    "clf_auc_pr": 0.5712431559368082,
    "clf_f1": 0.5133876600698487,
    "clf_precision": 0.4018223234624146,
    "clf_recall": 0.7107171635777598,
    "clf_threshold": 0.99,
    "clf_n_pairs": 4534.0,
    "clf_n_pos": 1241.0,
    "clf_n_neg": 3293.0
  },
  "IRL_VariantA": {
    "mae": NaN,
    "rmse": NaN,
    "n_dirs": 0,
    "danger_precision": 0.0,
    "danger_recall": 0.0,
    "danger_f1": 0.0
  },
  "IRL_VariantA_scaled": {
    "mae": NaN,
    "rmse": NaN,
    "n_dirs": 0,
    "danger_precision": 0.0,
    "danger_recall": 0.0,
    "danger_f1": 0.0
  },
  "IRL_VariantB": {
    "mae": NaN,
    "rmse": NaN,
    "n_dirs": 0,
    "danger_precision": 0.0,
    "danger_recall": 0.0,
    "danger_f1": 0.0
  },
  "IRL_Dir": {
    "mae": 5.976427839330717,
    "rmse": 11.843354393210852,
    "pearson_r": 0.9740251363133863,
    "spearman_r": 0.815274764557499,
    "n_dirs": 213.0,
    "danger_precision": 0.20512820512820512,
    "danger_recall": 0.96,
    "danger_f1": 0.3380281690140845,
    "danger_tp": 24.0,
    "danger_fp": 93.0,
    "danger_fn": 1.0,
    "danger_tn": 95.0,
    "clf_auc_roc": 0.7774943455619605,
    "clf_auc_pr": 0.6268124721761393,
    "clf_f1": 0.605920799692426,
    "clf_precision": 0.5794117647058824,
    "clf_recall": 0.6349717969379532,
    "clf_threshold": 0.12239492684602737,
    "clf_n_pairs": 4534.0,
    "clf_n_pos": 1241.0,
    "clf_n_neg": 3293.0
  },
  "IRL_Dir_calibrated": {
    "mae": 4.207869836395699,
    "rmse": 8.400610500038475,
    "pearson_r": 0.9755017429333842,
    "spearman_r": 0.8189723933942578,
    "n_dirs": 213.0,
    "danger_precision": 0.2535211267605634,
    "danger_recall": 0.72,
    "danger_f1": 0.375,
    "danger_tp": 18.0,
    "danger_fp": 53.0,
    "danger_fn": 7.0,
    "danger_tn": 135.0,
    "clf_auc_roc": 0.7802243569430235,
    "clf_auc_pr": 0.6369563719752581,
    "clf_f1": 0.599568655643422,
    "clf_precision": 0.5412070084360805,
    "clf_recall": 0.6720386784850927,
    "clf_threshold": 0.31932773109243695,
    "clf_n_pairs": 4534.0,
    "clf_n_pos": 1241.0,
    "clf_n_neg": 3293.0
  },
  "RF_Dir": {
    "mae": 4.729635560924673,
    "rmse": 9.177394879971951,
    "pearson_r": 0.9722416946250111,
    "spearman_r": 0.8071427782832087,
    "n_dirs": 213.0,
    "danger_precision": 0.2441860465116279,
    "danger_recall": 0.84,
    "danger_f1": 0.3783783783783784,
    "danger_tp": 21.0,
    "danger_fp": 65.0,
    "danger_fn": 4.0,
    "danger_tn": 123.0,
    "clf_auc_roc": 0.7867397769252925,
    "clf_auc_pr": 0.6465922597323873,
    "clf_f1": 0.6009139375476009,
    "clf_precision": 0.5696750902527076,
    "clf_recall": 0.6357775987107172,
    "clf_threshold": 0.2817459962622539,
    "clf_n_pairs": 4534.0,
    "clf_n_pos": 1241.0,
    "clf_n_neg": 3293.0
  }
}