{
  "auc_roc": 0.8109090909090909,
  "auc_pr": 0.7027839249662875,
  "optimal_threshold": 0.9340513944625854,
  "threshold_source": "train_data",
  "precision": 0.8,
  "recall": 0.36363636363636365,
  "f1_score": 0.5,
  "positive_count": 22,
  "negative_count": 25,
  "total_count": 47
}