{
  "experience_days": 0.0827886089682579,
  "total_changes": 0.01956940069794655,
  "total_reviews": 0.017432063817977905,
  "recent_activity_frequency": 0.056625135242938995,
  "avg_activity_gap": 0.05842842906713486,
  "activity_trend": 0.051293857395648956,
  "collaboration_score": 0.037556830793619156,
  "code_quality_score": 0.0195882860571146,
  "recent_acceptance_rate": 0.026502633467316628,
  "review_load": 0.06655454635620117,
  "days_since_last_activity": 0.03470782935619354,
  "acceptance_trend": 0.06215104088187218,
  "reciprocity_score": 0.05873985216021538,
  "load_trend": 0.05136950686573982,
  "core_reviewer_ratio": 0.024755295366048813,
  "avg_action_intensity": 0.04270442947745323,
  "avg_change_lines": 0.07373090833425522,
  "avg_response_time": 0.07957696169614792,
  "avg_review_size": 0.04272032901644707,
  "repeat_collaboration_rate": 0.093204066157341
}