{
  "auc_roc": 0.8178733031674207,
  "auc_pr": 0.8075185901709783,
  "optimal_threshold": 0.9723380208015442,
  "threshold_source": "train_data",
  "precision": 0.7894736842105263,
  "recall": 0.5769230769230769,
  "f1_score": 0.6666666666666666,
  "positive_count": 26,
  "negative_count": 34,
  "total_count": 60
}