{
  "Naive": {
    "mae": 5.992592592592593,
    "rmse": 9.811180319373365,
    "pearson_r": 0.9625014791472167,
    "spearman_r": 0.8035146873788105,
    "n_dirs": 135.0,
    "danger_precision": 0.0,
    "danger_recall": 0.0,
    "danger_f1": 0.0,
    "danger_tp": 0.0,
    "danger_fp": 4.0,
    "danger_fn": 3.0,
    "danger_tn": 128.0
  },
  "Linear": {
    "mae": 4.4988009592326135,
    "rmse": 6.233659694709717,
    "pearson_r": 0.921033803355413,
    "spearman_r": 0.5322826364392858,
    "n_dirs": 139.0,
    "danger_precision": 0.0,
    "danger_recall": 0.0,
    "danger_f1": 0.0,
    "danger_tp": 0.0,
    "danger_fp": 19.0,
    "danger_fn": 3.0,
    "danger_tn": 117.0
  },
  "RF": {
    "mae": 4.366740740740741,
    "rmse": 6.1975582408032395,
    "pearson_r": 0.9594551457830454,
    "spearman_r": 0.8038600884165497,
    "n_dirs": 135.0,
    "danger_precision": 0.0,
    "danger_recall": 0.0,
    "danger_f1": 0.0,
    "danger_tp": 0.0,
    "danger_fp": 4.0,
    "danger_fn": 3.0,
    "danger_tn": 128.0,
    "clf_auc_roc": 0.6417356279703408,
    "clf_auc_pr": 0.6677152688394974,
    "clf_f1": 0.6318257956448912,
    "clf_precision": 0.4908901613742842,
    "clf_recall": 0.8862781954887218,
    "clf_threshold": 0.82,
    "clf_n_pairs": 2510.0,
    "clf_n_pos": 1064.0,
    "clf_n_neg": 1446.0
  },
  "IRL_VariantA": {
    "mae": NaN,
    "rmse": NaN,
    "n_dirs": 0,
    "danger_precision": 0.0,
    "danger_recall": 0.0,
    "danger_f1": 0.0
  },
  "IRL_VariantA_scaled": {
    "mae": NaN,
    "rmse": NaN,
    "n_dirs": 0,
    "danger_precision": 0.0,
    "danger_recall": 0.0,
    "danger_f1": 0.0
  },
  "IRL_VariantB": {
    "mae": NaN,
    "rmse": NaN,
    "n_dirs": 0,
    "danger_precision": 0.0,
    "danger_recall": 0.0,
    "danger_f1": 0.0
  },
  "IRL_Dir": {
    "mae": 7.337325680581098,
    "rmse": 11.464310848223572,
    "pearson_r": 0.9532881446822955,
    "spearman_r": 0.7910033487757422,
    "n_dirs": 135.0,
    "danger_precision": 0.04918032786885246,
    "danger_recall": 1.0,
    "danger_f1": 0.09375,
    "danger_tp": 3.0,
    "danger_fp": 58.0,
    "danger_fn": 0.0,
    "danger_tn": 74.0,
    "clf_auc_roc": 0.7813107717426346,
    "clf_auc_pr": 0.7543760663909045,
    "clf_f1": 0.6751389992057188,
    "clf_precision": 0.5845942228335625,
    "clf_recall": 0.7988721804511278,
    "clf_threshold": 0.06044037267565727,
    "clf_n_pairs": 2510.0,
    "clf_n_pos": 1064.0,
    "clf_n_neg": 1446.0
  },
  "IRL_Dir_calibrated": {
    "mae": 4.454639840738882,
    "rmse": 6.975305863401509,
    "pearson_r": 0.9662546209326632,
    "spearman_r": 0.8244225617261494,
    "n_dirs": 135.0,
    "danger_precision": 0.07692307692307693,
    "danger_recall": 0.6666666666666666,
    "danger_f1": 0.13793103448275862,
    "danger_tp": 2.0,
    "danger_fp": 24.0,
    "danger_fn": 1.0,
    "danger_tn": 108.0,
    "clf_auc_roc": 0.7828537890369076,
    "clf_auc_pr": 0.7623393416418264,
    "clf_f1": 0.6751389992057188,
    "clf_precision": 0.5845942228335625,
    "clf_recall": 0.7988721804511278,
    "clf_threshold": 0.3894736842105263,
    "clf_n_pairs": 2510.0,
    "clf_n_pos": 1064.0,
    "clf_n_neg": 1446.0
  },
  "RF_Dir": {
    "mae": 5.749419013624647,
    "rmse": 9.594445328480994,
    "pearson_r": 0.9583362566847542,
    "spearman_r": 0.8152157789368684,
    "n_dirs": 135.0,
    "danger_precision": 0.0967741935483871,
    "danger_recall": 1.0,
    "danger_f1": 0.17647058823529413,
    "danger_tp": 3.0,
    "danger_fp": 28.0,
    "danger_fn": 0.0,
    "danger_tn": 104.0,
    "clf_auc_roc": 0.782489483563681,
    "clf_auc_pr": 0.7723098746483743,
    "clf_f1": 0.6680978960927436,
    "clf_precision": 0.6150197628458498,
    "clf_recall": 0.731203007518797,
    "clf_threshold": 0.28355076161022924,
    "clf_n_pairs": 2510.0,
    "clf_n_pos": 1064.0,
    "clf_n_neg": 1446.0
  }
}