{
  "feature_importance": {
    "window_tenure_days": 0.02194790647942393,
    "total_changes": 0.0129399029061749,
    "total_reviews": 0.029987929646648905,
    "recent_activity_frequency": 0.02639055179527867,
    "avg_activity_gap": 0.023014892388846263,
    "activity_trend": 0.017655788782874562,
    "unique_collaborator_count": 0.015325402472143894,
    "overall_acceptance_rate": 0.017203106986349467,
    "recent_acceptance_rate": 0.010495892530723102,
    "recent_load_ratio_30d_all": 0.01974143084460102,
    "days_since_last_activity": 0.029306898327174674,
    "reciprocity_score": 0.015394911009681671,
    "recent_load_ratio_7d_30d": 0.008309143044287107,
    "core_reviewer_ratio": 0.039759627091491986,
    "acceptance_rate_last10": 0.01086415519930377,
    "active_months_ratio": 0.015026718558084306,
    "response_time_trend": 0.017521774525145885,
    "reviewer_owner_ratio": 0.012597481291343022,
    "n_projects": 0.008201201439051687,
    "cross_project_review_share": 0.011997944582715216,
    "same_domain_share": 0.013245555436083571,
    "path_review_count": 0.16192125440657948,
    "path_recency": 0.1550693240128361,
    "path_acceptance_rate": 0.0628565541229631,
    "path_lcp_similarity": 0.0,
    "path_owner_overlap": 0.1296388848840715,
    "avg_action_intensity": 0.02257868583342017,
    "avg_change_lines": 0.023887081446086852,
    "avg_response_time": 0.024879817586283538,
    "avg_review_size": 0.019865173123651235,
    "repeat_collaboration_rate": 0.022375009246680476
  }
}