{
  "Naive": {
    "mae": 5.973684210526316,
    "rmse": 10.266193882939541,
    "pearson_r": 0.9666075191958606,
    "spearman_r": 0.7265015932218002,
    "n_dirs": 228.0,
    "danger_precision": 0.4166666666666667,
    "danger_recall": 0.21739130434782608,
    "danger_f1": 0.2857142857142857,
    "danger_tp": 5.0,
    "danger_fp": 7.0,
    "danger_fn": 18.0,
    "danger_tn": 198.0
  },
  "Linear": {
    "mae": 5.854082998661311,
    "rmse": 8.317307213637896,
    "pearson_r": 0.9227607723210398,
    "spearman_r": 0.5484079222863182,
    "n_dirs": 249.0,
    "danger_precision": 0.15217391304347827,
    "danger_recall": 0.2692307692307692,
    "danger_f1": 0.19444444444444445,
    "danger_tp": 7.0,
    "danger_fp": 39.0,
    "danger_fn": 19.0,
    "danger_tn": 184.0
  },
  "RF": {
    "mae": 4.350219298245614,
    "rmse": 6.042727650336423,
    "pearson_r": 0.9630127347571147,
    "spearman_r": 0.7378070973413875,
    "n_dirs": 228.0,
    "danger_precision": 0.4166666666666667,
    "danger_recall": 0.21739130434782608,
    "danger_f1": 0.2857142857142857,
    "danger_tp": 5.0,
    "danger_fp": 7.0,
    "danger_fn": 18.0,
    "danger_tn": 198.0,
    "clf_auc_roc": 0.6804893609339441,
    "clf_auc_pr": 0.664103676505063,
    "clf_f1": 0.6361287291519849,
    "clf_precision": 0.5604304635761589,
    "clf_recall": 0.7354698533405758,
    "clf_threshold": 0.97,
    "clf_n_pairs": 4534.0,
    "clf_n_pos": 1841.0,
    "clf_n_neg": 2693.0
  },
  "IRL_VariantA": {
    "mae": NaN,
    "rmse": NaN,
    "n_dirs": 0,
    "danger_precision": 0.0,
    "danger_recall": 0.0,
    "danger_f1": 0.0
  },
  "IRL_VariantA_scaled": {
    "mae": NaN,
    "rmse": NaN,
    "n_dirs": 0,
    "danger_precision": 0.0,
    "danger_recall": 0.0,
    "danger_f1": 0.0
  },
  "IRL_VariantB": {
    "mae": NaN,
    "rmse": NaN,
    "n_dirs": 0,
    "danger_precision": 0.0,
    "danger_recall": 0.0,
    "danger_f1": 0.0
  },
  "IRL_Dir": {
    "mae": 9.362880558899814,
    "rmse": 17.919422756152155,
    "pearson_r": 0.9587313949600238,
    "spearman_r": 0.7141724203976574,
    "n_dirs": 228.0,
    "danger_precision": 0.1864406779661017,
    "danger_recall": 0.9565217391304348,
    "danger_f1": 0.3120567375886525,
    "danger_tp": 22.0,
    "danger_fp": 96.0,
    "danger_fn": 1.0,
    "danger_tn": 109.0,
    "clf_auc_roc": 0.7752787368139944,
    "clf_auc_pr": 0.7474498053118961,
    "clf_f1": 0.6784835056622354,
    "clf_precision": 0.6204412426834759,
    "clf_recall": 0.7485062466051059,
    "clf_threshold": 0.0310632586479187,
    "clf_n_pairs": 4534.0,
    "clf_n_pos": 1841.0,
    "clf_n_neg": 2693.0
  },
  "IRL_Dir_calibrated": {
    "mae": 6.278849352770075,
    "rmse": 11.375550384650825,
    "pearson_r": 0.9724536603015647,
    "spearman_r": 0.75530018537717,
    "n_dirs": 228.0,
    "danger_precision": 0.32,
    "danger_recall": 0.6956521739130435,
    "danger_f1": 0.4383561643835616,
    "danger_tp": 16.0,
    "danger_fp": 34.0,
    "danger_fn": 7.0,
    "danger_tn": 171.0,
    "clf_auc_roc": 0.7775345701824575,
    "clf_auc_pr": 0.7513813759383305,
    "clf_f1": 0.6784119106699752,
    "clf_precision": 0.6244860666971219,
    "clf_recall": 0.7425312330255296,
    "clf_threshold": 0.2838803105932922,
    "clf_n_pairs": 4534.0,
    "clf_n_pos": 1841.0,
    "clf_n_neg": 2693.0
  },
  "RF_Dir": {
    "mae": 8.504451652299606,
    "rmse": 16.082940059810994,
    "pearson_r": 0.9645738653598487,
    "spearman_r": 0.7404333144635593,
    "n_dirs": 228.0,
    "danger_precision": 0.2127659574468085,
    "danger_recall": 0.8695652173913043,
    "danger_f1": 0.3418803418803419,
    "danger_tp": 20.0,
    "danger_fp": 74.0,
    "danger_fn": 3.0,
    "danger_tn": 131.0,
    "clf_auc_roc": 0.7830172295727975,
    "clf_auc_pr": 0.765509595307689,
    "clf_f1": 0.6609257265877287,
    "clf_precision": 0.6549333333333334,
    "clf_recall": 0.6670287887017925,
    "clf_threshold": 0.20567180445274794,
    "clf_n_pairs": 4534.0,
    "clf_n_pos": 1841.0,
    "clf_n_neg": 2693.0
  }
}