{
  "experience_days": 0.07513844966888428,
  "total_changes": 0.028706414625048637,
  "total_reviews": 0.03924499452114105,
  "recent_activity_frequency": 0.10063886642456055,
  "avg_activity_gap": 0.0808042511343956,
  "activity_trend": 0.03070584498345852,
  "collaboration_score": 0.022205203771591187,
  "code_quality_score": 0.014321666210889816,
  "recent_acceptance_rate": 0.05272058770060539,
  "review_load": 0.07191788405179977,
  "days_since_last_activity": 0.035819657146930695,
  "acceptance_trend": 0.03691192716360092,
  "reciprocity_score": 0.0328497551381588,
  "load_trend": 0.058149050921201706,
  "core_reviewer_ratio": 0.010955861769616604,
  "recent_rejection_streak": 0.045710720121860504,
  "acceptance_rate_last10": 0.025558466091752052,
  "active_months_ratio": 0.02833438292145729,
  "response_time_trend": 0.07273440062999725,
  "complex_pr_bias": 0.037850093096494675,
  "avg_action_intensity": 0.01886230893433094,
  "avg_change_lines": 0.010837140493094921,
  "avg_response_time": 0.022911155596375465,
  "avg_review_size": 0.02759702317416668,
  "repeat_collaboration_rate": 0.018513886258006096
}