{
  "threshold": 0.3070944845676422,
  "precision": 0.589563862928349,
  "recall": 0.46498771498771496,
  "f1": 0.5199175823682801,
  "metric": "f1",
  "positive_rate": 0.09301794080676494,
  "method": "f1_maximization_on_train_data",
  "train_prediction_stats": {
    "min": 2.6388326659798622e-05,
    "max": 0.9998223185539246,
    "mean": 0.06914139664778601,
    "std": 0.1771969506878611,
    "median": 0.0024782820837572217
  }
}