{
  "IRL_Dir": {
    "n_pairs": 3611.0,
    "n_pos": 1511.0,
    "n_neg": 2100.0,
    "clf_auc_roc": 0.5114329835176956,
    "clf_auc_pr": 0.4580519729136807,
    "clf_f1": 0.5900039047247169,
    "clf_precision": 0.4184436444198283,
    "clf_recall": 1.0,
    "clf_threshold": 0.005265197716653347,
    "prob_mean": 0.1572867840631911,
    "prob_pos_mean": 0.16887789287417634,
    "prob_neg_mean": 0.14894670529490603
  },
  "IRL_dev": {
    "n_pairs": 406.0,
    "n_pos": 161.0,
    "n_neg": 245.0,
    "clf_auc_roc": 0.8433515020915199,
    "clf_auc_pr": 0.7945109372626467,
    "clf_f1": 0.7452229299363057,
    "clf_precision": 0.7647058823529411,
    "clf_recall": 0.7267080745341615,
    "clf_threshold": 0.9392167702317238,
    "prob_mean": 0.8823211151014628,
    "prob_pos_mean": 0.9335494142095124,
    "prob_neg_mean": 0.8486568042590302
  }
}