{
  "feature_importance": {
    "window_tenure_days": 0.02013631750912385,
    "total_changes": 0.015853370362221047,
    "total_reviews": 0.030227084090489992,
    "recent_activity_frequency": 0.03143375839084502,
    "avg_activity_gap": 0.020215632888527693,
    "activity_trend": 0.02152616914810777,
    "unique_collaborator_count": 0.016925326023701035,
    "overall_acceptance_rate": 0.017026749806299663,
    "recent_acceptance_rate": 0.012754665433389318,
    "recent_load_ratio_30d_all": 0.0268008879000273,
    "days_since_last_activity": 0.03021201083290401,
    "reciprocity_score": 0.012222000429578037,
    "recent_load_ratio_7d_30d": 0.011432395244777642,
    "core_reviewer_ratio": 0.03550173877881419,
    "acceptance_rate_last10": 0.01091525413173217,
    "active_months_ratio": 0.015596230347785883,
    "response_time_trend": 0.023890605535315707,
    "reviewer_owner_ratio": 0.013038953221142686,
    "n_projects": 0.011477105739855702,
    "cross_project_review_share": 0.017113449973561585,
    "same_domain_share": 0.012934848609263803,
    "path_review_count": 0.15763979503586542,
    "path_recency": 0.1482543428827553,
    "path_acceptance_rate": 0.04973354875046334,
    "path_lcp_similarity": 0.0,
    "path_owner_overlap": 0.12274293955635314,
    "avg_action_intensity": 0.020804975597812227,
    "avg_change_lines": 0.02349344532586079,
    "avg_response_time": 0.03346240941434959,
    "avg_review_size": 0.017310169221829333,
    "repeat_collaboration_rate": 0.01932381981724672
  }
}