{
  "Naive": {
    "mae": 8.333333333333334,
    "rmse": 16.780969547887754,
    "pearson_r": 0.9581254449366068,
    "spearman_r": 0.7475158666423248,
    "n_dirs": 213.0,
    "danger_precision": 0.2857142857142857,
    "danger_recall": 0.08,
    "danger_f1": 0.125,
    "danger_tp": 2.0,
    "danger_fp": 5.0,
    "danger_fn": 23.0,
    "danger_tn": 183.0
  },
  "Linear": {
    "mae": 5.0373563218390816,
    "rmse": 7.740523807357006,
    "pearson_r": 0.931560712915793,
    "spearman_r": 0.5061701321202089,
    "n_dirs": 232.0,
    "danger_precision": 0.13157894736842105,
    "danger_recall": 0.17857142857142858,
    "danger_f1": 0.15151515151515152,
    "danger_tp": 5.0,
    "danger_fp": 33.0,
    "danger_fn": 23.0,
    "danger_tn": 171.0
  },
  "RF": {
    "mae": 5.154037558685444,
    "rmse": 9.43710141402494,
    "pearson_r": 0.9504806357273583,
    "spearman_r": 0.7600969107755104,
    "n_dirs": 213.0,
    "danger_precision": 0.2727272727272727,
    "danger_recall": 0.12,
    "danger_f1": 0.16666666666666666,
    "danger_tp": 3.0,
    "danger_fp": 8.0,
    "danger_fn": 22.0,
    "danger_tn": 180.0,
    "clf_auc_roc": 0.6803464140108202,
    "clf_auc_pr": 0.43124890739319055,
    "clf_f1": 0.5077498663816141,
    "clf_precision": 0.3798480607756897,
    "clf_recall": 0.765511684125705,
    "clf_threshold": 0.84,
    "clf_n_pairs": 4534.0,
    "clf_n_pos": 1241.0,
    "clf_n_neg": 3293.0
  },
  "IRL_VariantA": {
    "mae": NaN,
    "rmse": NaN,
    "n_dirs": 0,
    "danger_precision": 0.0,
    "danger_recall": 0.0,
    "danger_f1": 0.0
  },
  "IRL_VariantA_scaled": {
    "mae": NaN,
    "rmse": NaN,
    "n_dirs": 0,
    "danger_precision": 0.0,
    "danger_recall": 0.0,
    "danger_f1": 0.0
  },
  "IRL_VariantB": {
    "mae": NaN,
    "rmse": NaN,
    "n_dirs": 0,
    "danger_precision": 0.0,
    "danger_recall": 0.0,
    "danger_f1": 0.0
  },
  "IRL_Dir": {
    "mae": 6.1339890667870325,
    "rmse": 11.95053952599703,
    "pearson_r": 0.9602882717119441,
    "spearman_r": 0.7863710173273367,
    "n_dirs": 213.0,
    "danger_precision": 0.18604651162790697,
    "danger_recall": 0.96,
    "danger_f1": 0.31168831168831174,
    "danger_tp": 24.0,
    "danger_fp": 105.0,
    "danger_fn": 1.0,
    "danger_tn": 83.0,
    "clf_auc_roc": 0.7105688745178464,
    "clf_auc_pr": 0.5492482724910822,
    "clf_f1": 0.5323284410948036,
    "clf_precision": 0.52421875,
    "clf_recall": 0.540692989524577,
    "clf_threshold": 0.15694952011108398,
    "clf_n_pairs": 4534.0,
    "clf_n_pos": 1241.0,
    "clf_n_neg": 3293.0
  },
  "IRL_Dir_calibrated": {
    "mae": 4.35649286012515,
    "rmse": 8.492224232217755,
    "pearson_r": 0.9700214259050794,
    "spearman_r": 0.8068277849096458,
    "n_dirs": 213.0,
    "danger_precision": 0.25,
    "danger_recall": 0.72,
    "danger_f1": 0.3711340206185567,
    "danger_tp": 18.0,
    "danger_fp": 54.0,
    "danger_fn": 7.0,
    "danger_tn": 134.0,
    "clf_auc_roc": 0.7146304286703928,
    "clf_auc_pr": 0.5579364596479549,
    "clf_f1": 0.5301673803036201,
    "clf_precision": 0.5128012048192772,
    "clf_recall": 0.5487510072522159,
    "clf_threshold": 0.2857142857142857,
    "clf_n_pairs": 4534.0,
    "clf_n_pos": 1241.0,
    "clf_n_neg": 3293.0
  },
  "RF_Dir": {
    "mae": 5.303252314832391,
    "rmse": 10.568094352272304,
    "pearson_r": 0.9763005147169435,
    "spearman_r": 0.8119419416614395,
    "n_dirs": 213.0,
    "danger_precision": 0.20388349514563106,
    "danger_recall": 0.84,
    "danger_f1": 0.328125,
    "danger_tp": 21.0,
    "danger_fp": 82.0,
    "danger_fn": 4.0,
    "danger_tn": 106.0,
    "clf_auc_roc": 0.7968962316715578,
    "clf_auc_pr": 0.6705663093176,
    "clf_f1": 0.6168384879725086,
    "clf_precision": 0.6605335786568537,
    "clf_recall": 0.5785656728444802,
    "clf_threshold": 0.28,
    "clf_n_pairs": 4534.0,
    "clf_n_pos": 1241.0,
    "clf_n_neg": 3293.0
  }
}