{
  "experience_days": -0.017175395041704178,
  "total_changes": 0.01119287684559822,
  "total_reviews": -0.004100060556083918,
  "recent_activity_frequency": 0.009624590165913105,
  "avg_activity_gap": 0.0022696400992572308,
  "activity_trend": -0.005881105549633503,
  "collaboration_score": -0.005965959280729294,
  "code_quality_score": 0.008321688510477543,
  "recent_acceptance_rate": -0.00039697581087239087,
  "review_load": 0.017756078392267227,
  "days_since_last_activity": -0.010448905639350414,
  "acceptance_trend": -0.003891053143888712,
  "reciprocity_score": -0.010269403457641602,
  "load_trend": 0.015318231657147408,
  "core_reviewer_ratio": -0.00013541741645894945,
  "recent_rejection_streak": -0.0020020664669573307,
  "acceptance_rate_last10": -0.008416126482188702,
  "active_months_ratio": -0.0028828782960772514,
  "response_time_trend": -0.016923803836107254,
  "complex_pr_bias": 0.01651865802705288,
  "avg_action_intensity": 0.007977772504091263,
  "avg_change_lines": -0.014280230738222599,
  "avg_response_time": 0.006952153518795967,
  "avg_review_size": -0.016648374497890472,
  "repeat_collaboration_rate": -0.010235410183668137
}