{
  "experience_days": 0.03420910984277725,
  "total_changes": 0.01635039784014225,
  "total_reviews": 0.014663688838481903,
  "recent_activity_frequency": 0.018169008195400238,
  "avg_activity_gap": 0.021626124158501625,
  "activity_trend": 0.027671733871102333,
  "collaboration_score": 0.013322662562131882,
  "code_quality_score": 0.018404100090265274,
  "recent_acceptance_rate": 0.012717115692794323,
  "review_load": 0.026390833780169487,
  "days_since_last_activity": 0.02098207361996174,
  "acceptance_trend": 0.011345594190061092,
  "reciprocity_score": 0.02900931052863598,
  "load_trend": 0.02442880906164646,
  "core_reviewer_ratio": 0.018100855872035027,
  "recent_rejection_streak": 0.01482195034623146,
  "acceptance_rate_last10": 0.020955312997102737,
  "active_months_ratio": 0.019802939146757126,
  "response_time_trend": 0.035327062010765076,
  "complex_pr_bias": 0.029242834076285362,
  "avg_action_intensity": 0.039969827979803085,
  "avg_change_lines": 0.05131686106324196,
  "avg_response_time": 0.023198990151286125,
  "avg_review_size": 0.0740412175655365,
  "repeat_collaboration_rate": 0.06070363149046898
}