{
  "Naive": {
    "mae": 7.607142857142857,
    "rmse": 12.90348790056394,
    "pearson_r": 0.965134244581811,
    "spearman_r": 0.7827821841758058,
    "n_dirs": 112.0,
    "danger_precision": 0.0,
    "danger_recall": 0.0,
    "danger_f1": 0.0,
    "danger_tp": 0.0,
    "danger_fp": 0.0,
    "danger_fn": 5.0,
    "danger_tn": 107.0
  },
  "Linear": {
    "mae": 6.366120218579234,
    "rmse": 9.011528742295841,
    "pearson_r": 0.9032722314918764,
    "spearman_r": 0.5767144781600878,
    "n_dirs": 122.0,
    "danger_precision": 0.13333333333333333,
    "danger_recall": 0.4,
    "danger_f1": 0.2,
    "danger_tp": 2.0,
    "danger_fp": 13.0,
    "danger_fn": 3.0,
    "danger_tn": 104.0
  },
  "RF": {
    "mae": 4.042232142857143,
    "rmse": 5.600693436020732,
    "pearson_r": 0.9664494879941586,
    "spearman_r": 0.8099887461101954,
    "n_dirs": 112.0,
    "danger_precision": 0.0,
    "danger_recall": 0.0,
    "danger_f1": 0.0,
    "danger_tp": 0.0,
    "danger_fp": 0.0,
    "danger_fn": 5.0,
    "danger_tn": 107.0,
    "clf_auc_roc": 0.6734307998482343,
    "clf_auc_pr": 0.5232301139036772,
    "clf_f1": 0.6259196378041879,
    "clf_precision": 0.47878787878787876,
    "clf_recall": 0.9035947712418301,
    "clf_threshold": 0.69,
    "clf_n_pairs": 3050.0,
    "clf_n_pos": 1224.0,
    "clf_n_neg": 1826.0
  },
  "IRL_VariantA": {
    "mae": NaN,
    "rmse": NaN,
    "n_dirs": 0,
    "danger_precision": 0.0,
    "danger_recall": 0.0,
    "danger_f1": 0.0
  },
  "IRL_VariantA_scaled": {
    "mae": NaN,
    "rmse": NaN,
    "n_dirs": 0,
    "danger_precision": 0.0,
    "danger_recall": 0.0,
    "danger_f1": 0.0
  },
  "IRL_VariantB": {
    "mae": NaN,
    "rmse": NaN,
    "n_dirs": 0,
    "danger_precision": 0.0,
    "danger_recall": 0.0,
    "danger_f1": 0.0
  },
  "IRL_Dir": {
    "mae": 10.74446078934046,
    "rmse": 16.760664068420848,
    "pearson_r": 0.9622824537620918,
    "spearman_r": 0.7742022743773838,
    "n_dirs": 112.0,
    "danger_precision": 0.125,
    "danger_recall": 1.0,
    "danger_f1": 0.2222222222222222,
    "danger_tp": 5.0,
    "danger_fp": 35.0,
    "danger_fn": 0.0,
    "danger_tn": 72.0,
    "clf_auc_roc": 0.7997918590583368,
    "clf_auc_pr": 0.7640359524252458,
    "clf_f1": 0.6910112359550562,
    "clf_precision": 0.6790220820189274,
    "clf_recall": 0.7034313725490197,
    "clf_threshold": 0.12230988591909409,
    "clf_n_pairs": 3050.0,
    "clf_n_pos": 1224.0,
    "clf_n_neg": 1826.0
  },
  "IRL_Dir_calibrated": {
    "mae": 7.256164762298553,
    "rmse": 10.8169171955235,
    "pearson_r": 0.9732269420353575,
    "spearman_r": 0.8086582402484266,
    "n_dirs": 112.0,
    "danger_precision": 0.07692307692307693,
    "danger_recall": 0.2,
    "danger_f1": 0.1111111111111111,
    "danger_tp": 1.0,
    "danger_fp": 12.0,
    "danger_fn": 4.0,
    "danger_tn": 95.0,
    "clf_auc_roc": 0.8008860307540322,
    "clf_auc_pr": 0.7695286087777207,
    "clf_f1": 0.6871834826645891,
    "clf_precision": 0.6567386448250186,
    "clf_recall": 0.7205882352941176,
    "clf_threshold": 0.31868131868131866,
    "clf_n_pairs": 3050.0,
    "clf_n_pos": 1224.0,
    "clf_n_neg": 1826.0
  },
  "RF_Dir": {
    "mae": 9.673241204949948,
    "rmse": 15.868288152423883,
    "pearson_r": 0.9715290291676137,
    "spearman_r": 0.8378864859165072,
    "n_dirs": 112.0,
    "danger_precision": 0.08695652173913043,
    "danger_recall": 0.4,
    "danger_f1": 0.14285714285714285,
    "danger_tp": 2.0,
    "danger_fp": 21.0,
    "danger_fn": 3.0,
    "danger_tn": 86.0,
    "clf_auc_roc": 0.8094953342782897,
    "clf_auc_pr": 0.7766355960992843,
    "clf_f1": 0.6936,
    "clf_precision": 0.6794670846394985,
    "clf_recall": 0.7083333333333334,
    "clf_threshold": 0.2660515621835227,
    "clf_n_pairs": 3050.0,
    "clf_n_pos": 1224.0,
    "clf_n_neg": 1826.0
  }
}