{
  "experience_days": -0.03249351680278778,
  "total_changes": 0.009943751618266106,
  "total_reviews": -0.012629416771233082,
  "recent_activity_frequency": 0.007584371138364077,
  "avg_activity_gap": 0.004928072448819876,
  "activity_trend": -0.015854714438319206,
  "collaboration_score": -0.002780905459076166,
  "code_quality_score": 0.014399495907127857,
  "recent_acceptance_rate": -0.00517231784760952,
  "review_load": 0.016071829944849014,
  "days_since_last_activity": -0.01570216566324234,
  "acceptance_trend": -0.004484707023948431,
  "reciprocity_score": -0.012254787608981133,
  "load_trend": 0.013386181555688381,
  "core_reviewer_ratio": -0.0038709514774382114,
  "recent_rejection_streak": -0.0031419778242707253,
  "acceptance_rate_last10": -0.012656427919864655,
  "active_months_ratio": 0.004296272527426481,
  "response_time_trend": -0.03206389397382736,
  "complex_pr_bias": 0.009474396705627441,
  "avg_action_intensity": 0.03060189262032509,
  "avg_change_lines": -0.0015357164666056633,
  "avg_response_time": 0.006434346549212933,
  "avg_review_size": -0.025178629904985428,
  "repeat_collaboration_rate": -0.006684684194624424
}