{
  "experience_days": 0.03511539846658707,
  "total_changes": 0.016873855143785477,
  "total_reviews": 0.016982007771730423,
  "recent_activity_frequency": 0.016133826225996017,
  "avg_activity_gap": 0.01908147521317005,
  "activity_trend": 0.03130759671330452,
  "collaboration_score": 0.015224902890622616,
  "code_quality_score": 0.01660897023975849,
  "recent_acceptance_rate": 0.010467767715454102,
  "review_load": 0.026152638718485832,
  "days_since_last_activity": 0.020689325407147408,
  "acceptance_trend": 0.009309756569564342,
  "reciprocity_score": 0.02544349618256092,
  "load_trend": 0.01719011925160885,
  "core_reviewer_ratio": 0.012798046693205833,
  "recent_rejection_streak": 0.01573723368346691,
  "acceptance_rate_last10": 0.019031023606657982,
  "active_months_ratio": 0.020057575777173042,
  "response_time_trend": 0.04188620299100876,
  "complex_pr_bias": 0.02322615310549736,
  "avg_action_intensity": 0.03833339735865593,
  "avg_change_lines": 0.030982937663793564,
  "avg_response_time": 0.01588585041463375,
  "avg_review_size": 0.07481906563043594,
  "repeat_collaboration_rate": 0.06079677492380142
}