{
  "Naive": {
    "mae": 9.747967479674797,
    "rmse": 16.321714799117764,
    "pearson_r": 0.9563737681582576,
    "spearman_r": 0.7635117006378804,
    "n_dirs": 123.0,
    "danger_precision": 0.0,
    "danger_recall": 0.0,
    "danger_f1": 0.0,
    "danger_tp": 0.0,
    "danger_fp": 1.0,
    "danger_fn": 4.0,
    "danger_tn": 118.0
  },
  "Linear": {
    "mae": 5.5664160401002505,
    "rmse": 7.389565675250392,
    "pearson_r": 0.9276541080731553,
    "spearman_r": 0.6351054974590391,
    "n_dirs": 133.0,
    "danger_precision": 0.0,
    "danger_recall": 0.0,
    "danger_f1": 0.0,
    "danger_tp": 0.0,
    "danger_fp": 16.0,
    "danger_fn": 5.0,
    "danger_tn": 112.0
  },
  "RF": {
    "mae": 4.387317073170731,
    "rmse": 6.565152893903172,
    "pearson_r": 0.9460103139703819,
    "spearman_r": 0.7741299942327297,
    "n_dirs": 123.0,
    "danger_precision": 0.0,
    "danger_recall": 0.0,
    "danger_f1": 0.0,
    "danger_tp": 0.0,
    "danger_fp": 2.0,
    "danger_fn": 4.0,
    "danger_tn": 117.0,
    "clf_auc_roc": 0.6737107959038275,
    "clf_auc_pr": 0.4568052027270706,
    "clf_f1": 0.5618262523779328,
    "clf_precision": 0.4101851851851852,
    "clf_recall": 0.8913480885311871,
    "clf_threshold": 0.62,
    "clf_n_pairs": 3050.0,
    "clf_n_pos": 994.0,
    "clf_n_neg": 2056.0
  },
  "IRL_VariantA": {
    "mae": NaN,
    "rmse": NaN,
    "n_dirs": 0,
    "danger_precision": 0.0,
    "danger_recall": 0.0,
    "danger_f1": 0.0
  },
  "IRL_VariantA_scaled": {
    "mae": NaN,
    "rmse": NaN,
    "n_dirs": 0,
    "danger_precision": 0.0,
    "danger_recall": 0.0,
    "danger_f1": 0.0
  },
  "IRL_VariantB": {
    "mae": NaN,
    "rmse": NaN,
    "n_dirs": 0,
    "danger_precision": 0.0,
    "danger_recall": 0.0,
    "danger_f1": 0.0
  },
  "IRL_Dir": {
    "mae": 7.157108111799062,
    "rmse": 11.721106583267577,
    "pearson_r": 0.9712536697652867,
    "spearman_r": 0.7965387655610325,
    "n_dirs": 123.0,
    "danger_precision": 0.06382978723404255,
    "danger_recall": 0.75,
    "danger_f1": 0.11764705882352941,
    "danger_tp": 3.0,
    "danger_fp": 44.0,
    "danger_fn": 1.0,
    "danger_tn": 75.0,
    "clf_auc_roc": 0.8077514209772252,
    "clf_auc_pr": 0.6967136556877749,
    "clf_f1": 0.6613283089967028,
    "clf_precision": 0.6217891939769707,
    "clf_recall": 0.7062374245472837,
    "clf_threshold": 0.1593300849199295,
    "clf_n_pairs": 3050.0,
    "clf_n_pos": 994.0,
    "clf_n_neg": 2056.0
  },
  "IRL_Dir_calibrated": {
    "mae": 5.270765677629235,
    "rmse": 8.34024589691352,
    "pearson_r": 0.9712701113518255,
    "spearman_r": 0.8087199672562485,
    "n_dirs": 123.0,
    "danger_precision": 0.0625,
    "danger_recall": 0.25,
    "danger_f1": 0.1,
    "danger_tp": 1.0,
    "danger_fp": 15.0,
    "danger_fn": 3.0,
    "danger_tn": 104.0,
    "clf_auc_roc": 0.8096054439477329,
    "clf_auc_pr": 0.7010782665520476,
    "clf_f1": 0.6612903225806451,
    "clf_precision": 0.625673249551167,
    "clf_recall": 0.7012072434607646,
    "clf_threshold": 0.4511460848256616,
    "clf_n_pairs": 3050.0,
    "clf_n_pos": 994.0,
    "clf_n_neg": 2056.0
  },
  "RF_Dir": {
    "mae": 8.135923427219483,
    "rmse": 14.169512297544378,
    "pearson_r": 0.9706008709776547,
    "spearman_r": 0.8034544872345489,
    "n_dirs": 123.0,
    "danger_precision": 0.0851063829787234,
    "danger_recall": 1.0,
    "danger_f1": 0.1568627450980392,
    "danger_tp": 4.0,
    "danger_fp": 43.0,
    "danger_fn": 0.0,
    "danger_tn": 76.0,
    "clf_auc_roc": 0.796947296620188,
    "clf_auc_pr": 0.6878921591274512,
    "clf_f1": 0.6367673179396093,
    "clf_precision": 0.5699523052464229,
    "clf_recall": 0.721327967806841,
    "clf_threshold": 0.15,
    "clf_n_pairs": 3050.0,
    "clf_n_pos": 994.0,
    "clf_n_neg": 2056.0
  }
}