{
  "Naive": {
    "mae": 9.747967479674797,
    "rmse": 16.321714799117764,
    "pearson_r": 0.9563737681582578,
    "spearman_r": 0.7635117006378804,
    "n_dirs": 123.0,
    "danger_precision": 0.0,
    "danger_recall": 0.0,
    "danger_f1": 0.0,
    "danger_tp": 0.0,
    "danger_fp": 1.0,
    "danger_fn": 4.0,
    "danger_tn": 118.0
  },
  "Linear": {
    "mae": 5.5664160401002505,
    "rmse": 7.389565675250392,
    "pearson_r": 0.9276541080731556,
    "spearman_r": 0.6351054974590391,
    "n_dirs": 133.0,
    "danger_precision": 0.0,
    "danger_recall": 0.0,
    "danger_f1": 0.0,
    "danger_tp": 0.0,
    "danger_fp": 16.0,
    "danger_fn": 5.0,
    "danger_tn": 112.0
  },
  "RF": {
    "mae": 5.528861788617887,
    "rmse": 8.47295866007173,
    "pearson_r": 0.9497073092365592,
    "spearman_r": 0.7715467605591497,
    "n_dirs": 123.0,
    "danger_precision": 0.0,
    "danger_recall": 0.0,
    "danger_f1": 0.0,
    "danger_tp": 0.0,
    "danger_fp": 1.0,
    "danger_fn": 4.0,
    "danger_tn": 118.0,
    "clf_auc_roc": 0.6684976101746667,
    "clf_auc_pr": 0.48041660662450936,
    "clf_f1": 0.5590526643814272,
    "clf_precision": 0.40496613995485325,
    "clf_recall": 0.9024144869215291,
    "clf_threshold": 0.71,
    "clf_n_pairs": 3050.0,
    "clf_n_pos": 994.0,
    "clf_n_neg": 2056.0
  },
  "IRL_VariantA": {
    "mae": NaN,
    "rmse": NaN,
    "n_dirs": 0,
    "danger_precision": 0.0,
    "danger_recall": 0.0,
    "danger_f1": 0.0
  },
  "IRL_VariantA_scaled": {
    "mae": NaN,
    "rmse": NaN,
    "n_dirs": 0,
    "danger_precision": 0.0,
    "danger_recall": 0.0,
    "danger_f1": 0.0
  },
  "IRL_VariantB": {
    "mae": NaN,
    "rmse": NaN,
    "n_dirs": 0,
    "danger_precision": 0.0,
    "danger_recall": 0.0,
    "danger_f1": 0.0
  },
  "IRL_Dir": {
    "mae": 6.858967796172492,
    "rmse": 11.20706651837866,
    "pearson_r": 0.9561870580999614,
    "spearman_r": 0.7514725208175751,
    "n_dirs": 123.0,
    "danger_precision": 0.05263157894736842,
    "danger_recall": 0.5,
    "danger_f1": 0.09523809523809525,
    "danger_tp": 2.0,
    "danger_fp": 36.0,
    "danger_fn": 2.0,
    "danger_tn": 83.0,
    "clf_auc_roc": 0.7559036123354915,
    "clf_auc_pr": 0.6080352251219945,
    "clf_f1": 0.6444629475437136,
    "clf_precision": 0.5497159090909091,
    "clf_recall": 0.778672032193159,
    "clf_threshold": 0.01744166761636734,
    "clf_n_pairs": 3050.0,
    "clf_n_pos": 994.0,
    "clf_n_neg": 2056.0
  },
  "RF_Dir": {
    "mae": 7.0122555666214215,
    "rmse": 11.978281935303965,
    "pearson_r": 0.9697275221460901,
    "spearman_r": 0.7984223322341901,
    "n_dirs": 123.0,
    "danger_precision": 0.07894736842105263,
    "danger_recall": 0.75,
    "danger_f1": 0.14285714285714285,
    "danger_tp": 3.0,
    "danger_fp": 35.0,
    "danger_fn": 1.0,
    "danger_tn": 84.0,
    "clf_auc_roc": 0.8004740505288542,
    "clf_auc_pr": 0.7087718135574352,
    "clf_f1": 0.6589928057553956,
    "clf_precision": 0.6296975252062328,
    "clf_recall": 0.6911468812877264,
    "clf_threshold": 0.23,
    "clf_n_pairs": 3050.0,
    "clf_n_pos": 994.0,
    "clf_n_neg": 2056.0
  }
}