{
  "Naive": {
    "mae": 9.747967479674797,
    "rmse": 16.321714799117764,
    "pearson_r": 0.9563737681582575,
    "spearman_r": 0.7635117006378804,
    "n_dirs": 123.0,
    "danger_precision": 0.0,
    "danger_recall": 0.0,
    "danger_f1": 0.0,
    "danger_tp": 0.0,
    "danger_fp": 1.0,
    "danger_fn": 4.0,
    "danger_tn": 118.0
  },
  "Linear": {
    "mae": 5.5664160401002505,
    "rmse": 7.389565675250392,
    "pearson_r": 0.9276541080731555,
    "spearman_r": 0.6351054974590391,
    "n_dirs": 133.0,
    "danger_precision": 0.0,
    "danger_recall": 0.0,
    "danger_f1": 0.0,
    "danger_tp": 0.0,
    "danger_fp": 16.0,
    "danger_fn": 5.0,
    "danger_tn": 112.0
  },
  "RF": {
    "mae": 4.38731707317073,
    "rmse": 6.565152893903172,
    "pearson_r": 0.9460103139703819,
    "spearman_r": 0.7741299942327297,
    "n_dirs": 123.0,
    "danger_precision": 0.0,
    "danger_recall": 0.0,
    "danger_f1": 0.0,
    "danger_tp": 0.0,
    "danger_fp": 2.0,
    "danger_fn": 4.0,
    "danger_tn": 117.0,
    "clf_auc_roc": 0.6737107959038275,
    "clf_auc_pr": 0.4568052027270706,
    "clf_f1": 0.5618262523779328,
    "clf_precision": 0.4101851851851852,
    "clf_recall": 0.8913480885311871,
    "clf_threshold": 0.62,
    "clf_n_pairs": 3050.0,
    "clf_n_pos": 994.0,
    "clf_n_neg": 2056.0
  },
  "IRL_VariantA": {
    "mae": NaN,
    "rmse": NaN,
    "n_dirs": 0,
    "danger_precision": 0.0,
    "danger_recall": 0.0,
    "danger_f1": 0.0
  },
  "IRL_VariantA_scaled": {
    "mae": NaN,
    "rmse": NaN,
    "n_dirs": 0,
    "danger_precision": 0.0,
    "danger_recall": 0.0,
    "danger_f1": 0.0
  },
  "IRL_VariantB": {
    "mae": NaN,
    "rmse": NaN,
    "n_dirs": 0,
    "danger_precision": 0.0,
    "danger_recall": 0.0,
    "danger_f1": 0.0
  },
  "IRL_Dir": {
    "mae": 6.099006288843911,
    "rmse": 10.479146724047927,
    "pearson_r": 0.9655357968727345,
    "spearman_r": 0.7904239251239542,
    "n_dirs": 123.0,
    "danger_precision": 0.07142857142857142,
    "danger_recall": 0.25,
    "danger_f1": 0.11111111111111112,
    "danger_tp": 1.0,
    "danger_fp": 13.0,
    "danger_fn": 3.0,
    "danger_tn": 106.0,
    "clf_auc_roc": 0.7769670063180639,
    "clf_auc_pr": 0.6635628305096267,
    "clf_f1": 0.6351414000927214,
    "clf_precision": 0.588993981083405,
    "clf_recall": 0.6891348088531187,
    "clf_threshold": 0.29572442173957825,
    "clf_n_pairs": 3050.0,
    "clf_n_pos": 994.0,
    "clf_n_neg": 2056.0
  },
  "RF_Dir": {
    "mae": 8.251362488159643,
    "rmse": 14.345792721809966,
    "pearson_r": 0.9705284153232299,
    "spearman_r": 0.8019290041515885,
    "n_dirs": 123.0,
    "danger_precision": 0.08333333333333333,
    "danger_recall": 1.0,
    "danger_f1": 0.15384615384615385,
    "danger_tp": 4.0,
    "danger_fp": 44.0,
    "danger_fn": 0.0,
    "danger_tn": 75.0,
    "clf_auc_roc": 0.7921055026658003,
    "clf_auc_pr": 0.6884465784442884,
    "clf_f1": 0.636980491942324,
    "clf_precision": 0.5505865102639296,
    "clf_recall": 0.755533199195171,
    "clf_threshold": 0.13,
    "clf_n_pairs": 3050.0,
    "clf_n_pos": 994.0,
    "clf_n_neg": 2056.0
  }
}