{
  "IRL_Dir": {
    "n_pairs": 3611.0,
    "n_pos": 1511.0,
    "n_neg": 2100.0,
    "clf_auc_roc": 0.4472123475465633,
    "clf_auc_pr": 0.3971730595208942,
    "clf_f1": 0.5903755868544601,
    "clf_precision": 0.4190502638156068,
    "clf_recall": 0.99867637326274,
    "clf_threshold": 0.001306556980125606,
    "prob_mean": 0.08400191327150626,
    "prob_pos_mean": 0.07469116544040028,
    "prob_neg_mean": 0.09070121802045919
  }
}