{
  "IRL_Dir": {
    "n_pairs": 3050.0,
    "n_pos": 1374.0,
    "n_neg": 1676.0,
    "clf_auc_roc": 0.6347764744505009,
    "clf_auc_pr": 0.5610727851966795,
    "clf_f1": 0.6311514572384138,
    "clf_precision": 0.4697724039829303,
    "clf_recall": 0.9614264919941776,
    "clf_threshold": 0.015034469775855541,
    "prob_mean": 0.14354827342757223,
    "prob_pos_mean": 0.17428577820483387,
    "prob_neg_mean": 0.11834938824621334
  },
  "IRL_dev": {
    "n_pairs": 340.0,
    "n_pos": 147.0,
    "n_neg": 193.0,
    "clf_auc_roc": 0.8487716330055338,
    "clf_auc_pr": 0.8183838452126985,
    "clf_f1": 0.7670250896057348,
    "clf_precision": 0.8106060606060606,
    "clf_recall": 0.7278911564625851,
    "clf_threshold": 0.9427077546715736,
    "prob_mean": 0.6844093978117385,
    "prob_pos_mean": 0.8754722174972954,
    "prob_neg_mean": 0.5388848667558996
  }
}