{
  "feature_importance": {
    "window_tenure_days": 0.018919831921832636,
    "total_changes": 0.013255375366126376,
    "total_reviews": 0.03886534051760528,
    "recent_activity_frequency": 0.026771676844720496,
    "avg_activity_gap": 0.02312147810098678,
    "activity_trend": 0.017407527416232336,
    "unique_collaborator_count": 0.012252463215040876,
    "overall_acceptance_rate": 0.01633251466687396,
    "recent_acceptance_rate": 0.009780349040825214,
    "recent_load_ratio_30d_all": 0.024581484283014175,
    "days_since_last_activity": 0.02639393330366699,
    "reciprocity_score": 0.014334926515967546,
    "recent_load_ratio_7d_30d": 0.008632689144488847,
    "core_reviewer_ratio": 0.03718921639142283,
    "acceptance_rate_last10": 0.010512125386487903,
    "active_months_ratio": 0.016625548676078412,
    "response_time_trend": 0.015482069031152283,
    "reviewer_owner_ratio": 0.014231482860003575,
    "n_projects": 0.008276173702248635,
    "cross_project_review_share": 0.012317241586132614,
    "same_domain_share": 0.012877692284464006,
    "path_review_count": 0.14176369671182787,
    "path_recency": 0.12158860305875853,
    "path_acceptance_rate": 0.048834526672316594,
    "path_lcp_similarity": 0.0,
    "path_owner_overlap": 0.0933536894098377,
    "path_hub_score": 0.048676511527286276,
    "path_neighbor_coverage": 0.05317167322419085,
    "avg_action_intensity": 0.0229370701150722,
    "avg_change_lines": 0.023717176749316705,
    "avg_response_time": 0.022884297585413025,
    "avg_review_size": 0.019436520082145362,
    "repeat_collaboration_rate": 0.025475094608463183
  }
}