{
  "Naive": {
    "mae": 7.558139534883721,
    "rmse": 15.490282024847136,
    "pearson_r": 0.9620498998254052,
    "spearman_r": 0.7870040536792128,
    "n_dirs": 215.0,
    "danger_precision": 0.6153846153846154,
    "danger_recall": 0.3333333333333333,
    "danger_f1": 0.43243243243243246,
    "danger_tp": 8.0,
    "danger_fp": 5.0,
    "danger_fn": 16.0,
    "danger_tn": 186.0
  },
  "Linear": {
    "mae": 5.266949152542373,
    "rmse": 7.901017837122225,
    "pearson_r": 0.9201963140457221,
    "spearman_r": 0.5588230131913129,
    "n_dirs": 236.0,
    "danger_precision": 0.2765957446808511,
    "danger_recall": 0.5,
    "danger_f1": 0.3561643835616438,
    "danger_tp": 13.0,
    "danger_fp": 34.0,
    "danger_fn": 13.0,
    "danger_tn": 176.0
  },
  "RF": {
    "mae": 5.223023255813953,
    "rmse": 8.833203664398564,
    "pearson_r": 0.957251571971959,
    "spearman_r": 0.7880604232301682,
    "n_dirs": 215.0,
    "danger_precision": 0.5714285714285714,
    "danger_recall": 0.3333333333333333,
    "danger_f1": 0.4210526315789474,
    "danger_tp": 8.0,
    "danger_fp": 6.0,
    "danger_fn": 16.0,
    "danger_tn": 185.0,
    "clf_auc_roc": 0.664460338602732,
    "clf_auc_pr": 0.5887592839544991,
    "clf_f1": 0.5745118191161357,
    "clf_precision": 0.46274834437086093,
    "clf_recall": 0.7574525745257452,
    "clf_threshold": 0.97,
    "clf_n_pairs": 4534.0,
    "clf_n_pos": 1476.0,
    "clf_n_neg": 3058.0
  },
  "IRL_VariantA": {
    "mae": NaN,
    "rmse": NaN,
    "n_dirs": 0,
    "danger_precision": 0.0,
    "danger_recall": 0.0,
    "danger_f1": 0.0
  },
  "IRL_VariantA_scaled": {
    "mae": NaN,
    "rmse": NaN,
    "n_dirs": 0,
    "danger_precision": 0.0,
    "danger_recall": 0.0,
    "danger_f1": 0.0
  },
  "IRL_VariantB": {
    "mae": NaN,
    "rmse": NaN,
    "n_dirs": 0,
    "danger_precision": 0.0,
    "danger_recall": 0.0,
    "danger_f1": 0.0
  },
  "IRL_Dir": {
    "mae": 6.648310382486015,
    "rmse": 12.245792044523592,
    "pearson_r": 0.9680767073165661,
    "spearman_r": 0.7640114009358957,
    "n_dirs": 215.0,
    "danger_precision": 0.21153846153846154,
    "danger_recall": 0.9166666666666666,
    "danger_f1": 0.34374999999999994,
    "danger_tp": 22.0,
    "danger_fp": 82.0,
    "danger_fn": 2.0,
    "danger_tn": 109.0,
    "clf_auc_roc": 0.7781373570766447,
    "clf_auc_pr": 0.6605726795841576,
    "clf_f1": 0.6190476190476191,
    "clf_precision": 0.5968553459119497,
    "clf_recall": 0.6429539295392954,
    "clf_threshold": 0.1632838100194931,
    "clf_n_pairs": 4534.0,
    "clf_n_pos": 1476.0,
    "clf_n_neg": 3058.0
  },
  "IRL_Dir_calibrated": {
    "mae": 4.7894328047157675,
    "rmse": 8.52998775346334,
    "pearson_r": 0.9714639184309247,
    "spearman_r": 0.7989268079000647,
    "n_dirs": 215.0,
    "danger_precision": 0.36,
    "danger_recall": 0.75,
    "danger_f1": 0.48648648648648657,
    "danger_tp": 18.0,
    "danger_fp": 32.0,
    "danger_fn": 6.0,
    "danger_tn": 159.0,
    "clf_auc_roc": 0.7792348161382204,
    "clf_auc_pr": 0.6742878354995125,
    "clf_f1": 0.6175600131535679,
    "clf_precision": 0.6,
    "clf_recall": 0.6361788617886179,
    "clf_threshold": 0.36376749377522105,
    "clf_n_pairs": 4534.0,
    "clf_n_pos": 1476.0,
    "clf_n_neg": 3058.0
  },
  "RF_Dir": {
    "mae": 5.86308339647942,
    "rmse": 10.724644178206933,
    "pearson_r": 0.967410737079844,
    "spearman_r": 0.7826798561914793,
    "n_dirs": 215.0,
    "danger_precision": 0.2716049382716049,
    "danger_recall": 0.9166666666666666,
    "danger_f1": 0.419047619047619,
    "danger_tp": 22.0,
    "danger_fp": 59.0,
    "danger_fn": 2.0,
    "danger_tn": 132.0,
    "clf_auc_roc": 0.7761950085164685,
    "clf_auc_pr": 0.6696449874113732,
    "clf_f1": 0.6149087534797402,
    "clf_precision": 0.5657370517928287,
    "clf_recall": 0.6734417344173442,
    "clf_threshold": 0.22839787920700785,
    "clf_n_pairs": 4534.0,
    "clf_n_pos": 1476.0,
    "clf_n_neg": 3058.0
  }
}