{
  "experience_days": 0.06539832055568695,
  "total_changes": 0.0230429507791996,
  "total_reviews": 0.0170669574290514,
  "recent_activity_frequency": 0.030184868723154068,
  "avg_activity_gap": 0.06195029243826866,
  "activity_trend": 0.04751996695995331,
  "collaboration_score": 0.04126134514808655,
  "code_quality_score": 0.030445478856563568,
  "recent_acceptance_rate": 0.042876116931438446,
  "review_load": 0.07231075316667557,
  "days_since_last_activity": 0.046625442802906036,
  "acceptance_trend": 0.06329959630966187,
  "reciprocity_score": 0.05159926041960716,
  "load_trend": 0.07923999428749084,
  "core_reviewer_ratio": 0.015306048095226288,
  "avg_action_intensity": 0.06197334825992584,
  "avg_change_lines": 0.03945433348417282,
  "avg_response_time": 0.06287524849176407,
  "avg_review_size": 0.09908464550971985,
  "repeat_collaboration_rate": 0.04848511889576912
}