{
  "Naive": {
    "mae": 6.955,
    "rmse": 13.079946483070946,
    "pearson_r": 0.9656479238546106,
    "spearman_r": 0.729611671419977,
    "n_dirs": 200.0,
    "danger_precision": 0.4,
    "danger_recall": 0.25,
    "danger_f1": 0.3076923076923077,
    "danger_tp": 4.0,
    "danger_fp": 6.0,
    "danger_fn": 12.0,
    "danger_tn": 178.0
  },
  "Linear": {
    "mae": 5.516975308641976,
    "rmse": 7.669718930793113,
    "pearson_r": 0.9282531626692282,
    "spearman_r": 0.5285139971746808,
    "n_dirs": 216.0,
    "danger_precision": 0.2,
    "danger_recall": 0.5,
    "danger_f1": 0.28571428571428575,
    "danger_tp": 8.0,
    "danger_fp": 32.0,
    "danger_fn": 8.0,
    "danger_tn": 168.0
  },
  "RF": {
    "mae": 4.5446,
    "rmse": 7.092446333952764,
    "pearson_r": 0.9613118561805608,
    "spearman_r": 0.7441913762749535,
    "n_dirs": 200.0,
    "danger_precision": 0.4,
    "danger_recall": 0.25,
    "danger_f1": 0.3076923076923077,
    "danger_tp": 4.0,
    "danger_fp": 6.0,
    "danger_fn": 12.0,
    "danger_tn": 178.0,
    "clf_auc_roc": 0.6745282677232446,
    "clf_auc_pr": 0.6205992045440006,
    "clf_f1": 0.5905511811023622,
    "clf_precision": 0.46909492273730685,
    "clf_recall": 0.796875,
    "clf_threshold": 0.96,
    "clf_n_pairs": 4534.0,
    "clf_n_pos": 1600.0,
    "clf_n_neg": 2934.0
  },
  "IRL_VariantA": {
    "mae": NaN,
    "rmse": NaN,
    "n_dirs": 0,
    "danger_precision": 0.0,
    "danger_recall": 0.0,
    "danger_f1": 0.0
  },
  "IRL_VariantA_scaled": {
    "mae": NaN,
    "rmse": NaN,
    "n_dirs": 0,
    "danger_precision": 0.0,
    "danger_recall": 0.0,
    "danger_f1": 0.0
  },
  "IRL_VariantB": {
    "mae": NaN,
    "rmse": NaN,
    "n_dirs": 0,
    "danger_precision": 0.0,
    "danger_recall": 0.0,
    "danger_f1": 0.0
  },
  "IRL_Dir": {
    "mae": 8.487915553918146,
    "rmse": 16.169414088336055,
    "pearson_r": 0.9727198886329703,
    "spearman_r": 0.7876075503551871,
    "n_dirs": 200.0,
    "danger_precision": 0.13541666666666666,
    "danger_recall": 0.8125,
    "danger_f1": 0.23214285714285712,
    "danger_tp": 13.0,
    "danger_fp": 83.0,
    "danger_fn": 3.0,
    "danger_tn": 101.0,
    "clf_auc_roc": 0.777523645194274,
    "clf_auc_pr": 0.7056210536379617,
    "clf_f1": 0.6416783216783217,
    "clf_precision": 0.5807594936708861,
    "clf_recall": 0.716875,
    "clf_threshold": 0.10858484357595444,
    "clf_n_pairs": 4534.0,
    "clf_n_pos": 1600.0,
    "clf_n_neg": 2934.0
  },
  "IRL_Dir_calibrated": {
    "mae": 6.026276628753148,
    "rmse": 10.926423371014874,
    "pearson_r": 0.978416657048199,
    "spearman_r": 0.7889291304921199,
    "n_dirs": 200.0,
    "danger_precision": 0.1956521739130435,
    "danger_recall": 0.5625,
    "danger_f1": 0.2903225806451613,
    "danger_tp": 9.0,
    "danger_fp": 37.0,
    "danger_fn": 7.0,
    "danger_tn": 147.0,
    "clf_auc_roc": 0.78003259202454,
    "clf_auc_pr": 0.7097807595519927,
    "clf_f1": 0.640924464487035,
    "clf_precision": 0.5836755646817249,
    "clf_recall": 0.710625,
    "clf_threshold": 0.33024087399657487,
    "clf_n_pairs": 4534.0,
    "clf_n_pos": 1600.0,
    "clf_n_neg": 2934.0
  },
  "RF_Dir": {
    "mae": 7.697180805289992,
    "rmse": 14.29471291324267,
    "pearson_r": 0.975426690594981,
    "spearman_r": 0.7493331586228507,
    "n_dirs": 200.0,
    "danger_precision": 0.1643835616438356,
    "danger_recall": 0.75,
    "danger_f1": 0.2696629213483146,
    "danger_tp": 12.0,
    "danger_fp": 61.0,
    "danger_fn": 4.0,
    "danger_tn": 123.0,
    "clf_auc_roc": 0.785246250852079,
    "clf_auc_pr": 0.7309605833330319,
    "clf_f1": 0.6397325160211759,
    "clf_precision": 0.5771744595274007,
    "clf_recall": 0.7175,
    "clf_threshold": 0.1853753731070712,
    "clf_n_pairs": 4534.0,
    "clf_n_pos": 1600.0,
    "clf_n_neg": 2934.0
  }
}