{
  "feature_importance": {
    "window_tenure_days": 0.01937500010527884,
    "total_changes": 0.014413439407603817,
    "total_reviews": 0.03915576155705592,
    "recent_activity_frequency": 0.02846872317435439,
    "avg_activity_gap": 0.02719643230523999,
    "activity_trend": 0.01965208243414125,
    "unique_collaborator_count": 0.011979772162914237,
    "overall_acceptance_rate": 0.017567983662188966,
    "recent_acceptance_rate": 0.012415385561128943,
    "recent_load_ratio_30d_all": 0.021807934074043165,
    "days_since_last_activity": 0.03380963701887522,
    "reciprocity_score": 0.018011423211015593,
    "recent_load_ratio_7d_30d": 0.010227127456491509,
    "core_reviewer_ratio": 0.03430606264148799,
    "acceptance_rate_last10": 0.012086373408358721,
    "active_months_ratio": 0.018781919239731895,
    "response_time_trend": 0.019222230790356384,
    "reviewer_owner_ratio": 0.014753442935294271,
    "path_review_count": 0.20166690237147947,
    "path_recency": 0.21546654569727697,
    "path_acceptance_rate": 0.08306843850075736,
    "avg_action_intensity": 0.024685803404195083,
    "avg_change_lines": 0.027134287300602147,
    "avg_response_time": 0.026723432319535584,
    "avg_review_size": 0.022903277252633965,
    "repeat_collaboration_rate": 0.025120582007958497
  }
}