{
  "experience_days": 0.05039520561695099,
  "total_changes": 0.05053338780999184,
  "total_reviews": 0.06227731704711914,
  "recent_activity_frequency": 0.1451011300086975,
  "avg_activity_gap": 0.03511294722557068,
  "activity_trend": 0.04433010518550873,
  "collaboration_score": 0.02314184419810772,
  "code_quality_score": 0.03161664307117462,
  "recent_acceptance_rate": 0.011890935711562634,
  "review_load": 0.05910511687397957,
  "days_since_last_activity": 0.023083889856934547,
  "acceptance_trend": 0.01771685481071472,
  "reciprocity_score": 0.02384895086288452,
  "load_trend": 0.06292258948087692,
  "core_reviewer_ratio": 0.026291217654943466,
  "recent_rejection_streak": 0.0363653227686882,
  "acceptance_rate_last10": 0.008665509521961212,
  "active_months_ratio": 0.05243104696273804,
  "response_time_trend": 0.02957548014819622,
  "complex_pr_bias": 0.06167180463671684,
  "avg_action_intensity": 0.026925889775156975,
  "avg_change_lines": 0.01815163530409336,
  "avg_response_time": 0.040650997310876846,
  "avg_review_size": 0.029152393341064453,
  "repeat_collaboration_rate": 0.02904178760945797
}