{
  "auc_roc": 0.8672727272727273,
  "auc_pr": 0.8545061403030574,
  "optimal_threshold": 0.11155403405427933,
  "threshold_source": "train_data",
  "precision": 0.8823529411764706,
  "recall": 0.6818181818181818,
  "f1_score": 0.7692307692307693,
  "positive_count": 22,
  "negative_count": 25,
  "total_count": 47
}