{
  "Naive": {
    "mae": 7.558139534883721,
    "rmse": 15.490282024847136,
    "pearson_r": 0.962049899825405,
    "spearman_r": 0.7870040536792128,
    "n_dirs": 215.0,
    "danger_precision": 0.6153846153846154,
    "danger_recall": 0.3333333333333333,
    "danger_f1": 0.43243243243243246,
    "danger_tp": 8.0,
    "danger_fp": 5.0,
    "danger_fn": 16.0,
    "danger_tn": 186.0
  },
  "Linear": {
    "mae": 5.266949152542373,
    "rmse": 7.901017837122226,
    "pearson_r": 0.9201963140457219,
    "spearman_r": 0.5588230131913129,
    "n_dirs": 236.0,
    "danger_precision": 0.2765957446808511,
    "danger_recall": 0.5,
    "danger_f1": 0.3561643835616438,
    "danger_tp": 13.0,
    "danger_fp": 34.0,
    "danger_fn": 13.0,
    "danger_tn": 176.0
  },
  "RF": {
    "mae": 5.244093023255814,
    "rmse": 8.894603328541022,
    "pearson_r": 0.956225636919147,
    "spearman_r": 0.7854048612246503,
    "n_dirs": 215.0,
    "danger_precision": 0.5714285714285714,
    "danger_recall": 0.3333333333333333,
    "danger_f1": 0.4210526315789474,
    "danger_tp": 8.0,
    "danger_fp": 6.0,
    "danger_fn": 16.0,
    "danger_tn": 185.0,
    "clf_auc_roc": 0.671362688120014,
    "clf_auc_pr": 0.5948550643619326,
    "clf_f1": 0.5627894306728412,
    "clf_precision": 0.4706150341685649,
    "clf_recall": 0.6998644986449865,
    "clf_threshold": 0.99,
    "clf_n_pairs": 4534.0,
    "clf_n_pos": 1476.0,
    "clf_n_neg": 3058.0
  },
  "IRL_VariantA": {
    "mae": NaN,
    "rmse": NaN,
    "n_dirs": 0,
    "danger_precision": 0.0,
    "danger_recall": 0.0,
    "danger_f1": 0.0
  },
  "IRL_VariantA_scaled": {
    "mae": NaN,
    "rmse": NaN,
    "n_dirs": 0,
    "danger_precision": 0.0,
    "danger_recall": 0.0,
    "danger_f1": 0.0
  },
  "IRL_VariantB": {
    "mae": NaN,
    "rmse": NaN,
    "n_dirs": 0,
    "danger_precision": 0.0,
    "danger_recall": 0.0,
    "danger_f1": 0.0
  },
  "IRL_Dir": {
    "mae": 7.12457742694052,
    "rmse": 13.240683341501228,
    "pearson_r": 0.9597664879350011,
    "spearman_r": 0.760379225514984,
    "n_dirs": 215.0,
    "danger_precision": 0.1864406779661017,
    "danger_recall": 0.9166666666666666,
    "danger_f1": 0.3098591549295775,
    "danger_tp": 22.0,
    "danger_fp": 96.0,
    "danger_fn": 2.0,
    "danger_tn": 95.0,
    "clf_auc_roc": 0.7608300277737898,
    "clf_auc_pr": 0.6632092071073443,
    "clf_f1": 0.6157517899761337,
    "clf_precision": 0.6197666437886067,
    "clf_recall": 0.6117886178861789,
    "clf_threshold": 0.10442235320806503,
    "clf_n_pairs": 4534.0,
    "clf_n_pos": 1476.0,
    "clf_n_neg": 3058.0
  },
  "IRL_Dir_calibrated": {
    "mae": 4.792121317098402,
    "rmse": 8.389378375048102,
    "pearson_r": 0.9717990621139962,
    "spearman_r": 0.7974081160992117,
    "n_dirs": 215.0,
    "danger_precision": 0.35714285714285715,
    "danger_recall": 0.8333333333333334,
    "danger_f1": 0.5,
    "danger_tp": 20.0,
    "danger_fp": 36.0,
    "danger_fn": 4.0,
    "danger_tn": 155.0,
    "clf_auc_roc": 0.7623269455389126,
    "clf_auc_pr": 0.6713050515599304,
    "clf_f1": 0.6152270399453739,
    "clf_precision": 0.6200963523743978,
    "clf_recall": 0.6104336043360433,
    "clf_threshold": 0.3125,
    "clf_n_pairs": 4534.0,
    "clf_n_pos": 1476.0,
    "clf_n_neg": 3058.0
  },
  "RF_Dir": {
    "mae": 5.855950500319876,
    "rmse": 10.671835882944404,
    "pearson_r": 0.9698028000271139,
    "spearman_r": 0.7860143704127542,
    "n_dirs": 215.0,
    "danger_precision": 0.2682926829268293,
    "danger_recall": 0.9166666666666666,
    "danger_f1": 0.4150943396226415,
    "danger_tp": 22.0,
    "danger_fp": 60.0,
    "danger_fn": 2.0,
    "danger_tn": 131.0,
    "clf_auc_roc": 0.7789055894973599,
    "clf_auc_pr": 0.6711041292947753,
    "clf_f1": 0.6238303181534622,
    "clf_precision": 0.5780346820809249,
    "clf_recall": 0.6775067750677507,
    "clf_threshold": 0.22466274158453856,
    "clf_n_pairs": 4534.0,
    "clf_n_pos": 1476.0,
    "clf_n_neg": 3058.0
  }
}