{
  "training_losses": [
    2.238218956980212,
    2.0250921372709603,
    2.029396887483268,
    1.916156481052267,
    1.8386857468506386,
    1.8920685833898083,
    1.8541086583301938,
    1.878603536507179,
    1.816565016220356,
    1.769857513493505,
    1.7753111411785256,
    1.7922245469586602,
    1.7653399048180416,
    1.8391283401127518,
    1.8021477625287812,
    1.7628341461050099,
    1.7209253516690484,
    1.70331602877584,
    1.7091858633633317,
    1.676038067916344,
    1.602271947367438,
    1.5903009155700947,
    1.5735450798067554,
    1.6006788344218814,
    1.5974349461752793,
    1.631091179518864
  ],
  "val_losses": [
    2.0903297513723373,
    2.0289524495601654,
    1.9387294761836529,
    1.8845189847052097,
    1.907612282782793,
    1.9004914611577988,
    1.784771628677845,
    1.7751627899706364,
    1.7445334643125534,
    1.7361646592617035,
    1.7281784228980541,
    1.723110942170024,
    1.7259784191846848,
    1.733733057975769,
    1.7274576909840107,
    1.6991850696504116,
    1.6963446326553822,
    1.6803777366876602,
    1.7506938949227333,
    1.7070777006447315,
    1.676907366141677,
    1.7041012365370989,
    1.6770411133766174,
    1.7408364713191986,
    1.7070706188678741,
    2.0010523069649935
  ],
  "best_val_loss": 1.676907366141677,
  "best_epoch": 20,
  "epochs_trained": 26
}