{
  "experience_days": 0.0792926549911499,
  "total_changes": 9.560695084487502e-40,
  "total_reviews": 0.022890696302056313,
  "recent_activity_frequency": 0.03445836529135704,
  "avg_activity_gap": 0.05518227815628052,
  "activity_trend": 0.03987717628479004,
  "collaboration_score": 0.03509640693664551,
  "code_quality_score": 0.05240464210510254,
  "recent_acceptance_rate": 0.040933653712272644,
  "review_load": 0.052550915628671646,
  "days_since_last_activity": 0.05291404947638512,
  "acceptance_trend": 0.06683763861656189,
  "reciprocity_score": 2.0110132352417953e-39,
  "load_trend": 0.04989456385374069,
  "core_reviewer_ratio": 0.013476356863975525,
  "avg_action_intensity": 0.09343043714761734,
  "avg_change_lines": 0.08256535232067108,
  "avg_response_time": 0.04802894964814186,
  "avg_review_size": 0.07703112065792084,
  "repeat_collaboration_rate": 0.10313475877046585
}