{
  "auc_roc": 0.8618181818181818,
  "auc_pr": 0.8743752243779312,
  "optimal_threshold": 0.43979114294052124,
  "threshold_source": "train_data",
  "precision": 0.9166666666666666,
  "recall": 0.5,
  "f1_score": 0.6470588235294118,
  "positive_count": 22,
  "negative_count": 25,
  "total_count": 47
}