{
  "Naive": {
    "mae": 8.333333333333334,
    "rmse": 16.780969547887754,
    "pearson_r": 0.9581254449366068,
    "spearman_r": 0.7475158666423248,
    "n_dirs": 213.0,
    "danger_precision": 0.2857142857142857,
    "danger_recall": 0.08,
    "danger_f1": 0.125,
    "danger_tp": 2.0,
    "danger_fp": 5.0,
    "danger_fn": 23.0,
    "danger_tn": 183.0
  },
  "Linear": {
    "mae": 5.0373563218390816,
    "rmse": 7.740523807357006,
    "pearson_r": 0.9315607129157931,
    "spearman_r": 0.5061701321202089,
    "n_dirs": 232.0,
    "danger_precision": 0.13157894736842105,
    "danger_recall": 0.17857142857142858,
    "danger_f1": 0.15151515151515152,
    "danger_tp": 5.0,
    "danger_fp": 33.0,
    "danger_fn": 23.0,
    "danger_tn": 171.0
  },
  "RF": {
    "mae": 4.144131455399061,
    "rmse": 7.039255855890937,
    "pearson_r": 0.9503806849380138,
    "spearman_r": 0.7621716992686507,
    "n_dirs": 213.0,
    "danger_precision": 0.23076923076923078,
    "danger_recall": 0.12,
    "danger_f1": 0.15789473684210525,
    "danger_tp": 3.0,
    "danger_fp": 10.0,
    "danger_fn": 22.0,
    "danger_tn": 178.0,
    "clf_auc_roc": 0.6712643208446701,
    "clf_auc_pr": 0.4123218402146088,
    "clf_f1": 0.5039619651347068,
    "clf_precision": 0.374852652259332,
    "clf_recall": 0.7687348912167606,
    "clf_threshold": 0.73,
    "clf_n_pairs": 4534.0,
    "clf_n_pos": 1241.0,
    "clf_n_neg": 3293.0
  },
  "IRL_VariantA": {
    "mae": NaN,
    "rmse": NaN,
    "n_dirs": 0,
    "danger_precision": 0.0,
    "danger_recall": 0.0,
    "danger_f1": 0.0
  },
  "IRL_VariantA_scaled": {
    "mae": NaN,
    "rmse": NaN,
    "n_dirs": 0,
    "danger_precision": 0.0,
    "danger_recall": 0.0,
    "danger_f1": 0.0
  },
  "IRL_VariantB": {
    "mae": NaN,
    "rmse": NaN,
    "n_dirs": 0,
    "danger_precision": 0.0,
    "danger_recall": 0.0,
    "danger_f1": 0.0
  },
  "IRL_Dir": {
    "mae": 6.406619204111161,
    "rmse": 12.474086998367005,
    "pearson_r": 0.964254776245146,
    "spearman_r": 0.8117933622621589,
    "n_dirs": 213.0,
    "danger_precision": 0.18604651162790697,
    "danger_recall": 0.96,
    "danger_f1": 0.31168831168831174,
    "danger_tp": 24.0,
    "danger_fp": 105.0,
    "danger_fn": 1.0,
    "danger_tn": 83.0,
    "clf_auc_roc": 0.7332440091586847,
    "clf_auc_pr": 0.5665532831193592,
    "clf_f1": 0.5301120448179272,
    "clf_precision": 0.46873065015479876,
    "clf_recall": 0.6099919419822724,
    "clf_threshold": 0.07630451023578644,
    "clf_n_pairs": 4534.0,
    "clf_n_pos": 1241.0,
    "clf_n_neg": 3293.0
  },
  "IRL_Dir_calibrated": {
    "mae": 4.46922214437392,
    "rmse": 8.714753163615931,
    "pearson_r": 0.9723201957299195,
    "spearman_r": 0.809876292361221,
    "n_dirs": 213.0,
    "danger_precision": 0.24,
    "danger_recall": 0.72,
    "danger_f1": 0.36,
    "danger_tp": 18.0,
    "danger_fp": 57.0,
    "danger_fn": 7.0,
    "danger_tn": 131.0,
    "clf_auc_roc": 0.7341632300391548,
    "clf_auc_pr": 0.5736562781982188,
    "clf_f1": 0.5301120448179272,
    "clf_precision": 0.46873065015479876,
    "clf_recall": 0.6099919419822724,
    "clf_threshold": 0.29914529914529914,
    "clf_n_pairs": 4534.0,
    "clf_n_pos": 1241.0,
    "clf_n_neg": 3293.0
  },
  "RF_Dir": {
    "mae": 6.303192100378834,
    "rmse": 12.652417642438559,
    "pearson_r": 0.9766646164445116,
    "spearman_r": 0.802317491643307,
    "n_dirs": 213.0,
    "danger_precision": 0.1984126984126984,
    "danger_recall": 1.0,
    "danger_f1": 0.3311258278145695,
    "danger_tp": 25.0,
    "danger_fp": 101.0,
    "danger_fn": 0.0,
    "danger_tn": 87.0,
    "clf_auc_roc": 0.7820367380028401,
    "clf_auc_pr": 0.6336076636029123,
    "clf_f1": 0.5891410048622366,
    "clf_precision": 0.5925020374898126,
    "clf_recall": 0.5858178887993554,
    "clf_threshold": 0.17,
    "clf_n_pairs": 4534.0,
    "clf_n_pos": 1241.0,
    "clf_n_neg": 3293.0
  }
}