{
  "IRL_Dir": {
    "n_pairs": 3611.0,
    "n_pos": 2107.0,
    "n_neg": 1504.0,
    "clf_auc_roc": 0.49567235355299966,
    "clf_auc_pr": 0.6022281640127596,
    "clf_f1": 0.7369709688702344,
    "clf_precision": 0.583494876765439,
    "clf_recall": 1.0,
    "clf_threshold": 0.005113850813359022,
    "prob_mean": 0.12882852127566125,
    "prob_pos_mean": 0.13267204947844785,
    "prob_neg_mean": 0.1234440040394436
  },
  "IRL_dev": {
    "n_pairs": 574.0,
    "n_pos": 321.0,
    "n_neg": 253.0,
    "clf_auc_roc": 0.6258542351593956,
    "clf_auc_pr": 0.6486284518306678,
    "clf_f1": 0.71731843575419,
    "clf_precision": 0.5592334494773519,
    "clf_recall": 1.0,
    "clf_threshold": 0.5,
    "prob_mean": 0.7637295147293743,
    "prob_pos_mean": 0.7934181468207331,
    "prob_neg_mean": 0.7260613293486385
  }
}