{
  "Naive": {
    "mae": 8.8,
    "rmse": 15.46509717943055,
    "pearson_r": 0.9519592319978463,
    "spearman_r": 0.7411160389668063,
    "n_dirs": 130.0,
    "danger_precision": 1.0,
    "danger_recall": 0.4,
    "danger_f1": 0.5714285714285715,
    "danger_tp": 2.0,
    "danger_fp": 0.0,
    "danger_fn": 3.0,
    "danger_tn": 125.0
  },
  "Linear": {
    "mae": 5.912751677852349,
    "rmse": 8.408519879400117,
    "pearson_r": 0.8920491286337132,
    "spearman_r": 0.5688522984421412,
    "n_dirs": 149.0,
    "danger_precision": 0.21052631578947367,
    "danger_recall": 0.6666666666666666,
    "danger_f1": 0.32,
    "danger_tp": 4.0,
    "danger_fp": 15.0,
    "danger_fn": 2.0,
    "danger_tn": 128.0
  },
  "RF": {
    "mae": 5.251692307692308,
    "rmse": 7.535451596900532,
    "pearson_r": 0.9515299495773704,
    "spearman_r": 0.7359860843343551,
    "n_dirs": 130.0,
    "danger_precision": 1.0,
    "danger_recall": 0.4,
    "danger_f1": 0.5714285714285715,
    "danger_tp": 2.0,
    "danger_fp": 0.0,
    "danger_fn": 3.0,
    "danger_tn": 125.0,
    "clf_auc_roc": 0.6392829620087186,
    "clf_auc_pr": 0.5768450928243405,
    "clf_f1": 0.6087229369312833,
    "clf_precision": 0.4727095516569201,
    "clf_recall": 0.8546255506607929,
    "clf_threshold": 0.9,
    "clf_n_pairs": 3050.0,
    "clf_n_pos": 1135.0,
    "clf_n_neg": 1915.0
  },
  "IRL_VariantA": {
    "mae": NaN,
    "rmse": NaN,
    "n_dirs": 0,
    "danger_precision": 0.0,
    "danger_recall": 0.0,
    "danger_f1": 0.0
  },
  "IRL_VariantA_scaled": {
    "mae": NaN,
    "rmse": NaN,
    "n_dirs": 0,
    "danger_precision": 0.0,
    "danger_recall": 0.0,
    "danger_f1": 0.0
  },
  "IRL_VariantB": {
    "mae": NaN,
    "rmse": NaN,
    "n_dirs": 0,
    "danger_precision": 0.0,
    "danger_recall": 0.0,
    "danger_f1": 0.0
  },
  "IRL_Dir": {
    "mae": 5.232636234164238,
    "rmse": 8.25558090610915,
    "pearson_r": 0.967337357388502,
    "spearman_r": 0.7823237239616795,
    "n_dirs": 130.0,
    "danger_precision": 0.25,
    "danger_recall": 0.6,
    "danger_f1": 0.35294117647058826,
    "danger_tp": 3.0,
    "danger_fp": 9.0,
    "danger_fn": 2.0,
    "danger_tn": 116.0,
    "clf_auc_roc": 0.7811009765243098,
    "clf_auc_pr": 0.6984987795693206,
    "clf_f1": 0.6560565870910698,
    "clf_precision": 0.6583850931677019,
    "clf_recall": 0.6537444933920705,
    "clf_threshold": 0.38627704977989197,
    "clf_n_pairs": 3050.0,
    "clf_n_pos": 1135.0,
    "clf_n_neg": 1915.0
  },
  "RF_Dir": {
    "mae": 7.0624277209480955,
    "rmse": 11.50357250656667,
    "pearson_r": 0.9612968547699441,
    "spearman_r": 0.7426345898126157,
    "n_dirs": 130.0,
    "danger_precision": 0.12903225806451613,
    "danger_recall": 0.8,
    "danger_f1": 0.2222222222222222,
    "danger_tp": 4.0,
    "danger_fp": 27.0,
    "danger_fn": 1.0,
    "danger_tn": 98.0,
    "clf_auc_roc": 0.7794223668924903,
    "clf_auc_pr": 0.7000266218117993,
    "clf_f1": 0.6447016918967052,
    "clf_precision": 0.6516651665166516,
    "clf_recall": 0.6378854625550661,
    "clf_threshold": 0.2670131280723881,
    "clf_n_pairs": 3050.0,
    "clf_n_pos": 1135.0,
    "clf_n_neg": 1915.0
  }
}