{
  "Naive": {
    "mae": 14.064516129032258,
    "rmse": 16.00403175009549,
    "pearson_r": 0.8789786968820941,
    "spearman_r": 0.7611778980292906,
    "n_dirs": 31.0,
    "danger_precision": 0.0,
    "danger_recall": 0.0,
    "danger_f1": 0.0,
    "danger_tp": 0.0,
    "danger_fp": 1.0,
    "danger_fn": 0.0,
    "danger_tn": 30.0
  },
  "Linear": {
    "mae": 9.215053763440858,
    "rmse": 11.26656486560867,
    "pearson_r": 0.6081455461664652,
    "spearman_r": 0.5826359078624976,
    "n_dirs": 31.0,
    "danger_precision": 0.0,
    "danger_recall": 0.0,
    "danger_f1": 0.0,
    "danger_tp": 0.0,
    "danger_fp": 4.0,
    "danger_fn": 0.0,
    "danger_tn": 27.0
  },
  "RF": {
    "mae": 6.9722580645161285,
    "rmse": 7.955491915205698,
    "pearson_r": 0.7336280213303515,
    "spearman_r": 0.7759882946374772,
    "n_dirs": 31.0,
    "danger_precision": 0.0,
    "danger_recall": 0.0,
    "danger_f1": 0.0,
    "danger_tp": 0.0,
    "danger_fp": 1.0,
    "danger_fn": 0.0,
    "danger_tn": 30.0,
    "clf_auc_roc": 0.7898154834296138,
    "clf_auc_pr": 0.6531722347748373,
    "clf_f1": 0.615686274509804,
    "clf_precision": 0.5198675496688742,
    "clf_recall": 0.7548076923076923,
    "clf_threshold": 0.96,
    "clf_n_pairs": 714.0,
    "clf_n_pos": 208.0,
    "clf_n_neg": 506.0
  },
  "IRL_VariantA": {
    "mae": 3.469025278283704,
    "rmse": 5.531897266931659,
    "pearson_r": 0.8729364627295689,
    "spearman_r": 0.8082868530303945,
    "n_dirs": 31.0,
    "danger_precision": 0.0,
    "danger_recall": 0.0,
    "danger_f1": 0.0,
    "danger_tp": 0.0,
    "danger_fp": 2.0,
    "danger_fn": 0.0,
    "danger_tn": 29.0,
    "clf_auc_roc": 0.6225914031620553,
    "clf_auc_pr": 0.48065021631759075,
    "clf_f1": 0.49747474747474746,
    "clf_precision": 0.3373287671232877,
    "clf_recall": 0.9471153846153846,
    "clf_threshold": 0.06533143669366837,
    "clf_n_pairs": 714.0,
    "clf_n_pos": 208.0,
    "clf_n_neg": 506.0
  },
  "IRL_VariantA_scaled": {
    "mae": 14.129621291356447,
    "rmse": 15.563107417715734,
    "pearson_r": 0.872936462729569,
    "spearman_r": 0.8082868530303945,
    "n_dirs": 31.0,
    "danger_precision": 0.0,
    "danger_recall": 0.0,
    "danger_f1": 0.0,
    "danger_tp": 0.0,
    "danger_fp": 1.0,
    "danger_fn": 0.0,
    "danger_tn": 30.0
  },
  "IRL_VariantB": {
    "mae": 6.129182986059413,
    "rmse": 8.716317071420358,
    "pearson_r": 0.8758907334541363,
    "spearman_r": 0.7638484578856415,
    "n_dirs": 31.0,
    "danger_precision": 0.0,
    "danger_recall": 0.0,
    "danger_f1": 0.0,
    "danger_tp": 0.0,
    "danger_fp": 14.0,
    "danger_fn": 0.0,
    "danger_tn": 17.0
  },
  "IRL_Dir": {
    "mae": 3.4783456025104367,
    "rmse": 5.260129546451298,
    "pearson_r": 0.9055858400446947,
    "spearman_r": 0.7705706423433263,
    "n_dirs": 31.0,
    "danger_precision": 0.0,
    "danger_recall": 0.0,
    "danger_f1": 0.0,
    "danger_tp": 0.0,
    "danger_fp": 3.0,
    "danger_fn": 0.0,
    "danger_tn": 28.0,
    "clf_auc_roc": 0.7918297734873821,
    "clf_auc_pr": 0.5773066225279221,
    "clf_f1": 0.6150870406189555,
    "clf_precision": 0.5145631067961165,
    "clf_recall": 0.7644230769230769,
    "clf_threshold": 0.18394771218299866,
    "clf_n_pairs": 714.0,
    "clf_n_pos": 208.0,
    "clf_n_neg": 506.0
  },
  "RF_Dir": {
    "mae": 4.255961415659864,
    "rmse": 6.308708406029621,
    "pearson_r": 0.8605851959956194,
    "spearman_r": 0.7759665162387613,
    "n_dirs": 31.0,
    "danger_precision": 0.0,
    "danger_recall": 0.0,
    "danger_f1": 0.0,
    "danger_tp": 0.0,
    "danger_fp": 10.0,
    "danger_fn": 0.0,
    "danger_tn": 21.0,
    "clf_auc_roc": 0.7796537701429007,
    "clf_auc_pr": 0.6644114225328774,
    "clf_f1": 0.6203904555314533,
    "clf_precision": 0.5652173913043478,
    "clf_recall": 0.6875,
    "clf_threshold": 0.17132017022276638,
    "clf_n_pairs": 714.0,
    "clf_n_pos": 208.0,
    "clf_n_neg": 506.0
  }
}