{
  "feature_importance": {
    "window_tenure_days": 0.018165588700358122,
    "total_changes": 0.015483936433355558,
    "total_reviews": 0.025756754715393102,
    "recent_activity_frequency": 0.03462794865879682,
    "avg_activity_gap": 0.023662887515158167,
    "activity_trend": 0.019802865101149515,
    "unique_collaborator_count": 0.018930001358231505,
    "overall_acceptance_rate": 0.018522624888958245,
    "recent_acceptance_rate": 0.012895245507570352,
    "recent_load_ratio_30d_all": 0.027787593131896098,
    "days_since_last_activity": 0.030880677312817597,
    "reciprocity_score": 0.014495047437320994,
    "recent_load_ratio_7d_30d": 0.009627685059847534,
    "core_reviewer_ratio": 0.038416670487070446,
    "acceptance_rate_last10": 0.01147258588965246,
    "active_months_ratio": 0.014482426957984282,
    "response_time_trend": 0.02115678882402347,
    "reviewer_owner_ratio": 0.014231178312421435,
    "n_projects": 0.010368652117049024,
    "cross_project_review_share": 0.016604622378047103,
    "same_domain_share": 0.013163389354252075,
    "path_review_count": 0.15573227096951422,
    "path_recency": 0.14196532288706903,
    "path_acceptance_rate": 0.047771474087498024,
    "path_lcp_similarity": 0.0,
    "path_owner_overlap": 0.12644829529732496,
    "avg_action_intensity": 0.02168560777781217,
    "avg_change_lines": 0.024462465683060354,
    "avg_response_time": 0.03367107954834638,
    "avg_review_size": 0.01754913803684456,
    "repeat_collaboration_rate": 0.020179175571176496
  }
}