{
  "Naive": {
    "mae": 7.558139534883721,
    "rmse": 15.490282024847136,
    "pearson_r": 0.962049899825405,
    "spearman_r": 0.7870040536792128,
    "n_dirs": 215.0,
    "danger_precision": 0.6153846153846154,
    "danger_recall": 0.3333333333333333,
    "danger_f1": 0.43243243243243246,
    "danger_tp": 8.0,
    "danger_fp": 5.0,
    "danger_fn": 16.0,
    "danger_tn": 186.0
  },
  "Linear": {
    "mae": 5.266949152542374,
    "rmse": 7.901017837122226,
    "pearson_r": 0.9201963140457216,
    "spearman_r": 0.5588230131913129,
    "n_dirs": 236.0,
    "danger_precision": 0.2765957446808511,
    "danger_recall": 0.5,
    "danger_f1": 0.3561643835616438,
    "danger_tp": 13.0,
    "danger_fp": 34.0,
    "danger_fn": 13.0,
    "danger_tn": 176.0
  },
  "RF": {
    "mae": 4.87586046511628,
    "rmse": 8.208588440532665,
    "pearson_r": 0.9576745687738897,
    "spearman_r": 0.7882199804241673,
    "n_dirs": 215.0,
    "danger_precision": 0.5333333333333333,
    "danger_recall": 0.3333333333333333,
    "danger_f1": 0.4102564102564102,
    "danger_tp": 8.0,
    "danger_fp": 7.0,
    "danger_fn": 16.0,
    "danger_tn": 184.0,
    "clf_auc_roc": 0.6662176910356415,
    "clf_auc_pr": 0.4762639569074053,
    "clf_f1": 0.5485799701046338,
    "clf_precision": 0.43380614657210403,
    "clf_recall": 0.7459349593495935,
    "clf_threshold": 0.83,
    "clf_n_pairs": 4534.0,
    "clf_n_pos": 1476.0,
    "clf_n_neg": 3058.0
  },
  "IRL_VariantA": {
    "mae": NaN,
    "rmse": NaN,
    "n_dirs": 0,
    "danger_precision": 0.0,
    "danger_recall": 0.0,
    "danger_f1": 0.0
  },
  "IRL_VariantA_scaled": {
    "mae": NaN,
    "rmse": NaN,
    "n_dirs": 0,
    "danger_precision": 0.0,
    "danger_recall": 0.0,
    "danger_f1": 0.0
  },
  "IRL_VariantB": {
    "mae": NaN,
    "rmse": NaN,
    "n_dirs": 0,
    "danger_precision": 0.0,
    "danger_recall": 0.0,
    "danger_f1": 0.0
  },
  "IRL_Dir": {
    "mae": 7.300517935688232,
    "rmse": 13.468178319514545,
    "pearson_r": 0.9328665319415457,
    "spearman_r": 0.7304567725106809,
    "n_dirs": 215.0,
    "danger_precision": 0.17829457364341086,
    "danger_recall": 0.9583333333333334,
    "danger_f1": 0.3006535947712418,
    "danger_tp": 23.0,
    "danger_fp": 106.0,
    "danger_fn": 1.0,
    "danger_tn": 85.0,
    "clf_auc_roc": 0.6954968176235066,
    "clf_auc_pr": 0.5823481687161711,
    "clf_f1": 0.5603184323331292,
    "clf_precision": 0.5111731843575419,
    "clf_recall": 0.6199186991869918,
    "clf_threshold": 0.06325916945934296,
    "clf_n_pairs": 4534.0,
    "clf_n_pos": 1476.0,
    "clf_n_neg": 3058.0
  },
  "IRL_Dir_calibrated": {
    "mae": 4.761055832344032,
    "rmse": 8.440734801093006,
    "pearson_r": 0.958902481936787,
    "spearman_r": 0.7964344737224632,
    "n_dirs": 215.0,
    "danger_precision": 0.39622641509433965,
    "danger_recall": 0.875,
    "danger_f1": 0.5454545454545454,
    "danger_tp": 21.0,
    "danger_fp": 32.0,
    "danger_fn": 3.0,
    "danger_tn": 159.0,
    "clf_auc_roc": 0.7019633738685328,
    "clf_auc_pr": 0.5960052695209975,
    "clf_f1": 0.557907113462669,
    "clf_precision": 0.49273104880581514,
    "clf_recall": 0.6429539295392954,
    "clf_threshold": 0.3088235294117647,
    "clf_n_pairs": 4534.0,
    "clf_n_pos": 1476.0,
    "clf_n_neg": 3058.0
  },
  "RF_Dir": {
    "mae": 6.396835539410877,
    "rmse": 11.97819495880155,
    "pearson_r": 0.9659134364093724,
    "spearman_r": 0.7857414701417921,
    "n_dirs": 215.0,
    "danger_precision": 0.23469387755102042,
    "danger_recall": 0.9583333333333334,
    "danger_f1": 0.3770491803278688,
    "danger_tp": 23.0,
    "danger_fp": 75.0,
    "danger_fn": 1.0,
    "danger_tn": 116.0,
    "clf_auc_roc": 0.7822696388343869,
    "clf_auc_pr": 0.6866897906557164,
    "clf_f1": 0.6216121084125308,
    "clf_precision": 0.6468864468864469,
    "clf_recall": 0.5982384823848238,
    "clf_threshold": 0.23,
    "clf_n_pairs": 4534.0,
    "clf_n_pos": 1476.0,
    "clf_n_neg": 3058.0
  }
}