{
  "threshold": 0.19601081311702728,
  "precision": 0.6666666666666666,
  "recall": 0.7272727272727273,
  "f1": 0.6956521738631379,
  "metric": "f1"
}