{
  "n_devs": 340.0,
  "n_pos": 147.0,
  "n_neg": 193.0,
  "pos_rate": 0.4323529411764706,
  "auc_roc": 0.7086285291318601,
  "auc_pr": 0.5705361071873061,
  "threshold": 0.40255820751190186,
  "f1": 0.7371601208459214,
  "precision": 0.6630434782608695,
  "recall": 0.8299319727891157,
  "prob_mean": 0.6220528233138954,
  "prob_pos_mean": 0.7929649017497796,
  "prob_neg_mean": 0.49187626616324787
}