{
  "experience_days": 0.0878041684627533,
  "total_changes": 0.03384276479482651,
  "total_reviews": 0.04220662638545036,
  "recent_activity_frequency": 0.03951960429549217,
  "avg_activity_gap": 0.0193686131387949,
  "activity_trend": 0.029503868892788887,
  "collaboration_score": 0.05004196986556053,
  "code_quality_score": 0.03388608992099762,
  "recent_acceptance_rate": 0.022608663886785507,
  "review_load": 0.08994110673666,
  "days_since_last_activity": 0.03284570574760437,
  "acceptance_trend": 0.02156895026564598,
  "reciprocity_score": 0.03629849851131439,
  "load_trend": 0.04712212458252907,
  "core_reviewer_ratio": 0.03228803724050522,
  "recent_rejection_streak": 0.02627481333911419,
  "acceptance_rate_last10": 0.03077986091375351,
  "active_months_ratio": 0.030260365456342697,
  "response_time_trend": 0.05397527292370796,
  "complex_pr_bias": 0.025935165584087372,
  "path_review_count": 0.08903984725475311,
  "path_recency": 0.0792190358042717,
  "path_acceptance_rate": 0.02730458974838257,
  "avg_action_intensity": 0.0043406011536717415,
  "avg_change_lines": 0.0011908168671652675,
  "avg_response_time": 0.0013851369731128216,
  "avg_review_size": 0.0040734377689659595,
  "repeat_collaboration_rate": 0.007374181877821684
}