{
  "experience_days": -0.010674137622117996,
  "total_changes": -9.129015961661935e-05,
  "total_reviews": -0.004635436926037073,
  "recent_activity_frequency": 0.003985099494457245,
  "avg_activity_gap": -0.0003271243185736239,
  "activity_trend": -0.0033830043394118547,
  "collaboration_score": -0.005584863945841789,
  "code_quality_score": 0.002825995208695531,
  "recent_acceptance_rate": -0.0005907444865442812,
  "review_load": 0.009656987152993679,
  "days_since_last_activity": -0.0037669057492166758,
  "acceptance_trend": -0.00043525962973944843,
  "reciprocity_score": -0.002559709595516324,
  "load_trend": 0.0030267364345490932,
  "core_reviewer_ratio": 0.0021653177682310343,
  "recent_rejection_streak": -0.0006646973779425025,
  "acceptance_rate_last10": -0.0010279902489855886,
  "active_months_ratio": 0.0028228526934981346,
  "response_time_trend": -0.005986697971820831,
  "complex_pr_bias": -0.0011416020570322871,
  "path_review_count": 0.00934247300028801,
  "path_recency": 0.008635320700705051,
  "path_acceptance_rate": -0.0012975430581718683,
  "avg_action_intensity": -1.2267347301531117e-05,
  "avg_change_lines": 1.2930163393320981e-05,
  "avg_response_time": -6.553316052304581e-05,
  "avg_review_size": 6.176179886097088e-05,
  "repeat_collaboration_rate": -4.294893005862832e-05
}