{
  "feature_importance": {
    "experience_days": 0.016393182808385188,
    "total_changes": 0.01575819268681495,
    "total_reviews": 0.03670496772221578,
    "recent_activity_frequency": 0.026150575773957827,
    "avg_activity_gap": 0.032386347893026204,
    "activity_trend": 0.007941291006704912,
    "collaboration_score": 0.01363855179469228,
    "code_quality_score": 0.018145247377748717,
    "recent_acceptance_rate": 0.012073469369659818,
    "review_load": 0.026909593472164144,
    "days_since_last_activity": 0.03394461204993752,
    "acceptance_trend": 0.017323205141341603,
    "reciprocity_score": 0.013365300512993663,
    "load_trend": 0.008380397182873494,
    "core_reviewer_ratio": 0.04107822702397971,
    "recent_rejection_streak": 0.008389146547994964,
    "acceptance_rate_last10": 0.010000503068202904,
    "active_months_ratio": 0.01237593140257132,
    "response_time_trend": 0.014537347701596108,
    "complex_pr_bias": 0.01454134585943342,
    "path_review_count": 0.21036850076998853,
    "path_recency": 0.22164297309855732,
    "path_acceptance_rate": 0.08766043169042047,
    "avg_action_intensity": 0.018189597234274584,
    "avg_change_lines": 0.019519761081983292,
    "avg_response_time": 0.0262456356779376,
    "avg_review_size": 0.017311768793953623,
    "repeat_collaboration_rate": 0.019023895256590158
  }
}