{
  "Naive": {
    "mae": 7.366412213740458,
    "rmse": 11.267395372191501,
    "pearson_r": 0.9474609268561348,
    "spearman_r": 0.7012707715974861,
    "n_dirs": 131.0,
    "danger_precision": 0.0,
    "danger_recall": 0.0,
    "danger_f1": 0.0,
    "danger_tp": 0.0,
    "danger_fp": 1.0,
    "danger_fn": 8.0,
    "danger_tn": 122.0
  },
  "Linear": {
    "mae": 7.456876456876458,
    "rmse": 10.26142359991119,
    "pearson_r": 0.8836943241221816,
    "spearman_r": 0.49276090056325395,
    "n_dirs": 143.0,
    "danger_precision": 0.0625,
    "danger_recall": 0.1111111111111111,
    "danger_f1": 0.08,
    "danger_tp": 1.0,
    "danger_fp": 15.0,
    "danger_fn": 8.0,
    "danger_tn": 119.0
  },
  "RF": {
    "mae": 5.41175572519084,
    "rmse": 7.1656388516776195,
    "pearson_r": 0.9459028017242002,
    "spearman_r": 0.7157696298491864,
    "n_dirs": 131.0,
    "danger_precision": 0.0,
    "danger_recall": 0.0,
    "danger_f1": 0.0,
    "danger_tp": 0.0,
    "danger_fp": 1.0,
    "danger_fn": 8.0,
    "danger_tn": 122.0,
    "clf_auc_roc": 0.6563306618308651,
    "clf_auc_pr": 0.6567359166642021,
    "clf_f1": 0.676590776415645,
    "clf_precision": 0.5648148148148148,
    "clf_recall": 0.8435225618631732,
    "clf_threshold": 0.9,
    "clf_n_pairs": 3050.0,
    "clf_n_pos": 1374.0,
    "clf_n_neg": 1676.0
  },
  "IRL_VariantA": {
    "mae": NaN,
    "rmse": NaN,
    "n_dirs": 0,
    "danger_precision": 0.0,
    "danger_recall": 0.0,
    "danger_f1": 0.0
  },
  "IRL_VariantA_scaled": {
    "mae": NaN,
    "rmse": NaN,
    "n_dirs": 0,
    "danger_precision": 0.0,
    "danger_recall": 0.0,
    "danger_f1": 0.0
  },
  "IRL_VariantB": {
    "mae": NaN,
    "rmse": NaN,
    "n_dirs": 0,
    "danger_precision": 0.0,
    "danger_recall": 0.0,
    "danger_f1": 0.0
  },
  "IRL_Dir": {
    "mae": 9.924894719661875,
    "rmse": 16.352981819910948,
    "pearson_r": 0.9548656881218462,
    "spearman_r": 0.7299748672383327,
    "n_dirs": 131.0,
    "danger_precision": 0.20833333333333334,
    "danger_recall": 0.625,
    "danger_f1": 0.3125,
    "danger_tp": 5.0,
    "danger_fp": 19.0,
    "danger_fn": 3.0,
    "danger_tn": 104.0,
    "clf_auc_roc": 0.8335980083584329,
    "clf_auc_pr": 0.8393430137570302,
    "clf_f1": 0.7340544572920552,
    "clf_precision": 0.7528691660290742,
    "clf_recall": 0.7161572052401747,
    "clf_threshold": 0.3003314137458801,
    "clf_n_pairs": 3050.0,
    "clf_n_pos": 1374.0,
    "clf_n_neg": 1676.0
  },
  "RF_Dir": {
    "mae": 10.418163315611796,
    "rmse": 17.25805342718446,
    "pearson_r": 0.9484762985995182,
    "spearman_r": 0.710393685513574,
    "n_dirs": 131.0,
    "danger_precision": 0.18181818181818182,
    "danger_recall": 0.75,
    "danger_f1": 0.2926829268292683,
    "danger_tp": 6.0,
    "danger_fp": 27.0,
    "danger_fn": 2.0,
    "danger_tn": 96.0,
    "clf_auc_roc": 0.7899850357647827,
    "clf_auc_pr": 0.7988537787030056,
    "clf_f1": 0.6891025641025641,
    "clf_precision": 0.6156930126002291,
    "clf_recall": 0.7823871906841339,
    "clf_threshold": 0.15585521955227397,
    "clf_n_pairs": 3050.0,
    "clf_n_pos": 1374.0,
    "clf_n_neg": 1676.0
  }
}