{
  "training_losses": [
    2.2032360372872186,
    1.9854922746789867,
    1.9783505612406238,
    1.857320473111909,
    1.793338993500019,
    1.8664262705835803,
    1.8014993338749326,
    1.8283273927096664,
    1.7538266264159104,
    1.7196647052107186,
    1.7094306966354107,
    1.7247272442127097,
    1.7112510450955094,
    1.7854070005745724,
    1.743184930291669,
    1.7046140843424304,
    1.6648919417940338,
    1.6471871918645398,
    1.621029559908242,
    1.5926512603102059,
    1.546475936626566,
    1.5595237838810887,
    1.525598875407515,
    1.5616795071240128,
    1.5585996673024933,
    1.5710231846776501
  ],
  "val_losses": [
    2.0583633705973625,
    1.9780996702611446,
    1.9016178380697966,
    1.849870279431343,
    1.917863305658102,
    1.8391662370413542,
    1.734609428793192,
    1.7233606278896332,
    1.694710610434413,
    1.6838424298912287,
    1.6816308367997408,
    1.6743609551340342,
    1.6798988431692123,
    1.6913519408553839,
    1.6686107572168112,
    1.7177808806300163,
    1.6315107950940728,
    1.6330476915463805,
    1.617563814856112,
    1.6318561676889658,
    1.593448070809245,
    1.664285033941269,
    1.6283970903605223,
    1.668565589003265,
    1.5991149563342333,
    1.7037371881306171
  ],
  "best_val_loss": 1.593448070809245,
  "best_epoch": 20,
  "epochs_trained": 26
}