{
  "Naive": {
    "mae": 7.607142857142857,
    "rmse": 12.90348790056394,
    "pearson_r": 0.9651342445818111,
    "spearman_r": 0.7827821841758058,
    "n_dirs": 112.0,
    "danger_precision": 0.0,
    "danger_recall": 0.0,
    "danger_f1": 0.0,
    "danger_tp": 0.0,
    "danger_fp": 0.0,
    "danger_fn": 5.0,
    "danger_tn": 107.0
  },
  "Linear": {
    "mae": 6.366120218579234,
    "rmse": 9.011528742295841,
    "pearson_r": 0.9032722314918763,
    "spearman_r": 0.5767144781600878,
    "n_dirs": 122.0,
    "danger_precision": 0.13333333333333333,
    "danger_recall": 0.4,
    "danger_f1": 0.2,
    "danger_tp": 2.0,
    "danger_fp": 13.0,
    "danger_fn": 3.0,
    "danger_tn": 104.0
  },
  "RF": {
    "mae": 4.091607142857143,
    "rmse": 5.716530228831371,
    "pearson_r": 0.9677291608129621,
    "spearman_r": 0.8001584796300616,
    "n_dirs": 112.0,
    "danger_precision": 0.0,
    "danger_recall": 0.0,
    "danger_f1": 0.0,
    "danger_tp": 0.0,
    "danger_fp": 0.0,
    "danger_fn": 5.0,
    "danger_tn": 107.0,
    "clf_auc_roc": 0.6498578986176434,
    "clf_auc_pr": 0.6096773174242998,
    "clf_f1": 0.6361416361416361,
    "clf_precision": 0.5077972709551657,
    "clf_recall": 0.8513071895424836,
    "clf_threshold": 0.9,
    "clf_n_pairs": 3050.0,
    "clf_n_pos": 1224.0,
    "clf_n_neg": 1826.0
  },
  "IRL_VariantA": {
    "mae": NaN,
    "rmse": NaN,
    "n_dirs": 0,
    "danger_precision": 0.0,
    "danger_recall": 0.0,
    "danger_f1": 0.0
  },
  "IRL_VariantA_scaled": {
    "mae": NaN,
    "rmse": NaN,
    "n_dirs": 0,
    "danger_precision": 0.0,
    "danger_recall": 0.0,
    "danger_f1": 0.0
  },
  "IRL_VariantB": {
    "mae": NaN,
    "rmse": NaN,
    "n_dirs": 0,
    "danger_precision": 0.0,
    "danger_recall": 0.0,
    "danger_f1": 0.0
  },
  "IRL_Dir": {
    "mae": 7.753801608325115,
    "rmse": 12.151749135103323,
    "pearson_r": 0.9787735041119703,
    "spearman_r": 0.8311324991598422,
    "n_dirs": 112.0,
    "danger_precision": 0.09090909090909091,
    "danger_recall": 0.2,
    "danger_f1": 0.12500000000000003,
    "danger_tp": 1.0,
    "danger_fp": 10.0,
    "danger_fn": 4.0,
    "danger_tn": 97.0,
    "clf_auc_roc": 0.8089031706147227,
    "clf_auc_pr": 0.794992769329671,
    "clf_f1": 0.7127614169867691,
    "clf_precision": 0.7462019660411081,
    "clf_recall": 0.6821895424836601,
    "clf_threshold": 0.3883376121520996,
    "clf_n_pairs": 3050.0,
    "clf_n_pos": 1224.0,
    "clf_n_neg": 1826.0
  },
  "RF_Dir": {
    "mae": 9.872999536756302,
    "rmse": 15.956695697616619,
    "pearson_r": 0.9669915994753064,
    "spearman_r": 0.8300213175413444,
    "n_dirs": 112.0,
    "danger_precision": 0.041666666666666664,
    "danger_recall": 0.2,
    "danger_f1": 0.06896551724137931,
    "danger_tp": 1.0,
    "danger_fp": 23.0,
    "danger_fn": 4.0,
    "danger_tn": 84.0,
    "clf_auc_roc": 0.8029461876024597,
    "clf_auc_pr": 0.7809033198786794,
    "clf_f1": 0.6818780166739798,
    "clf_precision": 0.7364928909952607,
    "clf_recall": 0.6348039215686274,
    "clf_threshold": 0.27821978441068995,
    "clf_n_pairs": 3050.0,
    "clf_n_pos": 1224.0,
    "clf_n_neg": 1826.0
  }
}