{
  "threshold": 0.020877815783023834,
  "precision": 0.6222222222222222,
  "recall": 1.0,
  "f1": 0.7671232876239444,
  "metric": "f1"
}