{
  "auc_roc": 0.8872727272727272,
  "auc_pr": 0.8722688029411219,
  "optimal_threshold": 0.08051875978708267,
  "threshold_source": "train_data",
  "precision": 0.6666666666666666,
  "recall": 0.9090909090909091,
  "f1_score": 0.7692307692307693,
  "positive_count": 22,
  "negative_count": 25,
  "total_count": 47
}