{
  "Naive": {
    "mae": 9.747967479674797,
    "rmse": 16.321714799117764,
    "pearson_r": 0.9563737681582574,
    "spearman_r": 0.7635117006378804,
    "n_dirs": 123.0,
    "danger_precision": 0.0,
    "danger_recall": 0.0,
    "danger_f1": 0.0,
    "danger_tp": 0.0,
    "danger_fp": 1.0,
    "danger_fn": 4.0,
    "danger_tn": 118.0
  },
  "Linear": {
    "mae": 5.5664160401002505,
    "rmse": 7.389565675250392,
    "pearson_r": 0.9276541080731555,
    "spearman_r": 0.6351054974590391,
    "n_dirs": 133.0,
    "danger_precision": 0.0,
    "danger_recall": 0.0,
    "danger_f1": 0.0,
    "danger_tp": 0.0,
    "danger_fp": 16.0,
    "danger_fn": 5.0,
    "danger_tn": 112.0
  },
  "RF": {
    "mae": 5.528861788617886,
    "rmse": 8.47295866007173,
    "pearson_r": 0.949707309236559,
    "spearman_r": 0.7715467605591497,
    "n_dirs": 123.0,
    "danger_precision": 0.0,
    "danger_recall": 0.0,
    "danger_f1": 0.0,
    "danger_tp": 0.0,
    "danger_fp": 1.0,
    "danger_fn": 4.0,
    "danger_tn": 118.0,
    "clf_auc_roc": 0.6684976101746667,
    "clf_auc_pr": 0.48041660662450936,
    "clf_f1": 0.5590526643814272,
    "clf_precision": 0.40496613995485325,
    "clf_recall": 0.9024144869215291,
    "clf_threshold": 0.71,
    "clf_n_pairs": 3050.0,
    "clf_n_pos": 994.0,
    "clf_n_neg": 2056.0
  },
  "IRL_VariantA": {
    "mae": NaN,
    "rmse": NaN,
    "n_dirs": 0,
    "danger_precision": 0.0,
    "danger_recall": 0.0,
    "danger_f1": 0.0
  },
  "IRL_VariantA_scaled": {
    "mae": NaN,
    "rmse": NaN,
    "n_dirs": 0,
    "danger_precision": 0.0,
    "danger_recall": 0.0,
    "danger_f1": 0.0
  },
  "IRL_VariantB": {
    "mae": NaN,
    "rmse": NaN,
    "n_dirs": 0,
    "danger_precision": 0.0,
    "danger_recall": 0.0,
    "danger_f1": 0.0
  },
  "IRL_Dir": {
    "mae": 7.305737894906746,
    "rmse": 12.808318428377673,
    "pearson_r": 0.9714925927944962,
    "spearman_r": 0.8025178642970765,
    "n_dirs": 123.0,
    "danger_precision": 0.0625,
    "danger_recall": 0.5,
    "danger_f1": 0.1111111111111111,
    "danger_tp": 2.0,
    "danger_fp": 30.0,
    "danger_fn": 2.0,
    "danger_tn": 89.0,
    "clf_auc_roc": 0.7974684194662136,
    "clf_auc_pr": 0.6924553254551443,
    "clf_f1": 0.6432160804020101,
    "clf_precision": 0.5891213389121339,
    "clf_recall": 0.7082494969818913,
    "clf_threshold": 0.19102853536605835,
    "clf_n_pairs": 3050.0,
    "clf_n_pos": 994.0,
    "clf_n_neg": 2056.0
  },
  "RF_Dir": {
    "mae": 7.053812826368152,
    "rmse": 12.032259804949224,
    "pearson_r": 0.9687698430150535,
    "spearman_r": 0.8016478240070598,
    "n_dirs": 123.0,
    "danger_precision": 0.08571428571428572,
    "danger_recall": 0.75,
    "danger_f1": 0.15384615384615383,
    "danger_tp": 3.0,
    "danger_fp": 32.0,
    "danger_fn": 1.0,
    "danger_tn": 87.0,
    "clf_auc_roc": 0.797928622317563,
    "clf_auc_pr": 0.7021809526527465,
    "clf_f1": 0.6589147286821705,
    "clf_precision": 0.6355140186915887,
    "clf_recall": 0.6841046277665996,
    "clf_threshold": 0.2397952785317767,
    "clf_n_pairs": 3050.0,
    "clf_n_pos": 994.0,
    "clf_n_neg": 2056.0
  }
}