{
  "Naive": {
    "mae": 8.8,
    "rmse": 15.46509717943055,
    "pearson_r": 0.9519592319978464,
    "spearman_r": 0.7411160389668063,
    "n_dirs": 130.0,
    "danger_precision": 1.0,
    "danger_recall": 0.4,
    "danger_f1": 0.5714285714285715,
    "danger_tp": 2.0,
    "danger_fp": 0.0,
    "danger_fn": 3.0,
    "danger_tn": 125.0
  },
  "Linear": {
    "mae": 5.912751677852349,
    "rmse": 8.408519879400117,
    "pearson_r": 0.8920491286337133,
    "spearman_r": 0.5688522984421412,
    "n_dirs": 149.0,
    "danger_precision": 0.21052631578947367,
    "danger_recall": 0.6666666666666666,
    "danger_f1": 0.32,
    "danger_tp": 4.0,
    "danger_fp": 15.0,
    "danger_fn": 2.0,
    "danger_tn": 128.0
  },
  "RF": {
    "mae": 5.251692307692308,
    "rmse": 7.535451596900531,
    "pearson_r": 0.9515299495773702,
    "spearman_r": 0.7359860843343551,
    "n_dirs": 130.0,
    "danger_precision": 1.0,
    "danger_recall": 0.4,
    "danger_f1": 0.5714285714285715,
    "danger_tp": 2.0,
    "danger_fp": 0.0,
    "danger_fn": 3.0,
    "danger_tn": 125.0,
    "clf_auc_roc": 0.6392829620087186,
    "clf_auc_pr": 0.5768450928243405,
    "clf_f1": 0.6087229369312833,
    "clf_precision": 0.4727095516569201,
    "clf_recall": 0.8546255506607929,
    "clf_threshold": 0.9,
    "clf_n_pairs": 3050.0,
    "clf_n_pos": 1135.0,
    "clf_n_neg": 1915.0
  },
  "IRL_VariantA": {
    "mae": NaN,
    "rmse": NaN,
    "n_dirs": 0,
    "danger_precision": 0.0,
    "danger_recall": 0.0,
    "danger_f1": 0.0
  },
  "IRL_VariantA_scaled": {
    "mae": NaN,
    "rmse": NaN,
    "n_dirs": 0,
    "danger_precision": 0.0,
    "danger_recall": 0.0,
    "danger_f1": 0.0
  },
  "IRL_VariantB": {
    "mae": NaN,
    "rmse": NaN,
    "n_dirs": 0,
    "danger_precision": 0.0,
    "danger_recall": 0.0,
    "danger_f1": 0.0
  },
  "IRL_Dir": {
    "mae": 6.516309832974982,
    "rmse": 10.386067798442888,
    "pearson_r": 0.9595506183279716,
    "spearman_r": 0.7663201175227834,
    "n_dirs": 130.0,
    "danger_precision": 0.10526315789473684,
    "danger_recall": 0.8,
    "danger_f1": 0.18604651162790697,
    "danger_tp": 4.0,
    "danger_fp": 34.0,
    "danger_fn": 1.0,
    "danger_tn": 91.0,
    "clf_auc_roc": 0.7691850795366972,
    "clf_auc_pr": 0.6078045104484381,
    "clf_f1": 0.672322375397667,
    "clf_precision": 0.5613931523022432,
    "clf_recall": 0.8378854625550661,
    "clf_threshold": 0.008404318243265152,
    "clf_n_pairs": 3050.0,
    "clf_n_pos": 1135.0,
    "clf_n_neg": 1915.0
  },
  "RF_Dir": {
    "mae": 7.0804952499350815,
    "rmse": 11.538906231077373,
    "pearson_r": 0.9618223441571312,
    "spearman_r": 0.7404979520257134,
    "n_dirs": 130.0,
    "danger_precision": 0.13793103448275862,
    "danger_recall": 0.8,
    "danger_f1": 0.2352941176470588,
    "danger_tp": 4.0,
    "danger_fp": 25.0,
    "danger_fn": 1.0,
    "danger_tn": 100.0,
    "clf_auc_roc": 0.7784239886819797,
    "clf_auc_pr": 0.6884292072613849,
    "clf_f1": 0.650990099009901,
    "clf_precision": 0.6121024049650892,
    "clf_recall": 0.6951541850220264,
    "clf_threshold": 0.2305636617221377,
    "clf_n_pairs": 3050.0,
    "clf_n_pos": 1135.0,
    "clf_n_neg": 1915.0
  }
}