{
  "experience_days": 0.04657933488488197,
  "total_changes": 0.020389122888445854,
  "total_reviews": 0.031430669128894806,
  "recent_activity_frequency": 0.05167318135499954,
  "avg_activity_gap": 0.042763859033584595,
  "activity_trend": 0.06467023491859436,
  "collaboration_score": 0.01980356127023697,
  "code_quality_score": 0.014873433858156204,
  "recent_acceptance_rate": 0.03352276608347893,
  "review_load": 0.039855848997831345,
  "days_since_last_activity": 0.040225669741630554,
  "acceptance_trend": 0.048204634338617325,
  "reciprocity_score": 0.03846973925828934,
  "load_trend": 0.05988359823822975,
  "core_reviewer_ratio": 0.034147098660469055,
  "recent_rejection_streak": 0.06141034513711929,
  "acceptance_rate_last10": 0.022664591670036316,
  "active_months_ratio": 0.03280874714255333,
  "response_time_trend": 0.026291072368621826,
  "avg_action_intensity": 0.0726131796836853,
  "avg_change_lines": 0.04063914716243744,
  "avg_response_time": 0.030393604189157486,
  "avg_review_size": 0.07413990795612335,
  "repeat_collaboration_rate": 0.052546702325344086
}