{
  "experience_days": 0.014646549709141254,
  "total_changes": 4.129444405564874e-40,
  "total_reviews": 0.0122218681499362,
  "recent_activity_frequency": 0.024015266448259354,
  "avg_activity_gap": 0.02658243104815483,
  "activity_trend": 0.021506622433662415,
  "collaboration_score": 0.009371512569487095,
  "code_quality_score": 0.02858152985572815,
  "recent_acceptance_rate": 0.03469551354646683,
  "review_load": 0.02981787547469139,
  "days_since_last_activity": 0.01074959896504879,
  "acceptance_trend": 0.023592086508870125,
  "reciprocity_score": 3.6007485079597634e-40,
  "load_trend": 0.018825028091669083,
  "core_reviewer_ratio": 0.01237343531101942,
  "avg_action_intensity": 0.11260305345058441,
  "avg_change_lines": 0.152137890458107,
  "avg_response_time": 0.04242657124996185,
  "avg_review_size": 0.278755784034729,
  "repeat_collaboration_rate": 0.14709746837615967
}