{
  "Naive": {
    "mae": 7.558139534883721,
    "rmse": 15.490282024847136,
    "pearson_r": 0.9620498998254045,
    "spearman_r": 0.7870040536792128,
    "n_dirs": 215.0,
    "danger_precision": 0.6153846153846154,
    "danger_recall": 0.3333333333333333,
    "danger_f1": 0.43243243243243246,
    "danger_tp": 8.0,
    "danger_fp": 5.0,
    "danger_fn": 16.0,
    "danger_tn": 186.0
  },
  "Linear": {
    "mae": 5.266949152542374,
    "rmse": 7.901017837122226,
    "pearson_r": 0.9201963140457212,
    "spearman_r": 0.5588230131913129,
    "n_dirs": 236.0,
    "danger_precision": 0.2765957446808511,
    "danger_recall": 0.5,
    "danger_f1": 0.3561643835616438,
    "danger_tp": 13.0,
    "danger_fp": 34.0,
    "danger_fn": 13.0,
    "danger_tn": 176.0
  },
  "RF": {
    "mae": 4.3898604651162785,
    "rmse": 7.0581455499763655,
    "pearson_r": 0.9587054286007716,
    "spearman_r": 0.7883794294196196,
    "n_dirs": 215.0,
    "danger_precision": 0.5,
    "danger_recall": 0.3333333333333333,
    "danger_f1": 0.4,
    "danger_tp": 8.0,
    "danger_fp": 8.0,
    "danger_fn": 16.0,
    "danger_tn": 183.0,
    "clf_auc_roc": 0.648944370002889,
    "clf_auc_pr": 0.4047933303899957,
    "clf_f1": 0.5439573746669896,
    "clf_precision": 0.4232943837165473,
    "clf_recall": 0.760840108401084,
    "clf_threshold": 0.82,
    "clf_n_pairs": 4534.0,
    "clf_n_pos": 1476.0,
    "clf_n_neg": 3058.0
  },
  "IRL_VariantA": {
    "mae": NaN,
    "rmse": NaN,
    "n_dirs": 0,
    "danger_precision": 0.0,
    "danger_recall": 0.0,
    "danger_f1": 0.0
  },
  "IRL_VariantA_scaled": {
    "mae": NaN,
    "rmse": NaN,
    "n_dirs": 0,
    "danger_precision": 0.0,
    "danger_recall": 0.0,
    "danger_f1": 0.0
  },
  "IRL_VariantB": {
    "mae": NaN,
    "rmse": NaN,
    "n_dirs": 0,
    "danger_precision": 0.0,
    "danger_recall": 0.0,
    "danger_f1": 0.0
  },
  "IRL_Dir": {
    "mae": 7.940643437241995,
    "rmse": 14.780025845269913,
    "pearson_r": 0.9369785705621553,
    "spearman_r": 0.684892038218981,
    "n_dirs": 215.0,
    "danger_precision": 0.16083916083916083,
    "danger_recall": 0.9583333333333334,
    "danger_f1": 0.2754491017964072,
    "danger_tp": 23.0,
    "danger_fp": 120.0,
    "danger_fn": 1.0,
    "danger_tn": 71.0,
    "clf_auc_roc": 0.7181063353308483,
    "clf_auc_pr": 0.5555108886216475,
    "clf_f1": 0.5678879310344828,
    "clf_precision": 0.47137745974955275,
    "clf_recall": 0.7140921409214093,
    "clf_threshold": 0.03821899741888046,
    "clf_n_pairs": 4534.0,
    "clf_n_pos": 1476.0,
    "clf_n_neg": 3058.0
  },
  "IRL_Dir_calibrated": {
    "mae": 4.879827811360868,
    "rmse": 8.7444244583131,
    "pearson_r": 0.968265264538188,
    "spearman_r": 0.7858810278641685,
    "n_dirs": 215.0,
    "danger_precision": 0.38636363636363635,
    "danger_recall": 0.7083333333333334,
    "danger_f1": 0.5,
    "danger_tp": 17.0,
    "danger_fp": 27.0,
    "danger_fn": 7.0,
    "danger_tn": 164.0,
    "clf_auc_roc": 0.7204457055198414,
    "clf_auc_pr": 0.5642562678882771,
    "clf_f1": 0.5678879310344828,
    "clf_precision": 0.47137745974955275,
    "clf_recall": 0.7140921409214093,
    "clf_threshold": 0.3277310924369748,
    "clf_n_pairs": 4534.0,
    "clf_n_pos": 1476.0,
    "clf_n_neg": 3058.0
  },
  "RF_Dir": {
    "mae": 5.91805123752316,
    "rmse": 11.259407270189334,
    "pearson_r": 0.9647062225331091,
    "spearman_r": 0.7674137844584885,
    "n_dirs": 215.0,
    "danger_precision": 0.25,
    "danger_recall": 0.9166666666666666,
    "danger_f1": 0.3928571428571429,
    "danger_tp": 22.0,
    "danger_fp": 66.0,
    "danger_fn": 2.0,
    "danger_tn": 125.0,
    "clf_auc_roc": 0.772333242053807,
    "clf_auc_pr": 0.6441947049538069,
    "clf_f1": 0.6086415915449176,
    "clf_precision": 0.5623205054566341,
    "clf_recall": 0.6632791327913279,
    "clf_threshold": 0.23162341679131088,
    "clf_n_pairs": 4534.0,
    "clf_n_pos": 1476.0,
    "clf_n_neg": 3058.0
  }
}