{
  "Naive": {
    "mae": 7.260504201680672,
    "rmse": 12.246076373868563,
    "pearson_r": 0.9396979995477643,
    "spearman_r": 0.7100466982858689,
    "n_dirs": 119.0,
    "danger_precision": 0.0,
    "danger_recall": 0.0,
    "danger_f1": 0.0,
    "danger_tp": 0.0,
    "danger_fp": 2.0,
    "danger_fn": 1.0,
    "danger_tn": 116.0
  },
  "Linear": {
    "mae": 5.4715447154471555,
    "rmse": 8.07658688097205,
    "pearson_r": 0.8710029224087472,
    "spearman_r": 0.506794579592881,
    "n_dirs": 123.0,
    "danger_precision": 0.0,
    "danger_recall": 0.0,
    "danger_f1": 0.0,
    "danger_tp": 0.0,
    "danger_fp": 19.0,
    "danger_fn": 2.0,
    "danger_tn": 102.0
  },
  "RF": {
    "mae": 4.3876470588235295,
    "rmse": 5.847617413251717,
    "pearson_r": 0.9473628519180184,
    "spearman_r": 0.7281942479065636,
    "n_dirs": 119.0,
    "danger_precision": 0.0,
    "danger_recall": 0.0,
    "danger_f1": 0.0,
    "danger_tp": 0.0,
    "danger_fp": 2.0,
    "danger_fn": 1.0,
    "danger_tn": 116.0,
    "clf_auc_roc": 0.6229122852081963,
    "clf_auc_pr": 0.548059661377676,
    "clf_f1": 0.5910006715916722,
    "clf_precision": 0.4386839481555334,
    "clf_recall": 0.9053497942386831,
    "clf_threshold": 0.67,
    "clf_n_pairs": 2510.0,
    "clf_n_pos": 972.0,
    "clf_n_neg": 1538.0
  },
  "IRL_VariantA": {
    "mae": NaN,
    "rmse": NaN,
    "n_dirs": 0,
    "danger_precision": 0.0,
    "danger_recall": 0.0,
    "danger_f1": 0.0
  },
  "IRL_VariantA_scaled": {
    "mae": NaN,
    "rmse": NaN,
    "n_dirs": 0,
    "danger_precision": 0.0,
    "danger_recall": 0.0,
    "danger_f1": 0.0
  },
  "IRL_VariantB": {
    "mae": NaN,
    "rmse": NaN,
    "n_dirs": 0,
    "danger_precision": 0.0,
    "danger_recall": 0.0,
    "danger_f1": 0.0
  },
  "IRL_Dir": {
    "mae": 7.807305095289772,
    "rmse": 11.166996424057713,
    "pearson_r": 0.9220111437424119,
    "spearman_r": 0.7058215164907826,
    "n_dirs": 119.0,
    "danger_precision": 0.02040816326530612,
    "danger_recall": 1.0,
    "danger_f1": 0.039999999999999994,
    "danger_tp": 1.0,
    "danger_fp": 48.0,
    "danger_fn": 0.0,
    "danger_tn": 70.0,
    "clf_auc_roc": 0.7788995649312077,
    "clf_auc_pr": 0.7282461511852544,
    "clf_f1": 0.6534296028880866,
    "clf_precision": 0.5819935691318328,
    "clf_recall": 0.7448559670781894,
    "clf_threshold": 0.0970442146062851,
    "clf_n_pairs": 2510.0,
    "clf_n_pos": 972.0,
    "clf_n_neg": 1538.0
  },
  "IRL_Dir_calibrated": {
    "mae": 5.446862014532044,
    "rmse": 7.833911101400879,
    "pearson_r": 0.9367317738036183,
    "spearman_r": 0.7298963910319987,
    "n_dirs": 119.0,
    "danger_precision": 0.05,
    "danger_recall": 1.0,
    "danger_f1": 0.09523809523809523,
    "danger_tp": 1.0,
    "danger_fp": 19.0,
    "danger_fn": 0.0,
    "danger_tn": 99.0,
    "clf_auc_roc": 0.7805588332878464,
    "clf_auc_pr": 0.7409259803813792,
    "clf_f1": 0.6529516994633273,
    "clf_precision": 0.5775316455696202,
    "clf_recall": 0.7510288065843621,
    "clf_threshold": 0.2989881103952414,
    "clf_n_pairs": 2510.0,
    "clf_n_pos": 972.0,
    "clf_n_neg": 1538.0
  },
  "RF_Dir": {
    "mae": 6.834960576950464,
    "rmse": 10.20103327405536,
    "pearson_r": 0.9292974092925103,
    "spearman_r": 0.6857304926103274,
    "n_dirs": 119.0,
    "danger_precision": 0.034482758620689655,
    "danger_recall": 1.0,
    "danger_f1": 0.06666666666666667,
    "danger_tp": 1.0,
    "danger_fp": 28.0,
    "danger_fn": 0.0,
    "danger_tn": 90.0,
    "clf_auc_roc": 0.7709671183247978,
    "clf_auc_pr": 0.7326573792182309,
    "clf_f1": 0.6558407543216344,
    "clf_precision": 0.6680896478121665,
    "clf_recall": 0.6440329218106996,
    "clf_threshold": 0.3019714078171589,
    "clf_n_pairs": 2510.0,
    "clf_n_pos": 972.0,
    "clf_n_neg": 1538.0
  }
}