{
  "threshold": 0.4273599088191986,
  "precision": 0.18090452261306533,
  "recall": 0.782608695652174,
  "f1": 0.29387755098990753,
  "metric": "f1",
  "positive_rate": 0.10586430276167746,
  "method": "f1_maximization_on_train_data",
  "train_prediction_stats": {
    "min": 0.04475463181734085,
    "max": 0.9999991655349731,
    "mean": 0.5440560314738269,
    "std": 0.3875665592254456,
    "median": 0.3240671753883362
  }
}