{
  "auc_roc": 0.8036363636363636,
  "auc_pr": 0.8432347226397425,
  "optimal_threshold": 0.07433219999074936,
  "threshold_source": "train_data",
  "precision": 0.6,
  "recall": 0.8181818181818182,
  "f1_score": 0.6923076923076923,
  "positive_count": 22,
  "negative_count": 25,
  "total_count": 47
}