{
  "auc_roc": 0.7676136363636366,
  "auc_pr": 0.8808531454380236,
  "precision": 0.7346938775510204,
  "recall": 0.9,
  "f1_score": 0.8089887640449438,
  "optimal_threshold": 0.35,
  "positive_count": 40,
  "negative_count": 22,
  "total_count": 62,
  "feature_importance": {
    "experience_days": 0.04678970537174769,
    "total_changes": 0.02443779068470451,
    "total_reviews": 0.07782089486160806,
    "recent_activity_frequency": 0.07964778041413548,
    "avg_activity_gap": 0.06354010203383446,
    "activity_trend": 0.01380690309770707,
    "collaboration_score": 0.035941944953729224,
    "code_quality_score": 0.022714802298737048,
    "recent_acceptance_rate": 0.01182905050251976,
    "review_load": 0.03417178639640654,
    "days_since_last_activity": 0.08847732227728432,
    "acceptance_trend": 0.026476635110478576,
    "reciprocity_score": 0.013064633478639445,
    "load_trend": 0.005478268431339592,
    "core_reviewer_ratio": 0.07552805946083337,
    "recent_rejection_streak": 0.01607131245578108,
    "acceptance_rate_last10": 0.017824078607763694,
    "active_months_ratio": 0.0451620483310135,
    "response_time_trend": 0.03016449744661351,
    "complex_pr_bias": 0.024468286253148168,
    "avg_action_intensity": 0.058459997857040105,
    "avg_change_lines": 0.06246006062788191,
    "avg_response_time": 0.05000346121598664,
    "avg_review_size": 0.04911418344192319,
    "repeat_collaboration_rate": 0.02654639438914308
  },
  "pattern": "6-9m \u2192 6-9m"
}