{
  "threshold": 0.3752061426639557,
  "precision": 0.6854838709677419,
  "recall": 0.4562883435582822,
  "f1": 0.547882136231941,
  "metric": "f1",
  "positive_rate": 0.11114899420388681,
  "method": "f1_maximization_on_train_data",
  "train_prediction_stats": {
    "min": 0.06420309841632843,
    "max": 0.8056861758232117,
    "mean": 0.157812397243081,
    "std": 0.1354666465092196,
    "median": 0.09407674893736839
  }
}