{
  "IRL_Dir": {
    "n_pairs": 3611.0,
    "n_pos": 1511.0,
    "n_neg": 2100.0,
    "clf_auc_roc": 0.4515413948504617,
    "clf_auc_pr": 0.4000808316748004,
    "clf_f1": 0.5902601212595345,
    "clf_precision": 0.41893392559689063,
    "clf_recall": 0.99867637326274,
    "clf_threshold": 0.0012745870044454932,
    "prob_mean": 0.07952842324828302,
    "prob_pos_mean": 0.07182665342059169,
    "prob_neg_mean": 0.08507003001477902
  },
  "IRL_dev": {
    "n_pairs": 406.0,
    "n_pos": 161.0,
    "n_neg": 245.0,
    "clf_auc_roc": 0.8322474331347446,
    "clf_auc_pr": 0.8012882409268233,
    "clf_f1": 0.7398119122257053,
    "clf_precision": 0.7468354430379747,
    "clf_recall": 0.7329192546583851,
    "clf_threshold": 0.8891291096806526,
    "prob_mean": 0.8231464363508422,
    "prob_pos_mean": 0.907503573672256,
    "prob_neg_mean": 0.7677117461110561
  }
}