{
  "experience_days": -0.03758739307522774,
  "total_changes": 0.011700624600052834,
  "total_reviews": -0.014631851576268673,
  "recent_activity_frequency": 0.006901989690959454,
  "avg_activity_gap": 0.005555923096835613,
  "activity_trend": -0.011846336536109447,
  "collaboration_score": -0.0038524556439369917,
  "code_quality_score": 0.015552724711596966,
  "recent_acceptance_rate": -0.0015209239209070802,
  "review_load": 0.02284168265759945,
  "days_since_last_activity": -0.013963707722723484,
  "acceptance_trend": -0.0016148817958310246,
  "reciprocity_score": -0.014145493507385254,
  "load_trend": 0.022765304893255234,
  "core_reviewer_ratio": -0.007950815372169018,
  "recent_rejection_streak": -0.0035658767446875572,
  "acceptance_rate_last10": -0.010350159369409084,
  "active_months_ratio": -0.0024173485580831766,
  "response_time_trend": -0.029949475079774857,
  "complex_pr_bias": 0.007985671982169151,
  "avg_action_intensity": 0.03592831641435623,
  "avg_change_lines": 0.009917301125824451,
  "avg_response_time": 0.01096939668059349,
  "avg_review_size": -0.024127662181854248,
  "repeat_collaboration_rate": 0.012779010459780693
}