{
  "experience_days": 0.045130711048841476,
  "total_changes": 0.017321355640888214,
  "total_reviews": 0.02160240337252617,
  "recent_activity_frequency": 0.017634397372603416,
  "avg_activity_gap": 0.019349364563822746,
  "activity_trend": 0.024608395993709564,
  "collaboration_score": 0.014342756941914558,
  "code_quality_score": 0.019242383539676666,
  "recent_acceptance_rate": 0.011589381843805313,
  "review_load": 0.02846907265484333,
  "days_since_last_activity": 0.01813366450369358,
  "acceptance_trend": 0.011703944765031338,
  "reciprocity_score": 0.030766136944293976,
  "load_trend": 0.026911256834864616,
  "core_reviewer_ratio": 0.023216698318719864,
  "recent_rejection_streak": 0.016142820939421654,
  "acceptance_rate_last10": 0.018151715397834778,
  "active_months_ratio": 0.019047332927584648,
  "response_time_trend": 0.04190805181860924,
  "complex_pr_bias": 0.021214861422777176,
  "avg_action_intensity": 0.047925546765327454,
  "avg_change_lines": 0.04078419506549835,
  "avg_response_time": 0.02243121713399887,
  "avg_review_size": 0.06685493886470795,
  "repeat_collaboration_rate": 0.06607155501842499
}