{
  "Naive": {
    "mae": 7.366412213740458,
    "rmse": 11.267395372191501,
    "pearson_r": 0.9474609268561346,
    "spearman_r": 0.7012707715974861,
    "n_dirs": 131.0,
    "danger_precision": 0.0,
    "danger_recall": 0.0,
    "danger_f1": 0.0,
    "danger_tp": 0.0,
    "danger_fp": 1.0,
    "danger_fn": 8.0,
    "danger_tn": 122.0
  },
  "Linear": {
    "mae": 7.456876456876458,
    "rmse": 10.261423599911188,
    "pearson_r": 0.8836943241221816,
    "spearman_r": 0.49276090056325395,
    "n_dirs": 143.0,
    "danger_precision": 0.0625,
    "danger_recall": 0.1111111111111111,
    "danger_f1": 0.08,
    "danger_tp": 1.0,
    "danger_fp": 15.0,
    "danger_fn": 8.0,
    "danger_tn": 119.0
  },
  "RF": {
    "mae": 5.41175572519084,
    "rmse": 7.1656388516776195,
    "pearson_r": 0.9459028017242,
    "spearman_r": 0.7157696298491864,
    "n_dirs": 131.0,
    "danger_precision": 0.0,
    "danger_recall": 0.0,
    "danger_f1": 0.0,
    "danger_tp": 0.0,
    "danger_fp": 1.0,
    "danger_fn": 8.0,
    "danger_tn": 122.0,
    "clf_auc_roc": 0.6563306618308651,
    "clf_auc_pr": 0.6567359166642021,
    "clf_f1": 0.676590776415645,
    "clf_precision": 0.5648148148148148,
    "clf_recall": 0.8435225618631732,
    "clf_threshold": 0.9,
    "clf_n_pairs": 3050.0,
    "clf_n_pos": 1374.0,
    "clf_n_neg": 1676.0
  },
  "IRL_VariantA": {
    "mae": NaN,
    "rmse": NaN,
    "n_dirs": 0,
    "danger_precision": 0.0,
    "danger_recall": 0.0,
    "danger_f1": 0.0
  },
  "IRL_VariantA_scaled": {
    "mae": NaN,
    "rmse": NaN,
    "n_dirs": 0,
    "danger_precision": 0.0,
    "danger_recall": 0.0,
    "danger_f1": 0.0
  },
  "IRL_VariantB": {
    "mae": NaN,
    "rmse": NaN,
    "n_dirs": 0,
    "danger_precision": 0.0,
    "danger_recall": 0.0,
    "danger_f1": 0.0
  },
  "IRL_Dir": {
    "mae": 11.40658235002066,
    "rmse": 18.05159455303357,
    "pearson_r": 0.9552705453716064,
    "spearman_r": 0.6955571427587011,
    "n_dirs": 131.0,
    "danger_precision": 0.14545454545454545,
    "danger_recall": 1.0,
    "danger_f1": 0.25396825396825395,
    "danger_tp": 8.0,
    "danger_fp": 47.0,
    "danger_fn": 0.0,
    "danger_tn": 76.0,
    "clf_auc_roc": 0.7959003814446958,
    "clf_auc_pr": 0.7912031994770167,
    "clf_f1": 0.7070921985815602,
    "clf_precision": 0.6894882434301521,
    "clf_recall": 0.7256186317321689,
    "clf_threshold": 0.08812224119901657,
    "clf_n_pairs": 3050.0,
    "clf_n_pos": 1374.0,
    "clf_n_neg": 1676.0
  },
  "IRL_Dir_calibrated": {
    "mae": 7.274239674395639,
    "rmse": 10.966044572790915,
    "pearson_r": 0.9614643900600035,
    "spearman_r": 0.7292024862494669,
    "n_dirs": 131.0,
    "danger_precision": 0.25,
    "danger_recall": 0.375,
    "danger_f1": 0.3,
    "danger_tp": 3.0,
    "danger_fp": 9.0,
    "danger_fn": 5.0,
    "danger_tn": 114.0,
    "clf_auc_roc": 0.7994885844510913,
    "clf_auc_pr": 0.7961504167516595,
    "clf_f1": 0.7062588904694168,
    "clf_precision": 0.6905424200278164,
    "clf_recall": 0.722707423580786,
    "clf_threshold": 0.3800128544028289,
    "clf_n_pairs": 3050.0,
    "clf_n_pos": 1374.0,
    "clf_n_neg": 1676.0
  },
  "RF_Dir": {
    "mae": 10.557187161968049,
    "rmse": 17.440225800371227,
    "pearson_r": 0.9494049449232649,
    "spearman_r": 0.7154181775444743,
    "n_dirs": 131.0,
    "danger_precision": 0.18181818181818182,
    "danger_recall": 0.75,
    "danger_f1": 0.2926829268292683,
    "danger_tp": 6.0,
    "danger_fp": 27.0,
    "danger_fn": 2.0,
    "danger_tn": 96.0,
    "clf_auc_roc": 0.796122934275481,
    "clf_auc_pr": 0.8047167543683287,
    "clf_f1": 0.7003007016371534,
    "clf_precision": 0.6473131562693021,
    "clf_recall": 0.7627365356622998,
    "clf_threshold": 0.16455482524223747,
    "clf_n_pairs": 3050.0,
    "clf_n_pos": 1374.0,
    "clf_n_neg": 1676.0
  }
}