{
  "experience_days": 0.0867786854505539,
  "total_changes": 0.027808967977762222,
  "total_reviews": 0.03585129976272583,
  "recent_activity_frequency": 0.07504180818796158,
  "avg_activity_gap": 0.041713252663612366,
  "activity_trend": 0.03801014646887779,
  "collaboration_score": 0.008939864113926888,
  "code_quality_score": 0.02273479476571083,
  "recent_acceptance_rate": 0.013793153688311577,
  "review_load": 0.0272138100117445,
  "days_since_last_activity": 0.027452999725937843,
  "acceptance_trend": 0.02019435167312622,
  "reciprocity_score": 0.03405843302607536,
  "load_trend": 0.09413822740316391,
  "core_reviewer_ratio": 0.02839842066168785,
  "recent_rejection_streak": 0.017830725759267807,
  "acceptance_rate_last10": 0.04927872121334076,
  "active_months_ratio": 0.06859184801578522,
  "response_time_trend": 0.024493839591741562,
  "avg_action_intensity": 0.04374700412154198,
  "avg_change_lines": 0.02315432019531727,
  "avg_response_time": 0.06770310550928116,
  "avg_review_size": 0.11129212379455566,
  "repeat_collaboration_rate": 0.011780164204537868
}