{
  "auc_roc": 0.8631221719457014,
  "auc_pr": 0.873825265223404,
  "optimal_threshold": 0.12177971750497818,
  "threshold_source": "train_data",
  "precision": 0.85,
  "recall": 0.6538461538461539,
  "f1_score": 0.7391304347826086,
  "positive_count": 26,
  "negative_count": 34,
  "total_count": 60
}