{
  "experience_days": 0.026919446885585785,
  "total_changes": 4.193884516745315e-39,
  "total_reviews": 0.056212373077869415,
  "recent_activity_frequency": 0.09036355465650558,
  "avg_activity_gap": 0.009849165566265583,
  "activity_trend": 0.028366263955831528,
  "collaboration_score": 0.06541090458631516,
  "code_quality_score": 0.09555411338806152,
  "recent_acceptance_rate": 0.012398489750921726,
  "review_load": 0.20114359259605408,
  "days_since_last_activity": 0.014597980305552483,
  "acceptance_trend": 0.146322563290596,
  "reciprocity_score": 1.379641396558677e-39,
  "load_trend": 0.08029917627573013,
  "core_reviewer_ratio": 0.004238744266331196,
  "avg_action_intensity": 0.015010930597782135,
  "avg_change_lines": 0.03976578265428543,
  "avg_response_time": 0.043154191225767136,
  "avg_review_size": 0.03701925277709961,
  "repeat_collaboration_rate": 0.03337341547012329
}