{
  "feature_importance": {
    "window_tenure_days": 0.01646909231415408,
    "total_changes": 0.014173181357195584,
    "total_reviews": 0.03677313182016268,
    "recent_activity_frequency": 0.024348467676792693,
    "avg_activity_gap": 0.027392621903371057,
    "activity_trend": 0.02094648392252937,
    "unique_collaborator_count": 0.012575044841456834,
    "overall_acceptance_rate": 0.019513342483504684,
    "recent_acceptance_rate": 0.011797545876737685,
    "recent_load_ratio_30d_all": 0.023151040923582455,
    "days_since_last_activity": 0.034932084034323886,
    "reciprocity_score": 0.018544976136761825,
    "recent_load_ratio_7d_30d": 0.011249839445542953,
    "core_reviewer_ratio": 0.035337246423765956,
    "acceptance_rate_last10": 0.01227447386003743,
    "active_months_ratio": 0.01877993975915939,
    "response_time_trend": 0.01731840597787115,
    "reviewer_owner_ratio": 0.01507694030014322,
    "path_review_count": 0.20555397778477794,
    "path_recency": 0.21694254082184436,
    "path_acceptance_rate": 0.07940512248998219,
    "avg_action_intensity": 0.024217391511892096,
    "avg_change_lines": 0.02636604820717447,
    "avg_response_time": 0.02894194729974648,
    "avg_review_size": 0.02235593143819332,
    "repeat_collaboration_rate": 0.02556318138929622
  }
}