{
  "Naive": {
    "mae": 7.558139534883721,
    "rmse": 15.490282024847136,
    "pearson_r": 0.9620498998254053,
    "spearman_r": 0.7870040536792128,
    "n_dirs": 215.0,
    "danger_precision": 0.6153846153846154,
    "danger_recall": 0.3333333333333333,
    "danger_f1": 0.43243243243243246,
    "danger_tp": 8.0,
    "danger_fp": 5.0,
    "danger_fn": 16.0,
    "danger_tn": 186.0
  },
  "Linear": {
    "mae": 5.266949152542373,
    "rmse": 7.901017837122226,
    "pearson_r": 0.9201963140457214,
    "spearman_r": 0.5588230131913129,
    "n_dirs": 236.0,
    "danger_precision": 0.2765957446808511,
    "danger_recall": 0.5,
    "danger_f1": 0.3561643835616438,
    "danger_tp": 13.0,
    "danger_fp": 34.0,
    "danger_fn": 13.0,
    "danger_tn": 176.0
  },
  "RF": {
    "mae": 5.23386046511628,
    "rmse": 8.876691977595948,
    "pearson_r": 0.9566042631446587,
    "spearman_r": 0.7859243695657897,
    "n_dirs": 215.0,
    "danger_precision": 0.5714285714285714,
    "danger_recall": 0.3333333333333333,
    "danger_f1": 0.4210526315789474,
    "danger_tp": 8.0,
    "danger_fp": 6.0,
    "danger_fn": 16.0,
    "danger_tn": 185.0,
    "clf_auc_roc": 0.6623933669029299,
    "clf_auc_pr": 0.5851838750705687,
    "clf_f1": 0.5689079637577492,
    "clf_precision": 0.43892568064753495,
    "clf_recall": 0.8082655826558266,
    "clf_threshold": 0.96,
    "clf_n_pairs": 4534.0,
    "clf_n_pos": 1476.0,
    "clf_n_neg": 3058.0
  },
  "IRL_VariantA": {
    "mae": NaN,
    "rmse": NaN,
    "n_dirs": 0,
    "danger_precision": 0.0,
    "danger_recall": 0.0,
    "danger_f1": 0.0
  },
  "IRL_VariantA_scaled": {
    "mae": NaN,
    "rmse": NaN,
    "n_dirs": 0,
    "danger_precision": 0.0,
    "danger_recall": 0.0,
    "danger_f1": 0.0
  },
  "IRL_VariantB": {
    "mae": NaN,
    "rmse": NaN,
    "n_dirs": 0,
    "danger_precision": 0.0,
    "danger_recall": 0.0,
    "danger_f1": 0.0
  },
  "IRL_Dir": {
    "mae": 6.686695382671695,
    "rmse": 12.557809093572006,
    "pearson_r": 0.9625023803874786,
    "spearman_r": 0.7414450515947483,
    "n_dirs": 215.0,
    "danger_precision": 0.19230769230769232,
    "danger_recall": 0.8333333333333334,
    "danger_f1": 0.3125,
    "danger_tp": 20.0,
    "danger_fp": 84.0,
    "danger_fn": 4.0,
    "danger_tn": 107.0,
    "clf_auc_roc": 0.7553782916017517,
    "clf_auc_pr": 0.6433087588420559,
    "clf_f1": 0.6001147446930579,
    "clf_precision": 0.5203980099502488,
    "clf_recall": 0.7086720867208672,
    "clf_threshold": 0.09952028840780258,
    "clf_n_pairs": 4534.0,
    "clf_n_pos": 1476.0,
    "clf_n_neg": 3058.0
  },
  "IRL_Dir_calibrated": {
    "mae": 4.8235066858037685,
    "rmse": 8.675324480860146,
    "pearson_r": 0.9698383592176595,
    "spearman_r": 0.7894680419448526,
    "n_dirs": 215.0,
    "danger_precision": 0.3275862068965517,
    "danger_recall": 0.7916666666666666,
    "danger_f1": 0.4634146341463415,
    "danger_tp": 19.0,
    "danger_fp": 39.0,
    "danger_fn": 5.0,
    "danger_tn": 152.0,
    "clf_auc_roc": 0.7572855241305846,
    "clf_auc_pr": 0.6547462057342412,
    "clf_f1": 0.5977922445513728,
    "clf_precision": 0.5133689839572193,
    "clf_recall": 0.7154471544715447,
    "clf_threshold": 0.28448275862068967,
    "clf_n_pairs": 4534.0,
    "clf_n_pos": 1476.0,
    "clf_n_neg": 3058.0
  },
  "RF_Dir": {
    "mae": 5.858346812305819,
    "rmse": 10.697075085399174,
    "pearson_r": 0.9682187057665971,
    "spearman_r": 0.7929762156380573,
    "n_dirs": 215.0,
    "danger_precision": 0.2619047619047619,
    "danger_recall": 0.9166666666666666,
    "danger_f1": 0.4074074074074074,
    "danger_tp": 22.0,
    "danger_fp": 62.0,
    "danger_fn": 2.0,
    "danger_tn": 129.0,
    "clf_auc_roc": 0.7801817304471278,
    "clf_auc_pr": 0.6616430994222979,
    "clf_f1": 0.6194144838212635,
    "clf_precision": 0.5681175805539853,
    "clf_recall": 0.6808943089430894,
    "clf_threshold": 0.22203921395673756,
    "clf_n_pairs": 4534.0,
    "clf_n_pos": 1476.0,
    "clf_n_neg": 3058.0
  }
}