{
  "threshold": 0.28290092945098877,
  "precision": 0.6493392070484582,
  "recall": 0.5933977455716586,
  "f1": 0.6201093815235131,
  "metric": "f1",
  "positive_rate": 0.10586430276167746,
  "method": "f1_maximization_on_train_data",
  "train_prediction_stats": {
    "min": 0.009917170740664005,
    "max": 0.9786205291748047,
    "mean": 0.09466124106155048,
    "std": 0.1887658773753413,
    "median": 0.017411114647984505
  }
}