{
  "Naive": {
    "mae": 6.955,
    "rmse": 13.079946483070946,
    "pearson_r": 0.9656479238546104,
    "spearman_r": 0.729611671419977,
    "n_dirs": 200.0,
    "danger_precision": 0.4,
    "danger_recall": 0.25,
    "danger_f1": 0.3076923076923077,
    "danger_tp": 4.0,
    "danger_fp": 6.0,
    "danger_fn": 12.0,
    "danger_tn": 178.0
  },
  "Linear": {
    "mae": 5.516975308641975,
    "rmse": 7.669718930793113,
    "pearson_r": 0.9282531626692283,
    "spearman_r": 0.5285139971746808,
    "n_dirs": 216.0,
    "danger_precision": 0.2,
    "danger_recall": 0.5,
    "danger_f1": 0.28571428571428575,
    "danger_tp": 8.0,
    "danger_fp": 32.0,
    "danger_fn": 8.0,
    "danger_tn": 168.0
  },
  "RF": {
    "mae": 4.5809999999999995,
    "rmse": 7.148532506745703,
    "pearson_r": 0.9604975354694232,
    "spearman_r": 0.743080634303666,
    "n_dirs": 200.0,
    "danger_precision": 0.4,
    "danger_recall": 0.25,
    "danger_f1": 0.3076923076923077,
    "danger_tp": 4.0,
    "danger_fp": 6.0,
    "danger_fn": 12.0,
    "danger_tn": 178.0,
    "clf_auc_roc": 0.6679064417177913,
    "clf_auc_pr": 0.6114412049158062,
    "clf_f1": 0.5726915520628684,
    "clf_precision": 0.4716828478964401,
    "clf_recall": 0.72875,
    "clf_threshold": 0.98,
    "clf_n_pairs": 4534.0,
    "clf_n_pos": 1600.0,
    "clf_n_neg": 2934.0
  },
  "IRL_VariantA": {
    "mae": NaN,
    "rmse": NaN,
    "n_dirs": 0,
    "danger_precision": 0.0,
    "danger_recall": 0.0,
    "danger_f1": 0.0
  },
  "IRL_VariantA_scaled": {
    "mae": NaN,
    "rmse": NaN,
    "n_dirs": 0,
    "danger_precision": 0.0,
    "danger_recall": 0.0,
    "danger_f1": 0.0
  },
  "IRL_VariantB": {
    "mae": NaN,
    "rmse": NaN,
    "n_dirs": 0,
    "danger_precision": 0.0,
    "danger_recall": 0.0,
    "danger_f1": 0.0
  },
  "IRL_Dir": {
    "mae": 8.95979190125323,
    "rmse": 16.93413530995236,
    "pearson_r": 0.964150146260902,
    "spearman_r": 0.7817299269586677,
    "n_dirs": 200.0,
    "danger_precision": 0.14814814814814814,
    "danger_recall": 1.0,
    "danger_f1": 0.25806451612903225,
    "danger_tp": 16.0,
    "danger_fp": 92.0,
    "danger_fn": 0.0,
    "danger_tn": 92.0,
    "clf_auc_roc": 0.7592518745739605,
    "clf_auc_pr": 0.6910583372334081,
    "clf_f1": 0.6267112868877396,
    "clf_precision": 0.6105512744516894,
    "clf_recall": 0.64375,
    "clf_threshold": 0.07772745937108994,
    "clf_n_pairs": 4534.0,
    "clf_n_pos": 1600.0,
    "clf_n_neg": 2934.0
  },
  "IRL_Dir_calibrated": {
    "mae": 6.021857613107371,
    "rmse": 10.87917929899201,
    "pearson_r": 0.9762225949209254,
    "spearman_r": 0.7785725156652147,
    "n_dirs": 200.0,
    "danger_precision": 0.21739130434782608,
    "danger_recall": 0.625,
    "danger_f1": 0.3225806451612903,
    "danger_tp": 10.0,
    "danger_fp": 36.0,
    "danger_fn": 6.0,
    "danger_tn": 148.0,
    "clf_auc_roc": 0.7616364178595774,
    "clf_auc_pr": 0.6961739264619387,
    "clf_f1": 0.6267112868877396,
    "clf_precision": 0.6105512744516894,
    "clf_recall": 0.64375,
    "clf_threshold": 0.3333333333333333,
    "clf_n_pairs": 4534.0,
    "clf_n_pos": 1600.0,
    "clf_n_neg": 2934.0
  },
  "RF_Dir": {
    "mae": 7.5862770648862625,
    "rmse": 14.111270711137747,
    "pearson_r": 0.9758989278032726,
    "spearman_r": 0.7508043545068265,
    "n_dirs": 200.0,
    "danger_precision": 0.14864864864864866,
    "danger_recall": 0.6875,
    "danger_f1": 0.24444444444444446,
    "danger_tp": 11.0,
    "danger_fp": 63.0,
    "danger_fn": 5.0,
    "danger_tn": 121.0,
    "clf_auc_roc": 0.7835449684730743,
    "clf_auc_pr": 0.7274759563454645,
    "clf_f1": 0.6374079528718704,
    "clf_precision": 0.6027855153203343,
    "clf_recall": 0.67625,
    "clf_threshold": 0.22679575841401564,
    "clf_n_pairs": 4534.0,
    "clf_n_pos": 1600.0,
    "clf_n_neg": 2934.0
  }
}