{
  "Naive": {
    "mae": 9.747967479674797,
    "rmse": 16.321714799117764,
    "pearson_r": 0.9563737681582576,
    "spearman_r": 0.7635117006378804,
    "n_dirs": 123.0,
    "danger_precision": 0.0,
    "danger_recall": 0.0,
    "danger_f1": 0.0,
    "danger_tp": 0.0,
    "danger_fp": 1.0,
    "danger_fn": 4.0,
    "danger_tn": 118.0
  },
  "Linear": {
    "mae": 5.5664160401002505,
    "rmse": 7.389565675250392,
    "pearson_r": 0.9276541080731553,
    "spearman_r": 0.6351054974590391,
    "n_dirs": 133.0,
    "danger_precision": 0.0,
    "danger_recall": 0.0,
    "danger_f1": 0.0,
    "danger_tp": 0.0,
    "danger_fp": 16.0,
    "danger_fn": 5.0,
    "danger_tn": 112.0
  },
  "RF": {
    "mae": 5.766097560975609,
    "rmse": 8.741572061924625,
    "pearson_r": 0.9405454626650502,
    "spearman_r": 0.7677019400531624,
    "n_dirs": 123.0,
    "danger_precision": 0.0,
    "danger_recall": 0.0,
    "danger_f1": 0.0,
    "danger_tp": 0.0,
    "danger_fp": 1.0,
    "danger_fn": 4.0,
    "danger_tn": 118.0,
    "clf_auc_roc": 0.6572014773465698,
    "clf_auc_pr": 0.5624302241190422,
    "clf_f1": 0.5653315824031516,
    "clf_precision": 0.4195906432748538,
    "clf_recall": 0.8661971830985915,
    "clf_threshold": 0.9,
    "clf_n_pairs": 3050.0,
    "clf_n_pos": 994.0,
    "clf_n_neg": 2056.0
  },
  "IRL_VariantA": {
    "mae": NaN,
    "rmse": NaN,
    "n_dirs": 0,
    "danger_precision": 0.0,
    "danger_recall": 0.0,
    "danger_f1": 0.0
  },
  "IRL_VariantA_scaled": {
    "mae": NaN,
    "rmse": NaN,
    "n_dirs": 0,
    "danger_precision": 0.0,
    "danger_recall": 0.0,
    "danger_f1": 0.0
  },
  "IRL_VariantB": {
    "mae": NaN,
    "rmse": NaN,
    "n_dirs": 0,
    "danger_precision": 0.0,
    "danger_recall": 0.0,
    "danger_f1": 0.0
  },
  "IRL_Dir": {
    "mae": 5.76539835306566,
    "rmse": 9.992763473113957,
    "pearson_r": 0.9722232625815399,
    "spearman_r": 0.7990273634133318,
    "n_dirs": 123.0,
    "danger_precision": 0.0625,
    "danger_recall": 0.25,
    "danger_f1": 0.1,
    "danger_tp": 1.0,
    "danger_fp": 15.0,
    "danger_fn": 3.0,
    "danger_tn": 104.0,
    "clf_auc_roc": 0.8354404148627171,
    "clf_auc_pr": 0.7416252283940576,
    "clf_f1": 0.6875593542260209,
    "clf_precision": 0.6510791366906474,
    "clf_recall": 0.7283702213279678,
    "clf_threshold": 0.3374856412410736,
    "clf_n_pairs": 3050.0,
    "clf_n_pos": 994.0,
    "clf_n_neg": 2056.0
  },
  "RF_Dir": {
    "mae": 6.343868767845809,
    "rmse": 10.978894516431168,
    "pearson_r": 0.96729913908697,
    "spearman_r": 0.8062727525912046,
    "n_dirs": 123.0,
    "danger_precision": 0.1111111111111111,
    "danger_recall": 0.75,
    "danger_f1": 0.19354838709677416,
    "danger_tp": 3.0,
    "danger_fp": 24.0,
    "danger_fn": 1.0,
    "danger_tn": 95.0,
    "clf_auc_roc": 0.794569704217523,
    "clf_auc_pr": 0.6935742324741149,
    "clf_f1": 0.6412213740458015,
    "clf_precision": 0.6488156539649845,
    "clf_recall": 0.6338028169014085,
    "clf_threshold": 0.2931360382333159,
    "clf_n_pairs": 3050.0,
    "clf_n_pos": 994.0,
    "clf_n_neg": 2056.0
  }
}