{
  "Naive": {
    "mae": 7.366412213740458,
    "rmse": 11.267395372191501,
    "pearson_r": 0.9474609268561347,
    "spearman_r": 0.7012707715974861,
    "n_dirs": 131.0,
    "danger_precision": 0.0,
    "danger_recall": 0.0,
    "danger_f1": 0.0,
    "danger_tp": 0.0,
    "danger_fp": 1.0,
    "danger_fn": 8.0,
    "danger_tn": 122.0
  },
  "Linear": {
    "mae": 7.456876456876458,
    "rmse": 10.261423599911192,
    "pearson_r": 0.8836943241221814,
    "spearman_r": 0.49052406816548294,
    "n_dirs": 143.0,
    "danger_precision": 0.0625,
    "danger_recall": 0.1111111111111111,
    "danger_f1": 0.08,
    "danger_tp": 1.0,
    "danger_fp": 15.0,
    "danger_fn": 8.0,
    "danger_tn": 119.0
  },
  "RF": {
    "mae": 5.410687022900763,
    "rmse": 7.162688842214331,
    "pearson_r": 0.9459592456156126,
    "spearman_r": 0.7163276332502432,
    "n_dirs": 131.0,
    "danger_precision": 0.0,
    "danger_recall": 0.0,
    "danger_f1": 0.0,
    "danger_tp": 0.0,
    "danger_fp": 1.0,
    "danger_fn": 8.0,
    "danger_tn": 122.0,
    "clf_auc_roc": 0.6562815916457359,
    "clf_auc_pr": 0.6566714523595223,
    "clf_f1": 0.676590776415645,
    "clf_precision": 0.5648148148148148,
    "clf_recall": 0.8435225618631732,
    "clf_threshold": 0.9,
    "clf_n_pairs": 3050.0,
    "clf_n_pos": 1374.0,
    "clf_n_neg": 1676.0
  },
  "IRL_VariantA": {
    "mae": NaN,
    "rmse": NaN,
    "n_dirs": 0,
    "danger_precision": 0.0,
    "danger_recall": 0.0,
    "danger_f1": 0.0
  },
  "IRL_VariantA_scaled": {
    "mae": NaN,
    "rmse": NaN,
    "n_dirs": 0,
    "danger_precision": 0.0,
    "danger_recall": 0.0,
    "danger_f1": 0.0
  },
  "IRL_VariantB": {
    "mae": NaN,
    "rmse": NaN,
    "n_dirs": 0,
    "danger_precision": 0.0,
    "danger_recall": 0.0,
    "danger_f1": 0.0
  },
  "IRL_Dir": {
    "mae": 12.002024908954983,
    "rmse": 19.985746009146705,
    "pearson_r": 0.9321891875789593,
    "spearman_r": 0.7229539507755285,
    "n_dirs": 131.0,
    "danger_precision": 0.12727272727272726,
    "danger_recall": 0.875,
    "danger_f1": 0.22222222222222224,
    "danger_tp": 7.0,
    "danger_fp": 48.0,
    "danger_fn": 1.0,
    "danger_tn": 75.0,
    "clf_auc_roc": 0.7924350710258361,
    "clf_auc_pr": 0.7975310449714423,
    "clf_f1": 0.7075606276747504,
    "clf_precision": 0.6937062937062937,
    "clf_recall": 0.7219796215429404,
    "clf_threshold": 0.09622056037187576,
    "clf_n_pairs": 3050.0,
    "clf_n_pos": 1374.0,
    "clf_n_neg": 1676.0
  },
  "IRL_Dir_calibrated": {
    "mae": 7.312781410769305,
    "rmse": 11.789787270824872,
    "pearson_r": 0.954697369306233,
    "spearman_r": 0.7335668397263452,
    "n_dirs": 131.0,
    "danger_precision": 0.2727272727272727,
    "danger_recall": 0.375,
    "danger_f1": 0.3157894736842105,
    "danger_tp": 3.0,
    "danger_fp": 8.0,
    "danger_fn": 5.0,
    "danger_tn": 115.0,
    "clf_auc_roc": 0.793820760943954,
    "clf_auc_pr": 0.800684011109712,
    "clf_f1": 0.7069085833914864,
    "clf_precision": 0.6789544235924933,
    "clf_recall": 0.7372634643377002,
    "clf_threshold": 0.3380538285258412,
    "clf_n_pairs": 3050.0,
    "clf_n_pos": 1374.0,
    "clf_n_neg": 1676.0
  },
  "RF_Dir": {
    "mae": 10.473334488421806,
    "rmse": 17.286865830604686,
    "pearson_r": 0.9487177125352768,
    "spearman_r": 0.713598135484345,
    "n_dirs": 131.0,
    "danger_precision": 0.18181818181818182,
    "danger_recall": 0.75,
    "danger_f1": 0.2926829268292683,
    "danger_tp": 6.0,
    "danger_fp": 27.0,
    "danger_fn": 2.0,
    "danger_tn": 96.0,
    "clf_auc_roc": 0.7915237986055383,
    "clf_auc_pr": 0.8033477672622762,
    "clf_f1": 0.6951835634893904,
    "clf_precision": 0.6470219435736677,
    "clf_recall": 0.7510917030567685,
    "clf_threshold": 0.1722487291222914,
    "clf_n_pairs": 3050.0,
    "clf_n_pos": 1374.0,
    "clf_n_neg": 1676.0
  }
}