{
  "training_losses": [
    3.7046804867292704,
    3.431456126664814,
    3.3168157715546456,
    3.2696619786714254,
    3.2573287800738684,
    3.221746250202781,
    3.1951885537097326,
    3.169470423146298,
    3.1616823359539636,
    3.151484596101861,
    3.154469885324177,
    3.1278071968179,
    3.1333933441262496,
    3.1587248475928056,
    3.1441342454207573,
    3.1269162328619706,
    3.110509571276213,
    3.092591668430128,
    3.0975017359382226,
    3.0358443322934603,
    3.0438838381516304,
    3.0101919236936068,
    3.0278684590992175,
    3.007623942274796,
    2.994437016938862,
    3.0229414826945256,
    3.0400548796904716,
    3.041894944090592,
    3.0132741363425004,
    2.969014801477131
  ],
  "val_losses": [
    3.4183748722076417,
    3.2428470611572267,
    3.1883248805999758,
    3.165556263923645,
    3.165463352203369,
    3.1357299089431763,
    3.138742184638977,
    3.1397645235061646,
    3.12135112285614,
    3.1247536182403564,
    3.110625123977661,
    3.1143978595733643,
    3.108469843864441,
    3.1034552574157717,
    3.0998146295547486,
    3.092559051513672,
    3.1255013227462767,
    3.102586269378662,
    3.1076072454452515,
    3.091514253616333,
    3.080404281616211,
    3.0956106662750242,
    3.063396716117859,
    3.063696789741516,
    3.0614277601242064,
    3.15515558719635,
    3.064909815788269,
    3.064033341407776,
    3.074592685699463,
    3.065747833251953
  ],
  "best_val_loss": 3.0614277601242064,
  "best_epoch": 24,
  "epochs_trained": 30
}