{
  "feature_importance": {
    "window_tenure_days": 0.021867679568255364,
    "total_changes": 0.013387077523271156,
    "total_reviews": 0.03357889426383053,
    "recent_activity_frequency": 0.02857497429733104,
    "avg_activity_gap": 0.024403892695592275,
    "activity_trend": 0.027135321885836002,
    "unique_collaborator_count": 0.016953277362585662,
    "overall_acceptance_rate": 0.021058654273292073,
    "recent_acceptance_rate": 0.011549427989897816,
    "recent_load_ratio_30d_all": 0.03599034032067116,
    "days_since_last_activity": 0.030350410123750796,
    "reciprocity_score": 0.012864108652651895,
    "recent_load_ratio_7d_30d": 0.013955543687323055,
    "core_reviewer_ratio": 0.03273749284623435,
    "acceptance_rate_last10": 0.012230673313881842,
    "active_months_ratio": 0.02270400609653418,
    "response_time_trend": 0.02230609973174846,
    "reviewer_owner_ratio": 0.014746060657596,
    "n_projects": 0.011212247265693911,
    "cross_project_review_share": 0.01152935345371714,
    "same_domain_share": 0.011309587624846162,
    "path_review_count": 0.1315525481058333,
    "path_recency": 0.10743307904834565,
    "path_acceptance_rate": 0.041088283206943535,
    "path_lcp_similarity": 0.0,
    "path_owner_overlap": 0.07905405346124483,
    "path_hub_score": 0.04548446060702736,
    "path_neighbor_coverage": 0.050692908793335816,
    "avg_action_intensity": 0.020846205011336615,
    "avg_change_lines": 0.021844213964932382,
    "avg_response_time": 0.029512827087667642,
    "avg_review_size": 0.022300613101078226,
    "repeat_collaboration_rate": 0.01974568397771373
  }
}