{
  "Naive": {
    "mae": 8.333333333333334,
    "rmse": 16.780969547887754,
    "pearson_r": 0.9581254449366063,
    "spearman_r": 0.7475158666423248,
    "n_dirs": 213.0,
    "danger_precision": 0.2857142857142857,
    "danger_recall": 0.08,
    "danger_f1": 0.125,
    "danger_tp": 2.0,
    "danger_fp": 5.0,
    "danger_fn": 23.0,
    "danger_tn": 183.0
  },
  "Linear": {
    "mae": 5.0373563218390816,
    "rmse": 7.740523807357006,
    "pearson_r": 0.9315607129157931,
    "spearman_r": 0.5061701321202089,
    "n_dirs": 232.0,
    "danger_precision": 0.13157894736842105,
    "danger_recall": 0.17857142857142858,
    "danger_f1": 0.15151515151515152,
    "danger_tp": 5.0,
    "danger_fp": 33.0,
    "danger_fn": 23.0,
    "danger_tn": 171.0
  },
  "RF": {
    "mae": 4.182300469483568,
    "rmse": 7.130635058536384,
    "pearson_r": 0.9512466967490619,
    "spearman_r": 0.7614184398028566,
    "n_dirs": 213.0,
    "danger_precision": 0.23076923076923078,
    "danger_recall": 0.12,
    "danger_f1": 0.15789473684210525,
    "danger_tp": 3.0,
    "danger_fp": 10.0,
    "danger_fn": 22.0,
    "danger_tn": 178.0,
    "clf_auc_roc": 0.6745047793857651,
    "clf_auc_pr": 0.4284039526901972,
    "clf_f1": 0.493411420204978,
    "clf_precision": 0.3538676933846692,
    "clf_recall": 0.814665592264303,
    "clf_threshold": 0.71,
    "clf_n_pairs": 4534.0,
    "clf_n_pos": 1241.0,
    "clf_n_neg": 3293.0
  },
  "IRL_VariantA": {
    "mae": NaN,
    "rmse": NaN,
    "n_dirs": 0,
    "danger_precision": 0.0,
    "danger_recall": 0.0,
    "danger_f1": 0.0
  },
  "IRL_VariantA_scaled": {
    "mae": NaN,
    "rmse": NaN,
    "n_dirs": 0,
    "danger_precision": 0.0,
    "danger_recall": 0.0,
    "danger_f1": 0.0
  },
  "IRL_VariantB": {
    "mae": NaN,
    "rmse": NaN,
    "n_dirs": 0,
    "danger_precision": 0.0,
    "danger_recall": 0.0,
    "danger_f1": 0.0
  },
  "IRL_Dir": {
    "mae": 6.380235836223782,
    "rmse": 12.143979229829206,
    "pearson_r": 0.9540601943744759,
    "spearman_r": 0.782964511800455,
    "n_dirs": 213.0,
    "danger_precision": 0.17518248175182483,
    "danger_recall": 0.96,
    "danger_f1": 0.29629629629629634,
    "danger_tp": 24.0,
    "danger_fp": 113.0,
    "danger_fn": 1.0,
    "danger_tn": 75.0,
    "clf_auc_roc": 0.7478315172001851,
    "clf_auc_pr": 0.5653730585436999,
    "clf_f1": 0.5651705565529623,
    "clf_precision": 0.5097150259067358,
    "clf_recall": 0.6341659951651893,
    "clf_threshold": 0.05555688217282295,
    "clf_n_pairs": 4534.0,
    "clf_n_pos": 1241.0,
    "clf_n_neg": 3293.0
  },
  "IRL_Dir_calibrated": {
    "mae": 4.3838060203603275,
    "rmse": 8.350564565719335,
    "pearson_r": 0.9715499650800674,
    "spearman_r": 0.8089762329740168,
    "n_dirs": 213.0,
    "danger_precision": 0.2328767123287671,
    "danger_recall": 0.68,
    "danger_f1": 0.3469387755102041,
    "danger_tp": 17.0,
    "danger_fp": 56.0,
    "danger_fn": 8.0,
    "danger_tn": 132.0,
    "clf_auc_roc": 0.7485783459309702,
    "clf_auc_pr": 0.5706467079107556,
    "clf_f1": 0.5639760310186817,
    "clf_precision": 0.5012531328320802,
    "clf_recall": 0.6446414182111201,
    "clf_threshold": 0.2806277600021154,
    "clf_n_pairs": 4534.0,
    "clf_n_pos": 1241.0,
    "clf_n_neg": 3293.0
  },
  "RF_Dir": {
    "mae": 6.305335038898681,
    "rmse": 12.745324839519807,
    "pearson_r": 0.9763453541213905,
    "spearman_r": 0.8068982058222721,
    "n_dirs": 213.0,
    "danger_precision": 0.1937984496124031,
    "danger_recall": 1.0,
    "danger_f1": 0.32467532467532473,
    "danger_tp": 25.0,
    "danger_fp": 104.0,
    "danger_fn": 0.0,
    "danger_tn": 84.0,
    "clf_auc_roc": 0.7964724088138515,
    "clf_auc_pr": 0.6582445307712617,
    "clf_f1": 0.5961465810351341,
    "clf_precision": 0.5611664295874822,
    "clf_recall": 0.6357775987107172,
    "clf_threshold": 0.14710450297366184,
    "clf_n_pairs": 4534.0,
    "clf_n_pos": 1241.0,
    "clf_n_neg": 3293.0
  }
}