{
  "feature_importance": {
    "window_tenure_days": 0.017161542943009814,
    "total_changes": 0.015153876997645751,
    "total_reviews": 0.03848208562602848,
    "recent_activity_frequency": 0.029651037056845755,
    "avg_activity_gap": 0.03156351530700965,
    "activity_trend": 0.017420037685878128,
    "unique_collaborator_count": 0.026032328400146233,
    "overall_acceptance_rate": 0.018238413204676462,
    "recent_acceptance_rate": 0.010439822311722321,
    "recent_load_ratio_30d_all": 0.019639534127884294,
    "days_since_last_activity": 0.029650531687875407,
    "reciprocity_score": 0.012487326868432107,
    "recent_load_ratio_7d_30d": 0.009804467394878833,
    "core_reviewer_ratio": 0.04925556351515862,
    "acceptance_rate_last10": 0.010351158937096368,
    "active_months_ratio": 0.024294244025724547,
    "response_time_trend": 0.022824891831089857,
    "reviewer_owner_ratio": 0.015484492037133531,
    "n_projects": 0.010879711483059199,
    "cross_project_review_share": 0.013298346624609655,
    "same_domain_share": 0.012051592042217101,
    "path_review_count": 0.16081608700972594,
    "path_recency": 0.12803522281078078,
    "path_acceptance_rate": 0.05335196218320398,
    "path_lcp_similarity": 0.0,
    "path_owner_overlap": 0.12173063069125752,
    "avg_action_intensity": 0.020127078983572015,
    "avg_change_lines": 0.020138520017018376,
    "avg_response_time": 0.02764642638768193,
    "avg_review_size": 0.01775213114570642,
    "repeat_collaboration_rate": 0.01623742066293114
  }
}