{
  "Naive": {
    "mae": 8.333333333333334,
    "rmse": 16.780969547887754,
    "pearson_r": 0.9581254449366068,
    "spearman_r": 0.7475158666423248,
    "n_dirs": 213.0,
    "danger_precision": 0.2857142857142857,
    "danger_recall": 0.08,
    "danger_f1": 0.125,
    "danger_tp": 2.0,
    "danger_fp": 5.0,
    "danger_fn": 23.0,
    "danger_tn": 183.0
  },
  "Linear": {
    "mae": 5.037356321839081,
    "rmse": 7.740523807357006,
    "pearson_r": 0.9315607129157932,
    "spearman_r": 0.5061701321202089,
    "n_dirs": 232.0,
    "danger_precision": 0.13157894736842105,
    "danger_recall": 0.17857142857142858,
    "danger_f1": 0.15151515151515152,
    "danger_tp": 5.0,
    "danger_fp": 33.0,
    "danger_fn": 23.0,
    "danger_tn": 171.0
  },
  "RF": {
    "mae": 4.494413145539906,
    "rmse": 7.87954763244812,
    "pearson_r": 0.9518276599550965,
    "spearman_r": 0.7639637007537081,
    "n_dirs": 213.0,
    "danger_precision": 0.23076923076923078,
    "danger_recall": 0.12,
    "danger_f1": 0.15789473684210525,
    "danger_tp": 3.0,
    "danger_fp": 10.0,
    "danger_fn": 22.0,
    "danger_tn": 178.0,
    "clf_auc_roc": 0.6814009547759966,
    "clf_auc_pr": 0.4208612700840316,
    "clf_f1": 0.502449646162221,
    "clf_precision": 0.3793670365803535,
    "clf_recall": 0.7437550362610797,
    "clf_threshold": 0.84,
    "clf_n_pairs": 4534.0,
    "clf_n_pos": 1241.0,
    "clf_n_neg": 3293.0
  },
  "IRL_VariantA": {
    "mae": NaN,
    "rmse": NaN,
    "n_dirs": 0,
    "danger_precision": 0.0,
    "danger_recall": 0.0,
    "danger_f1": 0.0
  },
  "IRL_VariantA_scaled": {
    "mae": NaN,
    "rmse": NaN,
    "n_dirs": 0,
    "danger_precision": 0.0,
    "danger_recall": 0.0,
    "danger_f1": 0.0
  },
  "IRL_VariantB": {
    "mae": NaN,
    "rmse": NaN,
    "n_dirs": 0,
    "danger_precision": 0.0,
    "danger_recall": 0.0,
    "danger_f1": 0.0
  },
  "IRL_Dir": {
    "mae": 5.209085647164555,
    "rmse": 10.265218956999206,
    "pearson_r": 0.9759396435890754,
    "spearman_r": 0.8264863958972891,
    "n_dirs": 213.0,
    "danger_precision": 0.24210526315789474,
    "danger_recall": 0.92,
    "danger_f1": 0.38333333333333336,
    "danger_tp": 23.0,
    "danger_fp": 72.0,
    "danger_fn": 2.0,
    "danger_tn": 116.0,
    "clf_auc_roc": 0.7760715291611905,
    "clf_auc_pr": 0.6215204267398796,
    "clf_f1": 0.5833625833625834,
    "clf_precision": 0.5167910447761194,
    "clf_recall": 0.669621273166801,
    "clf_threshold": 0.21905915439128876,
    "clf_n_pairs": 4534.0,
    "clf_n_pos": 1241.0,
    "clf_n_neg": 3293.0
  },
  "IRL_Dir_calibrated": {
    "mae": 4.376724533666424,
    "rmse": 8.560786839078244,
    "pearson_r": 0.9759836093682284,
    "spearman_r": 0.8197810383245551,
    "n_dirs": 213.0,
    "danger_precision": 0.2638888888888889,
    "danger_recall": 0.76,
    "danger_f1": 0.3917525773195877,
    "danger_tp": 19.0,
    "danger_fp": 53.0,
    "danger_fn": 6.0,
    "danger_tn": 135.0,
    "clf_auc_roc": 0.7791915946041378,
    "clf_auc_pr": 0.6266007472981998,
    "clf_f1": 0.5823699421965318,
    "clf_precision": 0.5278323510150622,
    "clf_recall": 0.6494762288477035,
    "clf_threshold": 0.33962264150943394,
    "clf_n_pairs": 4534.0,
    "clf_n_pos": 1241.0,
    "clf_n_neg": 3293.0
  },
  "RF_Dir": {
    "mae": 4.961466030844299,
    "rmse": 9.982666979422337,
    "pearson_r": 0.9720766347454181,
    "spearman_r": 0.7934351419599915,
    "n_dirs": 213.0,
    "danger_precision": 0.22826086956521738,
    "danger_recall": 0.84,
    "danger_f1": 0.3589743589743589,
    "danger_tp": 21.0,
    "danger_fp": 71.0,
    "danger_fn": 4.0,
    "danger_tn": 117.0,
    "clf_auc_roc": 0.8030441101224902,
    "clf_auc_pr": 0.6648699776409142,
    "clf_f1": 0.6149377593360996,
    "clf_precision": 0.6338751069289992,
    "clf_recall": 0.59709911361805,
    "clf_threshold": 0.2984986288848263,
    "clf_n_pairs": 4534.0,
    "clf_n_pos": 1241.0,
    "clf_n_neg": 3293.0
  }
}