{
  "variant": "lstm_baseline",
  "use_calibrated": true,
  "risk_threshold": 1,
  "n_directories": 268,
  "n_high_risk": 53,
  "n_medium_risk": 106,
  "n_low_risk": 109,
  "n_decreasing": 143,
  "validation": {
    "0-3": {
      "precision": 0.352112676056338,
      "recall": 0.38461538461538464,
      "f1": 0.36764705882352944,
      "tp": 25,
      "fp": 46,
      "fn": 40,
      "tn": 112,
      "n_dirs": 223
    },
    "3-6": {
      "precision": 0.5072463768115942,
      "recall": 0.4166666666666667,
      "f1": 0.45751633986928103,
      "tp": 35,
      "fp": 34,
      "fn": 49,
      "tn": 97,
      "n_dirs": 215
    },
    "6-9": {
      "precision": 0.46808510638297873,
      "recall": 0.6984126984126984,
      "f1": 0.5605095541401274,
      "tp": 44,
      "fp": 50,
      "fn": 19,
      "tn": 105,
      "n_dirs": 218
    },
    "9-12": {
      "precision": 0.48623853211009177,
      "recall": 0.7464788732394366,
      "f1": 0.5888888888888889,
      "tp": 53,
      "fp": 56,
      "fn": 18,
      "tn": 91,
      "n_dirs": 218
    }
  }
}