{
  "experience_days": 0.04187488183379173,
  "total_changes": 1.549384883437735e-39,
  "total_reviews": 0.0209091454744339,
  "recent_activity_frequency": 0.03599619120359421,
  "avg_activity_gap": 0.062050797045230865,
  "activity_trend": 0.05208254233002663,
  "collaboration_score": 0.0650184378027916,
  "code_quality_score": 0.04890083894133568,
  "recent_acceptance_rate": 0.03830522298812866,
  "review_load": 0.06632298976182938,
  "days_since_last_activity": 0.09085016697645187,
  "acceptance_trend": 0.09027700871229172,
  "reciprocity_score": 1.4284934636219688e-39,
  "load_trend": 0.044950347393751144,
  "core_reviewer_ratio": 0.012790053151547909,
  "avg_action_intensity": 0.062156859785318375,
  "avg_change_lines": 0.08597571402788162,
  "avg_response_time": 0.05134943127632141,
  "avg_review_size": 0.07026875019073486,
  "repeat_collaboration_rate": 0.059920646250247955
}