{
  "auc_roc": 0.8098471986417657,
  "auc_pr": 0.8347177537266535,
  "optimal_threshold": 0.08264725655317307,
  "threshold_source": "train_data",
  "precision": 0.8,
  "recall": 0.6451612903225806,
  "f1_score": 0.7142857142857143,
  "positive_count": 31,
  "negative_count": 38,
  "total_count": 69
}