{
  "threshold": 0.33174240589141846,
  "precision": 0.6058002148227712,
  "recall": 0.5246511627906977,
  "f1": 0.5623130607678051,
  "metric": "f1",
  "positive_rate": 0.09162973065121037,
  "method": "f1_maximization_on_train_data",
  "train_prediction_stats": {
    "min": 0.06654141843318939,
    "max": 0.8015992641448975,
    "mean": 0.15516834993688902,
    "std": 0.12863649810845554,
    "median": 0.09705553948879242
  }
}