{
  "Naive": {
    "mae": 9.747967479674797,
    "rmse": 16.321714799117764,
    "pearson_r": 0.9563737681582578,
    "spearman_r": 0.7635117006378804,
    "n_dirs": 123.0,
    "danger_precision": 0.0,
    "danger_recall": 0.0,
    "danger_f1": 0.0,
    "danger_tp": 0.0,
    "danger_fp": 1.0,
    "danger_fn": 4.0,
    "danger_tn": 118.0
  },
  "Linear": {
    "mae": 5.5664160401002505,
    "rmse": 7.389565675250392,
    "pearson_r": 0.9276541080731556,
    "spearman_r": 0.6351054974590391,
    "n_dirs": 133.0,
    "danger_precision": 0.0,
    "danger_recall": 0.0,
    "danger_f1": 0.0,
    "danger_tp": 0.0,
    "danger_fp": 16.0,
    "danger_fn": 5.0,
    "danger_tn": 112.0
  },
  "RF": {
    "mae": 4.387317073170731,
    "rmse": 6.565152893903173,
    "pearson_r": 0.946010313970382,
    "spearman_r": 0.7741299942327297,
    "n_dirs": 123.0,
    "danger_precision": 0.0,
    "danger_recall": 0.0,
    "danger_f1": 0.0,
    "danger_tp": 0.0,
    "danger_fp": 2.0,
    "danger_fn": 4.0,
    "danger_tn": 117.0,
    "clf_auc_roc": 0.6737107959038275,
    "clf_auc_pr": 0.4568052027270706,
    "clf_f1": 0.5618262523779328,
    "clf_precision": 0.4101851851851852,
    "clf_recall": 0.8913480885311871,
    "clf_threshold": 0.62,
    "clf_n_pairs": 3050.0,
    "clf_n_pos": 994.0,
    "clf_n_neg": 2056.0
  },
  "IRL_VariantA": {
    "mae": NaN,
    "rmse": NaN,
    "n_dirs": 0,
    "danger_precision": 0.0,
    "danger_recall": 0.0,
    "danger_f1": 0.0
  },
  "IRL_VariantA_scaled": {
    "mae": NaN,
    "rmse": NaN,
    "n_dirs": 0,
    "danger_precision": 0.0,
    "danger_recall": 0.0,
    "danger_f1": 0.0
  },
  "IRL_VariantB": {
    "mae": NaN,
    "rmse": NaN,
    "n_dirs": 0,
    "danger_precision": 0.0,
    "danger_recall": 0.0,
    "danger_f1": 0.0
  },
  "IRL_Dir": {
    "mae": 6.464678974481436,
    "rmse": 10.652016036750075,
    "pearson_r": 0.9483015307260202,
    "spearman_r": 0.7257171490189082,
    "n_dirs": 123.0,
    "danger_precision": 0.04878048780487805,
    "danger_recall": 0.5,
    "danger_f1": 0.08888888888888888,
    "danger_tp": 2.0,
    "danger_fp": 39.0,
    "danger_fn": 2.0,
    "danger_tn": 80.0,
    "clf_auc_roc": 0.7653310426762913,
    "clf_auc_pr": 0.5953558025721444,
    "clf_f1": 0.6366095581605049,
    "clf_precision": 0.576797385620915,
    "clf_recall": 0.710261569416499,
    "clf_threshold": 0.009692709892988205,
    "clf_n_pairs": 3050.0,
    "clf_n_pos": 994.0,
    "clf_n_neg": 2056.0
  },
  "RF_Dir": {
    "mae": 8.202048213766123,
    "rmse": 14.313659139424,
    "pearson_r": 0.9699446768850881,
    "spearman_r": 0.8081666786221682,
    "n_dirs": 123.0,
    "danger_precision": 0.08163265306122448,
    "danger_recall": 1.0,
    "danger_f1": 0.15094339622641506,
    "danger_tp": 4.0,
    "danger_fp": 45.0,
    "danger_fn": 0.0,
    "danger_tn": 74.0,
    "clf_auc_roc": 0.7940701113294553,
    "clf_auc_pr": 0.6922855115942899,
    "clf_f1": 0.6343735444806707,
    "clf_precision": 0.590633130962706,
    "clf_recall": 0.6851106639839034,
    "clf_threshold": 0.16661150175005499,
    "clf_n_pairs": 3050.0,
    "clf_n_pos": 994.0,
    "clf_n_neg": 2056.0
  }
}