{
  "threshold": 0.4017304480075836,
  "precision": 0.5042117930204573,
  "recall": 0.41691542288557215,
  "f1": 0.45642701520099377,
  "metric": "f1",
  "positive_rate": 0.057422008913267056,
  "method": "f1_maximization_on_train_data",
  "train_prediction_stats": {
    "min": 5.454993151943199e-05,
    "max": 0.9984859824180603,
    "mean": 0.07574458925271481,
    "std": 0.1625781792662968,
    "median": 0.008650172036141157
  }
}