{
  "threshold": 0.9669114947319031,
  "precision": 1.0,
  "recall": 0.5,
  "f1": 0.6666666666222222,
  "metric": "f1"
}