{
  "Naive": {
    "mae": 8.333333333333334,
    "rmse": 16.780969547887754,
    "pearson_r": 0.9581254449366068,
    "spearman_r": 0.7475158666423248,
    "n_dirs": 213.0,
    "danger_precision": 0.2857142857142857,
    "danger_recall": 0.08,
    "danger_f1": 0.125,
    "danger_tp": 2.0,
    "danger_fp": 5.0,
    "danger_fn": 23.0,
    "danger_tn": 183.0
  },
  "Linear": {
    "mae": 5.0373563218390816,
    "rmse": 7.740523807357006,
    "pearson_r": 0.9315607129157932,
    "spearman_r": 0.5061701321202089,
    "n_dirs": 232.0,
    "danger_precision": 0.13157894736842105,
    "danger_recall": 0.17857142857142858,
    "danger_f1": 0.15151515151515152,
    "danger_tp": 5.0,
    "danger_fp": 33.0,
    "danger_fn": 23.0,
    "danger_tn": 171.0
  },
  "RF": {
    "mae": 4.654929577464789,
    "rmse": 8.190170221851973,
    "pearson_r": 0.9525252810522102,
    "spearman_r": 0.7640282243566802,
    "n_dirs": 213.0,
    "danger_precision": 0.18181818181818182,
    "danger_recall": 0.08,
    "danger_f1": 0.1111111111111111,
    "danger_tp": 2.0,
    "danger_fp": 9.0,
    "danger_fn": 23.0,
    "danger_tn": 179.0,
    "clf_auc_roc": 0.6657701622345937,
    "clf_auc_pr": 0.36750473939674005,
    "clf_f1": 0.49768875192604006,
    "clf_precision": 0.3652468903128534,
    "clf_recall": 0.7808219178082192,
    "clf_threshold": 0.82,
    "clf_n_pairs": 4534.0,
    "clf_n_pos": 1241.0,
    "clf_n_neg": 3293.0
  },
  "IRL_VariantA": {
    "mae": NaN,
    "rmse": NaN,
    "n_dirs": 0,
    "danger_precision": 0.0,
    "danger_recall": 0.0,
    "danger_f1": 0.0
  },
  "IRL_VariantA_scaled": {
    "mae": NaN,
    "rmse": NaN,
    "n_dirs": 0,
    "danger_precision": 0.0,
    "danger_recall": 0.0,
    "danger_f1": 0.0
  },
  "IRL_VariantB": {
    "mae": NaN,
    "rmse": NaN,
    "n_dirs": 0,
    "danger_precision": 0.0,
    "danger_recall": 0.0,
    "danger_f1": 0.0
  },
  "IRL_Dir": {
    "mae": 6.550376648025908,
    "rmse": 13.010869428692148,
    "pearson_r": 0.9718842733238049,
    "spearman_r": 0.7772077712270256,
    "n_dirs": 213.0,
    "danger_precision": 0.192,
    "danger_recall": 0.96,
    "danger_f1": 0.32,
    "danger_tp": 24.0,
    "danger_fp": 101.0,
    "danger_fn": 1.0,
    "danger_tn": 87.0,
    "clf_auc_roc": 0.7773661220184049,
    "clf_auc_pr": 0.6044491547823235,
    "clf_f1": 0.5892857142857143,
    "clf_precision": 0.5134649910233393,
    "clf_recall": 0.6913779210314263,
    "clf_threshold": 0.08460183441638947,
    "clf_n_pairs": 4534.0,
    "clf_n_pos": 1241.0,
    "clf_n_neg": 3293.0
  },
  "IRL_Dir_calibrated": {
    "mae": 4.4213478013285235,
    "rmse": 8.72511373280281,
    "pearson_r": 0.9728532785218235,
    "spearman_r": 0.80362573384086,
    "n_dirs": 213.0,
    "danger_precision": 0.25,
    "danger_recall": 0.64,
    "danger_f1": 0.3595505617977528,
    "danger_tp": 16.0,
    "danger_fp": 48.0,
    "danger_fn": 9.0,
    "danger_tn": 140.0,
    "clf_auc_roc": 0.7775496480826543,
    "clf_auc_pr": 0.6096107335288661,
    "clf_f1": 0.5887207702888583,
    "clf_precision": 0.5134973005398921,
    "clf_recall": 0.6897663174858985,
    "clf_threshold": 0.31451612903225806,
    "clf_n_pairs": 4534.0,
    "clf_n_pos": 1241.0,
    "clf_n_neg": 3293.0
  },
  "RF_Dir": {
    "mae": 4.915679016270897,
    "rmse": 9.957050733426849,
    "pearson_r": 0.9720164948451074,
    "spearman_r": 0.7849649963146925,
    "n_dirs": 213.0,
    "danger_precision": 0.23255813953488372,
    "danger_recall": 0.8,
    "danger_f1": 0.36036036036036034,
    "danger_tp": 20.0,
    "danger_fp": 66.0,
    "danger_fn": 5.0,
    "danger_tn": 122.0,
    "clf_auc_roc": 0.7962834993183843,
    "clf_auc_pr": 0.6368927583819092,
    "clf_f1": 0.6081424936386769,
    "clf_precision": 0.6418979409131602,
    "clf_recall": 0.5777598710717163,
    "clf_threshold": 0.32380081318746945,
    "clf_n_pairs": 4534.0,
    "clf_n_pos": 1241.0,
    "clf_n_neg": 3293.0
  }
}