{
  "Naive": {
    "mae": 7.558139534883721,
    "rmse": 15.490282024847136,
    "pearson_r": 0.9620498998254048,
    "spearman_r": 0.7870040536792128,
    "n_dirs": 215.0,
    "danger_precision": 0.6153846153846154,
    "danger_recall": 0.3333333333333333,
    "danger_f1": 0.43243243243243246,
    "danger_tp": 8.0,
    "danger_fp": 5.0,
    "danger_fn": 16.0,
    "danger_tn": 186.0
  },
  "Linear": {
    "mae": 5.266949152542373,
    "rmse": 7.901017837122225,
    "pearson_r": 0.9201963140457219,
    "spearman_r": 0.5588230131913129,
    "n_dirs": 236.0,
    "danger_precision": 0.2765957446808511,
    "danger_recall": 0.5,
    "danger_f1": 0.3561643835616438,
    "danger_tp": 13.0,
    "danger_fp": 34.0,
    "danger_fn": 13.0,
    "danger_tn": 176.0
  },
  "RF": {
    "mae": 4.8298139534883715,
    "rmse": 8.062272315155381,
    "pearson_r": 0.9569582115255284,
    "spearman_r": 0.7865469374035426,
    "n_dirs": 215.0,
    "danger_precision": 0.5333333333333333,
    "danger_recall": 0.3333333333333333,
    "danger_f1": 0.4102564102564102,
    "danger_tp": 8.0,
    "danger_fp": 7.0,
    "danger_fn": 16.0,
    "danger_tn": 184.0,
    "clf_auc_roc": 0.6622494687177087,
    "clf_auc_pr": 0.46978863581586144,
    "clf_f1": 0.5570652173913043,
    "clf_precision": 0.41836734693877553,
    "clf_recall": 0.8333333333333334,
    "clf_threshold": 0.78,
    "clf_n_pairs": 4534.0,
    "clf_n_pos": 1476.0,
    "clf_n_neg": 3058.0
  },
  "IRL_VariantA": {
    "mae": NaN,
    "rmse": NaN,
    "n_dirs": 0,
    "danger_precision": 0.0,
    "danger_recall": 0.0,
    "danger_f1": 0.0
  },
  "IRL_VariantA_scaled": {
    "mae": NaN,
    "rmse": NaN,
    "n_dirs": 0,
    "danger_precision": 0.0,
    "danger_recall": 0.0,
    "danger_f1": 0.0
  },
  "IRL_VariantB": {
    "mae": NaN,
    "rmse": NaN,
    "n_dirs": 0,
    "danger_precision": 0.0,
    "danger_recall": 0.0,
    "danger_f1": 0.0
  },
  "IRL_Dir": {
    "mae": 7.674049953325653,
    "rmse": 14.34010514384847,
    "pearson_r": 0.9495212591200096,
    "spearman_r": 0.7493009321030899,
    "n_dirs": 215.0,
    "danger_precision": 0.1702127659574468,
    "danger_recall": 1.0,
    "danger_f1": 0.2909090909090909,
    "danger_tp": 24.0,
    "danger_fp": 117.0,
    "danger_fn": 0.0,
    "danger_tn": 74.0,
    "clf_auc_roc": 0.7167174242867347,
    "clf_auc_pr": 0.6083614591829433,
    "clf_f1": 0.5554713166540308,
    "clf_precision": 0.4429665457476824,
    "clf_recall": 0.744579945799458,
    "clf_threshold": 0.020366590470075607,
    "clf_n_pairs": 4534.0,
    "clf_n_pos": 1476.0,
    "clf_n_neg": 3058.0
  },
  "IRL_Dir_calibrated": {
    "mae": 4.787705766726403,
    "rmse": 8.516344599467772,
    "pearson_r": 0.9683879263584368,
    "spearman_r": 0.8014712552966301,
    "n_dirs": 215.0,
    "danger_precision": 0.35714285714285715,
    "danger_recall": 0.8333333333333334,
    "danger_f1": 0.5,
    "danger_tp": 20.0,
    "danger_fp": 36.0,
    "danger_fn": 4.0,
    "danger_tn": 155.0,
    "clf_auc_roc": 0.7194548130896613,
    "clf_auc_pr": 0.6174519779199183,
    "clf_f1": 0.5554713166540308,
    "clf_precision": 0.4429665457476824,
    "clf_recall": 0.744579945799458,
    "clf_threshold": 0.30288461538461536,
    "clf_n_pairs": 4534.0,
    "clf_n_pos": 1476.0,
    "clf_n_neg": 3058.0
  },
  "RF_Dir": {
    "mae": 6.317437728818233,
    "rmse": 11.789995479016675,
    "pearson_r": 0.9659942759132921,
    "spearman_r": 0.7847574397463468,
    "n_dirs": 215.0,
    "danger_precision": 0.2391304347826087,
    "danger_recall": 0.9166666666666666,
    "danger_f1": 0.3793103448275862,
    "danger_tp": 22.0,
    "danger_fp": 70.0,
    "danger_fn": 2.0,
    "danger_tn": 121.0,
    "clf_auc_roc": 0.7744205965604457,
    "clf_auc_pr": 0.6723337164645269,
    "clf_f1": 0.6225999370475291,
    "clf_precision": 0.5814226925338036,
    "clf_recall": 0.6700542005420054,
    "clf_threshold": 0.19337424654364305,
    "clf_n_pairs": 4534.0,
    "clf_n_pos": 1476.0,
    "clf_n_neg": 3058.0
  }
}