{
  "threshold": 0.40199607610702515,
  "precision": 0.5576354679802956,
  "recall": 0.4557165861513688,
  "f1": 0.5015507310094336,
  "metric": "f1",
  "positive_rate": 0.10586430276167746,
  "method": "f1_maximization_on_train_data",
  "train_prediction_stats": {
    "min": 0.06263427436351776,
    "max": 0.8574172854423523,
    "mean": 0.22135458204627262,
    "std": 0.13627733504906628,
    "median": 0.19374311715364456
  }
}