{
  "Naive": {
    "mae": 9.747967479674797,
    "rmse": 16.321714799117764,
    "pearson_r": 0.9563737681582579,
    "spearman_r": 0.7635117006378804,
    "n_dirs": 123.0,
    "danger_precision": 0.0,
    "danger_recall": 0.0,
    "danger_f1": 0.0,
    "danger_tp": 0.0,
    "danger_fp": 1.0,
    "danger_fn": 4.0,
    "danger_tn": 118.0
  },
  "Linear": {
    "mae": 5.5664160401002505,
    "rmse": 7.389565675250392,
    "pearson_r": 0.9276541080731556,
    "spearman_r": 0.6351054974590391,
    "n_dirs": 133.0,
    "danger_precision": 0.0,
    "danger_recall": 0.0,
    "danger_f1": 0.0,
    "danger_tp": 0.0,
    "danger_fp": 16.0,
    "danger_fn": 5.0,
    "danger_tn": 112.0
  },
  "RF": {
    "mae": 5.129837398373983,
    "rmse": 7.775732574694858,
    "pearson_r": 0.9497658034060946,
    "spearman_r": 0.7819436905455971,
    "n_dirs": 123.0,
    "danger_precision": 0.0,
    "danger_recall": 0.0,
    "danger_f1": 0.0,
    "danger_tp": 0.0,
    "danger_fp": 1.0,
    "danger_fn": 4.0,
    "danger_tn": 118.0,
    "clf_auc_roc": 0.6551933194497725,
    "clf_auc_pr": 0.4153035127961809,
    "clf_f1": 0.5533249686323714,
    "clf_precision": 0.40200546946216953,
    "clf_recall": 0.8873239436619719,
    "clf_threshold": 0.75,
    "clf_n_pairs": 3050.0,
    "clf_n_pos": 994.0,
    "clf_n_neg": 2056.0
  },
  "IRL_VariantA": {
    "mae": NaN,
    "rmse": NaN,
    "n_dirs": 0,
    "danger_precision": 0.0,
    "danger_recall": 0.0,
    "danger_f1": 0.0
  },
  "IRL_VariantA_scaled": {
    "mae": NaN,
    "rmse": NaN,
    "n_dirs": 0,
    "danger_precision": 0.0,
    "danger_recall": 0.0,
    "danger_f1": 0.0
  },
  "IRL_VariantB": {
    "mae": NaN,
    "rmse": NaN,
    "n_dirs": 0,
    "danger_precision": 0.0,
    "danger_recall": 0.0,
    "danger_f1": 0.0
  },
  "IRL_Dir": {
    "mae": 5.010583852425339,
    "rmse": 8.077388656120123,
    "pearson_r": 0.9648604089778663,
    "spearman_r": 0.7887174580252346,
    "n_dirs": 123.0,
    "danger_precision": 0.1,
    "danger_recall": 0.25,
    "danger_f1": 0.14285714285714288,
    "danger_tp": 1.0,
    "danger_fp": 9.0,
    "danger_fn": 3.0,
    "danger_tn": 110.0,
    "clf_auc_roc": 0.7866608698885922,
    "clf_auc_pr": 0.6914076946157429,
    "clf_f1": 0.6372462488967343,
    "clf_precision": 0.5676100628930818,
    "clf_recall": 0.7263581488933601,
    "clf_threshold": 0.3592641055583954,
    "clf_n_pairs": 3050.0,
    "clf_n_pos": 994.0,
    "clf_n_neg": 2056.0
  },
  "RF_Dir": {
    "mae": 6.179227384839623,
    "rmse": 10.914676630444347,
    "pearson_r": 0.9651633207098398,
    "spearman_r": 0.7992096408814783,
    "n_dirs": 123.0,
    "danger_precision": 0.08,
    "danger_recall": 0.5,
    "danger_f1": 0.13793103448275865,
    "danger_tp": 2.0,
    "danger_fp": 23.0,
    "danger_fn": 2.0,
    "danger_tn": 96.0,
    "clf_auc_roc": 0.8087831463489105,
    "clf_auc_pr": 0.6978101889321716,
    "clf_f1": 0.6583665338645418,
    "clf_precision": 0.6518737672583826,
    "clf_recall": 0.6649899396378269,
    "clf_threshold": 0.32817228955126104,
    "clf_n_pairs": 3050.0,
    "clf_n_pos": 994.0,
    "clf_n_neg": 2056.0
  }
}