{
  "training_losses": [
    2.5091108899367485,
    2.3931268453598022,
    2.3326485188383805,
    2.2872540888033415,
    2.2751440876408626,
    2.2434200801347433,
    2.2025678000952067,
    2.212867978372072,
    2.1712108568141333,
    2.1622376034134314
  ],
  "val_losses": [
    2.3749757051467895,
    2.3237756729125976,
    2.2815147280693053,
    2.2576248168945314,
    2.231231319904327,
    2.237505924701691,
    2.260131335258484,
    2.2420019030570986,
    2.241239333152771,
    2.2487508177757265
  ],
  "best_val_loss": 2.231231319904327,
  "best_epoch": 4,
  "epochs_trained": 10
}