{
  "experience_days": -0.008738195523619652,
  "total_changes": -0.0014051867183297873,
  "total_reviews": -0.0045798225328326225,
  "recent_activity_frequency": 0.003147497307509184,
  "avg_activity_gap": 0.0013062081998214126,
  "activity_trend": -0.0029064847622066736,
  "collaboration_score": -0.0015627524117007852,
  "code_quality_score": -0.0001535693882033229,
  "recent_acceptance_rate": 2.784653588605579e-05,
  "review_load": 0.004945180378854275,
  "days_since_last_activity": -0.0006106985383667052,
  "acceptance_trend": 0.0009659954812377691,
  "reciprocity_score": 0.00034351201611571014,
  "load_trend": 0.002186831086874008,
  "core_reviewer_ratio": 0.0030104280449450016,
  "recent_rejection_streak": -0.0005994443781673908,
  "acceptance_rate_last10": -0.0016395692946389318,
  "active_months_ratio": 0.0041149877943098545,
  "response_time_trend": -0.0029208981432020664,
  "complex_pr_bias": 3.735458813025616e-05,
  "path_review_count": 0.009113953448832035,
  "path_recency": 0.0009875987889245152,
  "path_acceptance_rate": -0.00037729262840002775,
  "avg_action_intensity": 0.0008130078786052763,
  "avg_change_lines": 0.00036655442090705037,
  "avg_response_time": -0.00014802392979618162,
  "avg_review_size": 0.001198351732455194,
  "repeat_collaboration_rate": -0.0007008688990026712
}