{
  "experience_days": 0.10478796809911728,
  "total_changes": 0.02651657536625862,
  "total_reviews": 0.05435972288250923,
  "recent_activity_frequency": 0.04745093360543251,
  "avg_activity_gap": 0.0292286965996027,
  "activity_trend": 0.042539238929748535,
  "collaboration_score": 0.031267084181308746,
  "code_quality_score": 0.03005172312259674,
  "recent_acceptance_rate": 0.02290981262922287,
  "review_load": 0.07318700104951859,
  "days_since_last_activity": 0.014281276613473892,
  "acceptance_trend": 0.01936098001897335,
  "reciprocity_score": 0.03236551210284233,
  "load_trend": 0.031657300889492035,
  "core_reviewer_ratio": 0.035565271973609924,
  "recent_rejection_streak": 0.031098389998078346,
  "acceptance_rate_last10": 0.031623248010873795,
  "active_months_ratio": 0.054540086537599564,
  "response_time_trend": 0.039001334458589554,
  "complex_pr_bias": 0.024048207327723503,
  "path_review_count": 0.10807406902313232,
  "path_recency": 0.03166807070374489,
  "path_acceptance_rate": 0.023863667622208595,
  "avg_action_intensity": 0.014733385294675827,
  "avg_change_lines": 0.006702207960188389,
  "avg_response_time": 0.004114196170121431,
  "avg_review_size": 0.02084711380302906,
  "repeat_collaboration_rate": 0.014156880788505077
}