{
  "feature_importance": {
    "experience_days": 0.013971778714558312,
    "total_changes": 0.013819367328640897,
    "total_reviews": 0.03360377367064428,
    "recent_activity_frequency": 0.022001748522290993,
    "avg_activity_gap": 0.027812334176679745,
    "activity_trend": 0.008847615091165962,
    "collaboration_score": 0.01449945690965962,
    "code_quality_score": 0.02296810372928093,
    "recent_acceptance_rate": 0.01379095325877564,
    "review_load": 0.04531091990298619,
    "days_since_last_activity": 0.041651331647962066,
    "acceptance_trend": 0.019353867282927324,
    "reciprocity_score": 0.014769197339211483,
    "load_trend": 0.018451287610059208,
    "core_reviewer_ratio": 0.035262266451373654,
    "recent_rejection_streak": 0.010518860777933965,
    "acceptance_rate_last10": 0.013374346460232242,
    "active_months_ratio": 0.02122793054873465,
    "response_time_trend": 0.020263587446656565,
    "complex_pr_bias": 0.021731901203269947,
    "path_review_count": 0.20231013112182178,
    "path_recency": 0.1691057643151004,
    "path_acceptance_rate": 0.0785581946981807,
    "avg_action_intensity": 0.019715606576473067,
    "avg_change_lines": 0.01950595210535889,
    "avg_response_time": 0.03142863579272695,
    "avg_review_size": 0.02326735056405963,
    "repeat_collaboration_rate": 0.022877736753234904
  }
}