{
  "Naive": {
    "mae": 9.747967479674797,
    "rmse": 16.321714799117764,
    "pearson_r": 0.9563737681582576,
    "spearman_r": 0.7635117006378804,
    "n_dirs": 123.0,
    "danger_precision": 0.0,
    "danger_recall": 0.0,
    "danger_f1": 0.0,
    "danger_tp": 0.0,
    "danger_fp": 1.0,
    "danger_fn": 4.0,
    "danger_tn": 118.0
  },
  "Linear": {
    "mae": 5.5664160401002505,
    "rmse": 7.389565675250392,
    "pearson_r": 0.9276541080731555,
    "spearman_r": 0.6351054974590391,
    "n_dirs": 133.0,
    "danger_precision": 0.0,
    "danger_recall": 0.0,
    "danger_f1": 0.0,
    "danger_tp": 0.0,
    "danger_fp": 16.0,
    "danger_fn": 5.0,
    "danger_tn": 112.0
  },
  "RF": {
    "mae": 4.387317073170731,
    "rmse": 6.565152893903172,
    "pearson_r": 0.946010313970382,
    "spearman_r": 0.7741299942327297,
    "n_dirs": 123.0,
    "danger_precision": 0.0,
    "danger_recall": 0.0,
    "danger_f1": 0.0,
    "danger_tp": 0.0,
    "danger_fp": 2.0,
    "danger_fn": 4.0,
    "danger_tn": 117.0,
    "clf_auc_roc": 0.6737107959038275,
    "clf_auc_pr": 0.4568052027270706,
    "clf_f1": 0.5618262523779328,
    "clf_precision": 0.4101851851851852,
    "clf_recall": 0.8913480885311871,
    "clf_threshold": 0.62,
    "clf_n_pairs": 3050.0,
    "clf_n_pos": 994.0,
    "clf_n_neg": 2056.0
  },
  "IRL_VariantA": {
    "mae": NaN,
    "rmse": NaN,
    "n_dirs": 0,
    "danger_precision": 0.0,
    "danger_recall": 0.0,
    "danger_f1": 0.0
  },
  "IRL_VariantA_scaled": {
    "mae": NaN,
    "rmse": NaN,
    "n_dirs": 0,
    "danger_precision": 0.0,
    "danger_recall": 0.0,
    "danger_f1": 0.0
  },
  "IRL_VariantB": {
    "mae": NaN,
    "rmse": NaN,
    "n_dirs": 0,
    "danger_precision": 0.0,
    "danger_recall": 0.0,
    "danger_f1": 0.0
  },
  "IRL_Dir": {
    "mae": 8.346183278454028,
    "rmse": 14.586551261290031,
    "pearson_r": 0.9700578470295403,
    "spearman_r": 0.7850524320973027,
    "n_dirs": 123.0,
    "danger_precision": 0.08695652173913043,
    "danger_recall": 1.0,
    "danger_f1": 0.16,
    "danger_tp": 4.0,
    "danger_fp": 42.0,
    "danger_fn": 0.0,
    "danger_tn": 77.0,
    "clf_auc_roc": 0.7417784919634539,
    "clf_auc_pr": 0.6380081232112581,
    "clf_f1": 0.6025949062950504,
    "clf_precision": 0.5768169273229071,
    "clf_recall": 0.630784708249497,
    "clf_threshold": 0.14726944267749786,
    "clf_n_pairs": 3050.0,
    "clf_n_pos": 994.0,
    "clf_n_neg": 2056.0
  },
  "RF_Dir": {
    "mae": 8.256274674377794,
    "rmse": 14.326000995714711,
    "pearson_r": 0.9694426400587497,
    "spearman_r": 0.7973189498544986,
    "n_dirs": 123.0,
    "danger_precision": 0.07692307692307693,
    "danger_recall": 1.0,
    "danger_f1": 0.14285714285714288,
    "danger_tp": 4.0,
    "danger_fp": 48.0,
    "danger_fn": 0.0,
    "danger_tn": 71.0,
    "clf_auc_roc": 0.7955126185126321,
    "clf_auc_pr": 0.6851092695197389,
    "clf_f1": 0.6321243523316062,
    "clf_precision": 0.5943312666076174,
    "clf_recall": 0.6750503018108652,
    "clf_threshold": 0.15890288875230485,
    "clf_n_pairs": 3050.0,
    "clf_n_pos": 994.0,
    "clf_n_neg": 2056.0
  }
}