{
  "threshold": 0.7992414236068726,
  "precision": 0.9444444444444444,
  "recall": 0.6538461538461539,
  "f1": 0.7727272726789256,
  "metric": "f1"
}