{
  "experience_days": -0.01243097335100174,
  "total_changes": -0.0008004914270713925,
  "total_reviews": -0.00684994226321578,
  "recent_activity_frequency": 0.005733591038733721,
  "avg_activity_gap": 0.002162584103643894,
  "activity_trend": -0.004783135838806629,
  "collaboration_score": -0.0036076537799090147,
  "code_quality_score": -0.0005375932087190449,
  "recent_acceptance_rate": 0.0027733142487704754,
  "review_load": 0.008187799714505672,
  "days_since_last_activity": -0.0035535828210413456,
  "acceptance_trend": 0.0015192247228696942,
  "reciprocity_score": -0.001047734753228724,
  "load_trend": 0.001421189634129405,
  "core_reviewer_ratio": 0.003197493264451623,
  "recent_rejection_streak": -0.0010028489632532,
  "acceptance_rate_last10": -0.002383607905358076,
  "active_months_ratio": 0.005097643006592989,
  "response_time_trend": -0.007901242934167385,
  "complex_pr_bias": -0.0019365352345630527,
  "path_review_count": 0.009765285067260265,
  "path_recency": 0.003647899255156517,
  "path_acceptance_rate": -0.00012104675261070952,
  "avg_action_intensity": 0.0013417494483292103,
  "avg_change_lines": 0.0004975855117663741,
  "avg_response_time": -0.0007017290336079895,
  "avg_review_size": 0.0019358489662408829,
  "repeat_collaboration_rate": -0.0004767733335029334
}