{
  "experience_days": 0.09615901112556458,
  "total_changes": 0.02069304697215557,
  "total_reviews": 0.055956318974494934,
  "recent_activity_frequency": 0.050426989793777466,
  "avg_activity_gap": 0.02915223501622677,
  "activity_trend": 0.03735218197107315,
  "collaboration_score": 0.03467651084065437,
  "code_quality_score": 0.02360047958791256,
  "recent_acceptance_rate": 0.024606138467788696,
  "review_load": 0.07602598518133163,
  "days_since_last_activity": 0.028577562421560287,
  "acceptance_trend": 0.019529256969690323,
  "reciprocity_score": 0.02440359629690647,
  "load_trend": 0.02300718054175377,
  "core_reviewer_ratio": 0.025433538481593132,
  "recent_rejection_streak": 0.03539606183767319,
  "acceptance_rate_last10": 0.029354017227888107,
  "active_months_ratio": 0.04176703095436096,
  "response_time_trend": 0.06926306337118149,
  "complex_pr_bias": 0.03066146746277809,
  "path_review_count": 0.07724272459745407,
  "path_recency": 0.04647023603320122,
  "path_acceptance_rate": 0.025067152455449104,
  "avg_action_intensity": 0.01904992014169693,
  "avg_change_lines": 0.006796310655772686,
  "avg_response_time": 0.008523672819137573,
  "avg_review_size": 0.023037875071167946,
  "repeat_collaboration_rate": 0.01777046173810959
}