{
  "Naive": {
    "mae": 8.8,
    "rmse": 15.46509717943055,
    "pearson_r": 0.9519592319978465,
    "spearman_r": 0.7411160389668063,
    "n_dirs": 130.0,
    "danger_precision": 1.0,
    "danger_recall": 0.4,
    "danger_f1": 0.5714285714285715,
    "danger_tp": 2.0,
    "danger_fp": 0.0,
    "danger_fn": 3.0,
    "danger_tn": 125.0
  },
  "Linear": {
    "mae": 5.912751677852349,
    "rmse": 8.408519879400117,
    "pearson_r": 0.8920491286337136,
    "spearman_r": 0.5688522984421412,
    "n_dirs": 149.0,
    "danger_precision": 0.21052631578947367,
    "danger_recall": 0.6666666666666666,
    "danger_f1": 0.32,
    "danger_tp": 4.0,
    "danger_fp": 15.0,
    "danger_fn": 2.0,
    "danger_tn": 128.0
  },
  "RF": {
    "mae": 5.252846153846154,
    "rmse": 7.681827556993493,
    "pearson_r": 0.9510962455905491,
    "spearman_r": 0.7336565466585483,
    "n_dirs": 130.0,
    "danger_precision": 1.0,
    "danger_recall": 0.4,
    "danger_f1": 0.5714285714285715,
    "danger_tp": 2.0,
    "danger_fp": 0.0,
    "danger_fn": 3.0,
    "danger_tn": 125.0,
    "clf_auc_roc": 0.6421262695391127,
    "clf_auc_pr": 0.5025882719018665,
    "clf_f1": 0.5982545892266025,
    "clf_precision": 0.45429616087751373,
    "clf_recall": 0.8757709251101321,
    "clf_threshold": 0.72,
    "clf_n_pairs": 3050.0,
    "clf_n_pos": 1135.0,
    "clf_n_neg": 1915.0
  },
  "IRL_VariantA": {
    "mae": NaN,
    "rmse": NaN,
    "n_dirs": 0,
    "danger_precision": 0.0,
    "danger_recall": 0.0,
    "danger_f1": 0.0
  },
  "IRL_VariantA_scaled": {
    "mae": NaN,
    "rmse": NaN,
    "n_dirs": 0,
    "danger_precision": 0.0,
    "danger_recall": 0.0,
    "danger_f1": 0.0
  },
  "IRL_VariantB": {
    "mae": NaN,
    "rmse": NaN,
    "n_dirs": 0,
    "danger_precision": 0.0,
    "danger_recall": 0.0,
    "danger_f1": 0.0
  },
  "IRL_Dir": {
    "mae": 8.005637262818905,
    "rmse": 13.172235970255231,
    "pearson_r": 0.9678562307805784,
    "spearman_r": 0.7756014976210039,
    "n_dirs": 130.0,
    "danger_precision": 0.10810810810810811,
    "danger_recall": 0.8,
    "danger_f1": 0.19047619047619047,
    "danger_tp": 4.0,
    "danger_fp": 33.0,
    "danger_fn": 1.0,
    "danger_tn": 92.0,
    "clf_auc_roc": 0.7899764207911112,
    "clf_auc_pr": 0.7191661010803211,
    "clf_f1": 0.6490596238495399,
    "clf_precision": 0.594574780058651,
    "clf_recall": 0.7145374449339207,
    "clf_threshold": 0.1688900887966156,
    "clf_n_pairs": 3050.0,
    "clf_n_pos": 1135.0,
    "clf_n_neg": 1915.0
  },
  "RF_Dir": {
    "mae": 7.629682968328218,
    "rmse": 12.38632453503775,
    "pearson_r": 0.9591714397485186,
    "spearman_r": 0.7399779086653546,
    "n_dirs": 130.0,
    "danger_precision": 0.1,
    "danger_recall": 0.8,
    "danger_f1": 0.1777777777777778,
    "danger_tp": 4.0,
    "danger_fp": 36.0,
    "danger_fn": 1.0,
    "danger_tn": 89.0,
    "clf_auc_roc": 0.7751341714496037,
    "clf_auc_pr": 0.7040283519583674,
    "clf_f1": 0.6495648190563444,
    "clf_precision": 0.6765267175572519,
    "clf_recall": 0.6246696035242291,
    "clf_threshold": 0.24168005969538048,
    "clf_n_pairs": 3050.0,
    "clf_n_pos": 1135.0,
    "clf_n_neg": 1915.0
  }
}