{
  "IRL_Dir": {
    "n_pairs": 3611.0,
    "n_pos": 2107.0,
    "n_neg": 1504.0,
    "clf_auc_roc": 0.47056228478526496,
    "clf_auc_pr": 0.5756281389797075,
    "clf_f1": 0.7372109320252278,
    "clf_precision": 0.5842821438489308,
    "clf_recall": 0.9985761746559089,
    "clf_threshold": 0.001306556980125606,
    "prob_mean": 0.08400191327150626,
    "prob_pos_mean": 0.08048575009080335,
    "prob_neg_mean": 0.0889278147487277
  }
}