{
  "experience_days": 0.04767884686589241,
  "total_changes": 1.1478315980977442e-39,
  "total_reviews": 0.030653415247797966,
  "recent_activity_frequency": 0.04986518248915672,
  "avg_activity_gap": 0.03981282562017441,
  "activity_trend": 0.040364980697631836,
  "collaboration_score": 0.026504632085561752,
  "code_quality_score": 0.05652851238846779,
  "recent_acceptance_rate": 0.029428623616695404,
  "review_load": 0.03959225118160248,
  "days_since_last_activity": 0.03345481678843498,
  "acceptance_trend": 0.07140784710645676,
  "reciprocity_score": 6.4985356412909824e-40,
  "load_trend": 0.04989195242524147,
  "core_reviewer_ratio": 0.025812067091464996,
  "avg_action_intensity": 0.07434449344873428,
  "avg_change_lines": 0.11220712214708328,
  "avg_response_time": 0.06339038163423538,
  "avg_review_size": 0.13219407200813293,
  "repeat_collaboration_rate": 0.07686803489923477
}