{
  "auc_roc": 0.826923076923077,
  "auc_pr": 0.7231382165606525,
  "optimal_threshold": 0.9784938097000122,
  "threshold_source": "train_data",
  "precision": 0.6842105263157895,
  "recall": 0.5,
  "f1_score": 0.5777777777777777,
  "positive_count": 26,
  "negative_count": 34,
  "total_count": 60
}