{
  "Naive": {
    "mae": 5.973684210526316,
    "rmse": 10.266193882939541,
    "pearson_r": 0.9666075191958611,
    "spearman_r": 0.7265015932218002,
    "n_dirs": 228.0,
    "danger_precision": 0.4166666666666667,
    "danger_recall": 0.21739130434782608,
    "danger_f1": 0.2857142857142857,
    "danger_tp": 5.0,
    "danger_fp": 7.0,
    "danger_fn": 18.0,
    "danger_tn": 198.0
  },
  "Linear": {
    "mae": 5.854082998661311,
    "rmse": 8.317307213637896,
    "pearson_r": 0.9227607723210398,
    "spearman_r": 0.5484079222863182,
    "n_dirs": 249.0,
    "danger_precision": 0.15217391304347827,
    "danger_recall": 0.2692307692307692,
    "danger_f1": 0.19444444444444445,
    "danger_tp": 7.0,
    "danger_fp": 39.0,
    "danger_fn": 19.0,
    "danger_tn": 184.0
  },
  "RF": {
    "mae": 4.389385964912281,
    "rmse": 6.100324768461246,
    "pearson_r": 0.9623377346990651,
    "spearman_r": 0.7357223929887848,
    "n_dirs": 228.0,
    "danger_precision": 0.4166666666666667,
    "danger_recall": 0.21739130434782608,
    "danger_f1": 0.2857142857142857,
    "danger_tp": 5.0,
    "danger_fp": 7.0,
    "danger_fn": 18.0,
    "danger_tn": 198.0,
    "clf_auc_roc": 0.6751576753701684,
    "clf_auc_pr": 0.6554161120321795,
    "clf_f1": 0.6220490488196195,
    "clf_precision": 0.5380650277557494,
    "clf_recall": 0.737099402498642,
    "clf_threshold": 0.97,
    "clf_n_pairs": 4534.0,
    "clf_n_pos": 1841.0,
    "clf_n_neg": 2693.0
  },
  "IRL_VariantA": {
    "mae": NaN,
    "rmse": NaN,
    "n_dirs": 0,
    "danger_precision": 0.0,
    "danger_recall": 0.0,
    "danger_f1": 0.0
  },
  "IRL_VariantA_scaled": {
    "mae": NaN,
    "rmse": NaN,
    "n_dirs": 0,
    "danger_precision": 0.0,
    "danger_recall": 0.0,
    "danger_f1": 0.0
  },
  "IRL_VariantB": {
    "mae": NaN,
    "rmse": NaN,
    "n_dirs": 0,
    "danger_precision": 0.0,
    "danger_recall": 0.0,
    "danger_f1": 0.0
  },
  "IRL_Dir": {
    "mae": 9.747737630281655,
    "rmse": 18.600250048871214,
    "pearson_r": 0.9503114245649543,
    "spearman_r": 0.6977608637082737,
    "n_dirs": 228.0,
    "danger_precision": 0.16793893129770993,
    "danger_recall": 0.9565217391304348,
    "danger_f1": 0.2857142857142857,
    "danger_tp": 22.0,
    "danger_fp": 109.0,
    "danger_fn": 1.0,
    "danger_tn": 96.0,
    "clf_auc_roc": 0.7501743208144398,
    "clf_auc_pr": 0.7281569169656619,
    "clf_f1": 0.6487411390857981,
    "clf_precision": 0.5897777777777777,
    "clf_recall": 0.7208039109179794,
    "clf_threshold": 0.03736967593431473,
    "clf_n_pairs": 4534.0,
    "clf_n_pos": 1841.0,
    "clf_n_neg": 2693.0
  },
  "IRL_Dir_calibrated": {
    "mae": 6.266161539150401,
    "rmse": 11.24806085083183,
    "pearson_r": 0.9703129188569445,
    "spearman_r": 0.7412341950831107,
    "n_dirs": 228.0,
    "danger_precision": 0.30612244897959184,
    "danger_recall": 0.6521739130434783,
    "danger_f1": 0.4166666666666667,
    "danger_tp": 15.0,
    "danger_fp": 34.0,
    "danger_fn": 8.0,
    "danger_tn": 171.0,
    "clf_auc_roc": 0.7528058238582215,
    "clf_auc_pr": 0.731618945502328,
    "clf_f1": 0.6459687123947052,
    "clf_precision": 0.5799481417458946,
    "clf_recall": 0.7289516567083107,
    "clf_threshold": 0.28104954335201515,
    "clf_n_pairs": 4534.0,
    "clf_n_pos": 1841.0,
    "clf_n_neg": 2693.0
  },
  "RF_Dir": {
    "mae": 8.503874509351645,
    "rmse": 16.071601857928695,
    "pearson_r": 0.9653110287134911,
    "spearman_r": 0.7422646363483041,
    "n_dirs": 228.0,
    "danger_precision": 0.21739130434782608,
    "danger_recall": 0.8695652173913043,
    "danger_f1": 0.3478260869565218,
    "danger_tp": 20.0,
    "danger_fp": 72.0,
    "danger_fn": 3.0,
    "danger_tn": 133.0,
    "clf_auc_roc": 0.78299433641406,
    "clf_auc_pr": 0.7596141884976209,
    "clf_f1": 0.6659959758551308,
    "clf_precision": 0.6201405152224825,
    "clf_recall": 0.7191743617599131,
    "clf_threshold": 0.1730401401986147,
    "clf_n_pairs": 4534.0,
    "clf_n_pos": 1841.0,
    "clf_n_neg": 2693.0
  }
}