{
  "feature_importance": {
    "window_tenure_days": 0.019948455543054532,
    "total_changes": 0.01562410607214644,
    "total_reviews": 0.049704573457849836,
    "recent_activity_frequency": 0.0367490373594627,
    "avg_activity_gap": 0.031836511817365944,
    "activity_trend": 0.0181794263602435,
    "unique_collaborator_count": 0.01634923095580405,
    "overall_acceptance_rate": 0.017584319683208196,
    "recent_acceptance_rate": 0.0113633305208215,
    "recent_load_ratio_30d_all": 0.022730549418841516,
    "days_since_last_activity": 0.02083486633385817,
    "reciprocity_score": 0.013238452121553048,
    "recent_load_ratio_7d_30d": 0.00790170630366111,
    "core_reviewer_ratio": 0.04868481864714302,
    "acceptance_rate_last10": 0.009871200727753406,
    "active_months_ratio": 0.01589671406084465,
    "response_time_trend": 0.0204139862854941,
    "reviewer_owner_ratio": 0.01550916785635278,
    "n_projects": 0.010238111409265218,
    "cross_project_review_share": 0.013526035791822032,
    "same_domain_share": 0.013401294642262782,
    "path_review_count": 0.1445590523340984,
    "path_recency": 0.09576791295511804,
    "path_acceptance_rate": 0.04393935833900523,
    "path_lcp_similarity": 0.0,
    "path_owner_overlap": 0.08209592707066621,
    "path_hub_score": 0.0491011352407933,
    "path_neighbor_coverage": 0.05245976996741273,
    "avg_action_intensity": 0.017943863308209382,
    "avg_change_lines": 0.018669251699917743,
    "avg_response_time": 0.029170858247256938,
    "avg_review_size": 0.017746349206206588,
    "repeat_collaboration_rate": 0.01896062626250686
  }
}