{
  "Naive": {
    "mae": 6.955,
    "rmse": 13.079946483070946,
    "pearson_r": 0.9656479238546105,
    "spearman_r": 0.729611671419977,
    "n_dirs": 200.0,
    "danger_precision": 0.4,
    "danger_recall": 0.25,
    "danger_f1": 0.3076923076923077,
    "danger_tp": 4.0,
    "danger_fp": 6.0,
    "danger_fn": 12.0,
    "danger_tn": 178.0
  },
  "Linear": {
    "mae": 5.5169753086419755,
    "rmse": 7.669718930793113,
    "pearson_r": 0.9282531626692284,
    "spearman_r": 0.5285139971746808,
    "n_dirs": 216.0,
    "danger_precision": 0.2,
    "danger_recall": 0.5,
    "danger_f1": 0.28571428571428575,
    "danger_tp": 8.0,
    "danger_fp": 32.0,
    "danger_fn": 8.0,
    "danger_tn": 168.0
  },
  "RF": {
    "mae": 3.7987,
    "rmse": 5.746102070099346,
    "pearson_r": 0.9636811024033097,
    "spearman_r": 0.7480075823037305,
    "n_dirs": 200.0,
    "danger_precision": 0.3076923076923077,
    "danger_recall": 0.25,
    "danger_f1": 0.27586206896551724,
    "danger_tp": 4.0,
    "danger_fp": 9.0,
    "danger_fn": 12.0,
    "danger_tn": 175.0,
    "clf_auc_roc": 0.6744124914792093,
    "clf_auc_pr": 0.501877860764169,
    "clf_f1": 0.5712868832134887,
    "clf_precision": 0.47348951911220716,
    "clf_recall": 0.72,
    "clf_threshold": 0.84,
    "clf_n_pairs": 4534.0,
    "clf_n_pos": 1600.0,
    "clf_n_neg": 2934.0
  },
  "IRL_VariantA": {
    "mae": NaN,
    "rmse": NaN,
    "n_dirs": 0,
    "danger_precision": 0.0,
    "danger_recall": 0.0,
    "danger_f1": 0.0
  },
  "IRL_VariantA_scaled": {
    "mae": NaN,
    "rmse": NaN,
    "n_dirs": 0,
    "danger_precision": 0.0,
    "danger_recall": 0.0,
    "danger_f1": 0.0
  },
  "IRL_VariantB": {
    "mae": NaN,
    "rmse": NaN,
    "n_dirs": 0,
    "danger_precision": 0.0,
    "danger_recall": 0.0,
    "danger_f1": 0.0
  },
  "IRL_Dir": {
    "mae": 7.915144180694831,
    "rmse": 14.134107559662448,
    "pearson_r": 0.9736176112080741,
    "spearman_r": 0.7289167599468842,
    "n_dirs": 200.0,
    "danger_precision": 0.12903225806451613,
    "danger_recall": 0.75,
    "danger_f1": 0.2201834862385321,
    "danger_tp": 12.0,
    "danger_fp": 81.0,
    "danger_fn": 4.0,
    "danger_tn": 103.0,
    "clf_auc_roc": 0.7577055640763464,
    "clf_auc_pr": 0.6986434264289932,
    "clf_f1": 0.6245083207261725,
    "clf_precision": 0.6052785923753665,
    "clf_recall": 0.645,
    "clf_threshold": 0.1481601744890213,
    "clf_n_pairs": 4534.0,
    "clf_n_pos": 1600.0,
    "clf_n_neg": 2934.0
  },
  "IRL_Dir_calibrated": {
    "mae": 5.9872023449473595,
    "rmse": 10.316118017246763,
    "pearson_r": 0.9769181126642477,
    "spearman_r": 0.7638071087026896,
    "n_dirs": 200.0,
    "danger_precision": 0.25,
    "danger_recall": 0.6875,
    "danger_f1": 0.36666666666666664,
    "danger_tp": 11.0,
    "danger_fp": 33.0,
    "danger_fn": 5.0,
    "danger_tn": 151.0,
    "clf_auc_roc": 0.7608202326175869,
    "clf_auc_pr": 0.7046637122460387,
    "clf_f1": 0.6221821460775473,
    "clf_precision": 0.5993051534452808,
    "clf_recall": 0.646875,
    "clf_threshold": 0.325,
    "clf_n_pairs": 4534.0,
    "clf_n_pos": 1600.0,
    "clf_n_neg": 2934.0
  },
  "RF_Dir": {
    "mae": 7.85547652736044,
    "rmse": 14.747439474265342,
    "pearson_r": 0.976926044839854,
    "spearman_r": 0.7727799822327684,
    "n_dirs": 200.0,
    "danger_precision": 0.1411764705882353,
    "danger_recall": 0.75,
    "danger_f1": 0.23762376237623764,
    "danger_tp": 12.0,
    "danger_fp": 73.0,
    "danger_fn": 4.0,
    "danger_tn": 111.0,
    "clf_auc_roc": 0.8025787108043627,
    "clf_auc_pr": 0.7437781055423387,
    "clf_f1": 0.6642620979861737,
    "clf_precision": 0.6398378691372322,
    "clf_recall": 0.690625,
    "clf_threshold": 0.21947400096254024,
    "clf_n_pairs": 4534.0,
    "clf_n_pos": 1600.0,
    "clf_n_neg": 2934.0
  }
}