{
  "experience_days": -0.03429451584815979,
  "total_changes": 0.011874223127961159,
  "total_reviews": -0.011621539480984211,
  "recent_activity_frequency": 0.010562963783740997,
  "avg_activity_gap": 0.007187237031757832,
  "activity_trend": -0.009195782244205475,
  "collaboration_score": -0.005962214898318052,
  "code_quality_score": 0.015394655056297779,
  "recent_acceptance_rate": -0.0048928032629191875,
  "review_load": 0.022950757294893265,
  "days_since_last_activity": -0.010829477570950985,
  "acceptance_trend": -0.0012881472939625382,
  "reciprocity_score": -0.009968394413590431,
  "load_trend": 0.015109139494597912,
  "core_reviewer_ratio": -0.0050476789474487305,
  "recent_rejection_streak": 0.0026140636764466763,
  "acceptance_rate_last10": -0.008344774134457111,
  "active_months_ratio": -0.0027308929711580276,
  "response_time_trend": -0.03401578217744827,
  "complex_pr_bias": 0.007851669564843178,
  "avg_action_intensity": 0.03003179468214512,
  "avg_change_lines": 0.003902614349499345,
  "avg_response_time": 0.007460311055183411,
  "avg_review_size": -0.027307553216814995,
  "repeat_collaboration_rate": 0.00966626312583685
}