{
  "experience_days": 0.04600101709365845,
  "total_changes": 0.01722491718828678,
  "total_reviews": 0.019377607852220535,
  "recent_activity_frequency": 0.021031789481639862,
  "avg_activity_gap": 0.01994062215089798,
  "activity_trend": 0.03576762601733208,
  "collaboration_score": 0.012340675108134747,
  "code_quality_score": 0.01898994855582714,
  "recent_acceptance_rate": 0.010192503221333027,
  "review_load": 0.028431639075279236,
  "days_since_last_activity": 0.023026172071695328,
  "acceptance_trend": 0.008494227193295956,
  "reciprocity_score": 0.024484770372509956,
  "load_trend": 0.021960176527500153,
  "core_reviewer_ratio": 0.01728677935898304,
  "recent_rejection_streak": 0.01775505393743515,
  "acceptance_rate_last10": 0.019210873171687126,
  "active_months_ratio": 0.014964653179049492,
  "response_time_trend": 0.06080598756670952,
  "complex_pr_bias": 0.024796713143587112,
  "avg_action_intensity": 0.042216263711452484,
  "avg_change_lines": 0.04425051435828209,
  "avg_response_time": 0.01919005811214447,
  "avg_review_size": 0.07857826352119446,
  "repeat_collaboration_rate": 0.050886109471321106
}