{
  "Naive": {
    "mae": 8.8,
    "rmse": 15.46509717943055,
    "pearson_r": 0.9519592319978464,
    "spearman_r": 0.7411160389668063,
    "n_dirs": 130.0,
    "danger_precision": 1.0,
    "danger_recall": 0.4,
    "danger_f1": 0.5714285714285715,
    "danger_tp": 2.0,
    "danger_fp": 0.0,
    "danger_fn": 3.0,
    "danger_tn": 125.0
  },
  "Linear": {
    "mae": 5.912751677852349,
    "rmse": 8.408519879400117,
    "pearson_r": 0.8920491286337132,
    "spearman_r": 0.5688522984421412,
    "n_dirs": 149.0,
    "danger_precision": 0.21052631578947367,
    "danger_recall": 0.6666666666666666,
    "danger_f1": 0.32,
    "danger_tp": 4.0,
    "danger_fp": 15.0,
    "danger_fn": 2.0,
    "danger_tn": 128.0
  },
  "RF": {
    "mae": 5.2528461538461535,
    "rmse": 7.681827556993492,
    "pearson_r": 0.9510962455905492,
    "spearman_r": 0.7336565466585483,
    "n_dirs": 130.0,
    "danger_precision": 1.0,
    "danger_recall": 0.4,
    "danger_f1": 0.5714285714285715,
    "danger_tp": 2.0,
    "danger_fp": 0.0,
    "danger_fn": 3.0,
    "danger_tn": 125.0,
    "clf_auc_roc": 0.6421262695391127,
    "clf_auc_pr": 0.5025882719018665,
    "clf_f1": 0.5982545892266025,
    "clf_precision": 0.45429616087751373,
    "clf_recall": 0.8757709251101321,
    "clf_threshold": 0.72,
    "clf_n_pairs": 3050.0,
    "clf_n_pos": 1135.0,
    "clf_n_neg": 1915.0
  },
  "IRL_VariantA": {
    "mae": NaN,
    "rmse": NaN,
    "n_dirs": 0,
    "danger_precision": 0.0,
    "danger_recall": 0.0,
    "danger_f1": 0.0
  },
  "IRL_VariantA_scaled": {
    "mae": NaN,
    "rmse": NaN,
    "n_dirs": 0,
    "danger_precision": 0.0,
    "danger_recall": 0.0,
    "danger_f1": 0.0
  },
  "IRL_VariantB": {
    "mae": NaN,
    "rmse": NaN,
    "n_dirs": 0,
    "danger_precision": 0.0,
    "danger_recall": 0.0,
    "danger_f1": 0.0
  },
  "IRL_Dir": {
    "mae": 7.89902572082548,
    "rmse": 12.353340116760233,
    "pearson_r": 0.953714125049176,
    "spearman_r": 0.7363684388395542,
    "n_dirs": 130.0,
    "danger_precision": 0.07407407407407407,
    "danger_recall": 0.8,
    "danger_f1": 0.13559322033898305,
    "danger_tp": 4.0,
    "danger_fp": 50.0,
    "danger_fn": 1.0,
    "danger_tn": 75.0,
    "clf_auc_roc": 0.7764702499396143,
    "clf_auc_pr": 0.6884455734873943,
    "clf_f1": 0.6555727554179567,
    "clf_precision": 0.5845410628019324,
    "clf_recall": 0.7462555066079295,
    "clf_threshold": 0.08751082420349121,
    "clf_n_pairs": 3050.0,
    "clf_n_pos": 1135.0,
    "clf_n_neg": 1915.0
  },
  "IRL_Dir_calibrated": {
    "mae": 5.265906258854141,
    "rmse": 7.949486644381369,
    "pearson_r": 0.9596155071844292,
    "spearman_r": 0.7624920078503583,
    "n_dirs": 130.0,
    "danger_precision": 0.23529411764705882,
    "danger_recall": 0.8,
    "danger_f1": 0.3636363636363636,
    "danger_tp": 4.0,
    "danger_fp": 13.0,
    "danger_fn": 1.0,
    "danger_tn": 112.0,
    "clf_auc_roc": 0.777599291473528,
    "clf_auc_pr": 0.6957879876222236,
    "clf_f1": 0.6510041682455475,
    "clf_precision": 0.5711436170212766,
    "clf_recall": 0.7568281938325991,
    "clf_threshold": 0.34810126582278483,
    "clf_n_pairs": 3050.0,
    "clf_n_pos": 1135.0,
    "clf_n_neg": 1915.0
  },
  "RF_Dir": {
    "mae": 7.64441194642193,
    "rmse": 12.43716066202382,
    "pearson_r": 0.9581059637732278,
    "spearman_r": 0.7351798243984663,
    "n_dirs": 130.0,
    "danger_precision": 0.10526315789473684,
    "danger_recall": 0.8,
    "danger_f1": 0.18604651162790697,
    "danger_tp": 4.0,
    "danger_fp": 34.0,
    "danger_fn": 1.0,
    "danger_tn": 91.0,
    "clf_auc_roc": 0.7685013974994538,
    "clf_auc_pr": 0.702233340675108,
    "clf_f1": 0.654288240495137,
    "clf_precision": 0.6566104702750666,
    "clf_recall": 0.6519823788546255,
    "clf_threshold": 0.22853104653009368,
    "clf_n_pairs": 3050.0,
    "clf_n_pos": 1135.0,
    "clf_n_neg": 1915.0
  }
}