{
  "threshold": 0.30349668860435486,
  "precision": 0.547244094488189,
  "recall": 0.7239583333333334,
  "f1": 0.6233183856011905,
  "metric": "f1",
  "positive_rate": 0.11685940353012782,
  "method": "f1_maximization_on_train_data",
  "train_prediction_stats": {
    "min": 0.07806037366390228,
    "max": 0.8979265093803406,
    "mean": 0.1876174482861018,
    "std": 0.17655497768137945,
    "median": 0.10862207412719727
  }
}