{
  "threshold": 0.36375027894973755,
  "precision": 0.528441879637263,
  "recall": 0.4915644171779141,
  "f1": 0.5093365116703672,
  "metric": "f1",
  "positive_rate": 0.11114899420388681,
  "method": "f1_maximization_on_train_data",
  "train_prediction_stats": {
    "min": 0.08015226572751999,
    "max": 0.8141013979911804,
    "mean": 0.22222541580583166,
    "std": 0.1253527386451929,
    "median": 0.1923903226852417
  }
}