{
  "Naive": {
    "mae": 7.607142857142857,
    "rmse": 12.90348790056394,
    "pearson_r": 0.9651342445818111,
    "spearman_r": 0.7827821841758058,
    "n_dirs": 112.0,
    "danger_precision": 0.0,
    "danger_recall": 0.0,
    "danger_f1": 0.0,
    "danger_tp": 0.0,
    "danger_fp": 0.0,
    "danger_fn": 5.0,
    "danger_tn": 107.0
  },
  "Linear": {
    "mae": 6.366120218579235,
    "rmse": 9.011528742295841,
    "pearson_r": 0.9032722314918764,
    "spearman_r": 0.5767144781600878,
    "n_dirs": 122.0,
    "danger_precision": 0.13333333333333333,
    "danger_recall": 0.4,
    "danger_f1": 0.2,
    "danger_tp": 2.0,
    "danger_fp": 13.0,
    "danger_fn": 3.0,
    "danger_tn": 104.0
  },
  "RF": {
    "mae": 4.091607142857143,
    "rmse": 5.716530228831372,
    "pearson_r": 0.9677291608129621,
    "spearman_r": 0.8001584796300616,
    "n_dirs": 112.0,
    "danger_precision": 0.0,
    "danger_recall": 0.0,
    "danger_f1": 0.0,
    "danger_tp": 0.0,
    "danger_fp": 0.0,
    "danger_fn": 5.0,
    "danger_tn": 107.0,
    "clf_auc_roc": 0.6498578986176434,
    "clf_auc_pr": 0.6096773174242998,
    "clf_f1": 0.6361416361416361,
    "clf_precision": 0.5077972709551657,
    "clf_recall": 0.8513071895424836,
    "clf_threshold": 0.9,
    "clf_n_pairs": 3050.0,
    "clf_n_pos": 1224.0,
    "clf_n_neg": 1826.0
  },
  "IRL_VariantA": {
    "mae": NaN,
    "rmse": NaN,
    "n_dirs": 0,
    "danger_precision": 0.0,
    "danger_recall": 0.0,
    "danger_f1": 0.0
  },
  "IRL_VariantA_scaled": {
    "mae": NaN,
    "rmse": NaN,
    "n_dirs": 0,
    "danger_precision": 0.0,
    "danger_recall": 0.0,
    "danger_f1": 0.0
  },
  "IRL_VariantB": {
    "mae": NaN,
    "rmse": NaN,
    "n_dirs": 0,
    "danger_precision": 0.0,
    "danger_recall": 0.0,
    "danger_f1": 0.0
  },
  "IRL_Dir": {
    "mae": 9.172164292440616,
    "rmse": 14.766981589601972,
    "pearson_r": 0.9741393075729454,
    "spearman_r": 0.8310255196334169,
    "n_dirs": 112.0,
    "danger_precision": 0.11764705882352941,
    "danger_recall": 0.4,
    "danger_f1": 0.1818181818181818,
    "danger_tp": 2.0,
    "danger_fp": 15.0,
    "danger_fn": 3.0,
    "danger_tn": 92.0,
    "clf_auc_roc": 0.8459448310174745,
    "clf_auc_pr": 0.8244157350488466,
    "clf_f1": 0.7311737484223811,
    "clf_precision": 0.753686036426713,
    "clf_recall": 0.7099673202614379,
    "clf_threshold": 0.330872505903244,
    "clf_n_pairs": 3050.0,
    "clf_n_pos": 1224.0,
    "clf_n_neg": 1826.0
  },
  "RF_Dir": {
    "mae": 9.814409824090864,
    "rmse": 15.863987120364134,
    "pearson_r": 0.9677279692361507,
    "spearman_r": 0.8216768788408183,
    "n_dirs": 112.0,
    "danger_precision": 0.08333333333333333,
    "danger_recall": 0.4,
    "danger_f1": 0.13793103448275862,
    "danger_tp": 2.0,
    "danger_fp": 22.0,
    "danger_fn": 3.0,
    "danger_tn": 85.0,
    "clf_auc_roc": 0.8020533560266019,
    "clf_auc_pr": 0.7810973580424077,
    "clf_f1": 0.6828298887122417,
    "clf_precision": 0.6648606811145511,
    "clf_recall": 0.701797385620915,
    "clf_threshold": 0.2253177246932328,
    "clf_n_pairs": 3050.0,
    "clf_n_pos": 1224.0,
    "clf_n_neg": 1826.0
  }
}