{
  "feature_importance": {
    "window_tenure_days": 0.019819969229338805,
    "total_changes": 0.012222955847426404,
    "total_reviews": 0.03006223991677249,
    "recent_activity_frequency": 0.020331350674584112,
    "avg_activity_gap": 0.026496873801947714,
    "activity_trend": 0.017335323928858715,
    "unique_collaborator_count": 0.013704548946022984,
    "overall_acceptance_rate": 0.01570917559930625,
    "recent_acceptance_rate": 0.010164683037786146,
    "recent_load_ratio_30d_all": 0.020743336739938934,
    "days_since_last_activity": 0.02970290533264321,
    "reciprocity_score": 0.015343203974449627,
    "recent_load_ratio_7d_30d": 0.01112520958502905,
    "core_reviewer_ratio": 0.046700133771484124,
    "acceptance_rate_last10": 0.010829532499634038,
    "active_months_ratio": 0.01654091336446606,
    "response_time_trend": 0.01678507750479687,
    "reviewer_owner_ratio": 0.01295299811112574,
    "n_projects": 0.009152884949802657,
    "cross_project_review_share": 0.012432909482271748,
    "same_domain_share": 0.013926092677029957,
    "path_review_count": 0.16206172863609392,
    "path_recency": 0.15657882921659105,
    "path_acceptance_rate": 0.06034703129797936,
    "path_lcp_similarity": 0.0,
    "path_owner_overlap": 0.12827892534699697,
    "avg_action_intensity": 0.0211561389717514,
    "avg_change_lines": 0.02302379494054437,
    "avg_response_time": 0.022683574423420765,
    "avg_review_size": 0.019291921946243972,
    "repeat_collaboration_rate": 0.02449573624566269
  }
}