{
  "Naive": {
    "mae": 6.955,
    "rmse": 13.079946483070946,
    "pearson_r": 0.9656479238546107,
    "spearman_r": 0.729611671419977,
    "n_dirs": 200.0,
    "danger_precision": 0.4,
    "danger_recall": 0.25,
    "danger_f1": 0.3076923076923077,
    "danger_tp": 4.0,
    "danger_fp": 6.0,
    "danger_fn": 12.0,
    "danger_tn": 178.0
  },
  "Linear": {
    "mae": 5.516975308641976,
    "rmse": 7.669718930793113,
    "pearson_r": 0.9282531626692283,
    "spearman_r": 0.5285139971746808,
    "n_dirs": 216.0,
    "danger_precision": 0.2,
    "danger_recall": 0.5,
    "danger_f1": 0.28571428571428575,
    "danger_tp": 8.0,
    "danger_fp": 32.0,
    "danger_fn": 8.0,
    "danger_tn": 168.0
  },
  "RF": {
    "mae": 4.5451,
    "rmse": 7.06504394890789,
    "pearson_r": 0.96154814989478,
    "spearman_r": 0.7445721383483698,
    "n_dirs": 200.0,
    "danger_precision": 0.4,
    "danger_recall": 0.25,
    "danger_f1": 0.3076923076923077,
    "danger_tp": 4.0,
    "danger_fp": 6.0,
    "danger_fn": 12.0,
    "danger_tn": 178.0,
    "clf_auc_roc": 0.6716137312542605,
    "clf_auc_pr": 0.6189445577909232,
    "clf_f1": 0.5976095617529881,
    "clf_precision": 0.4966887417218543,
    "clf_recall": 0.75,
    "clf_threshold": 0.97,
    "clf_n_pairs": 4534.0,
    "clf_n_pos": 1600.0,
    "clf_n_neg": 2934.0
  },
  "IRL_VariantA": {
    "mae": NaN,
    "rmse": NaN,
    "n_dirs": 0,
    "danger_precision": 0.0,
    "danger_recall": 0.0,
    "danger_f1": 0.0
  },
  "IRL_VariantA_scaled": {
    "mae": NaN,
    "rmse": NaN,
    "n_dirs": 0,
    "danger_precision": 0.0,
    "danger_recall": 0.0,
    "danger_f1": 0.0
  },
  "IRL_VariantB": {
    "mae": NaN,
    "rmse": NaN,
    "n_dirs": 0,
    "danger_precision": 0.0,
    "danger_recall": 0.0,
    "danger_f1": 0.0
  },
  "IRL_Dir": {
    "mae": 8.558281176806785,
    "rmse": 16.233451325765664,
    "pearson_r": 0.9682292832581543,
    "spearman_r": 0.7749880767332694,
    "n_dirs": 200.0,
    "danger_precision": 0.15463917525773196,
    "danger_recall": 0.9375,
    "danger_f1": 0.26548672566371684,
    "danger_tp": 15.0,
    "danger_fp": 82.0,
    "danger_fn": 1.0,
    "danger_tn": 102.0,
    "clf_auc_roc": 0.7748081756987049,
    "clf_auc_pr": 0.7120295510535821,
    "clf_f1": 0.6476530005941771,
    "clf_precision": 0.6172140430351076,
    "clf_recall": 0.68125,
    "clf_threshold": 0.08485763520002365,
    "clf_n_pairs": 4534.0,
    "clf_n_pos": 1600.0,
    "clf_n_neg": 2934.0
  },
  "IRL_Dir_calibrated": {
    "mae": 6.092115065311837,
    "rmse": 11.00469443163154,
    "pearson_r": 0.9773557999258878,
    "spearman_r": 0.7811352205519652,
    "n_dirs": 200.0,
    "danger_precision": 0.2127659574468085,
    "danger_recall": 0.625,
    "danger_f1": 0.31746031746031744,
    "danger_tp": 10.0,
    "danger_fp": 37.0,
    "danger_fn": 6.0,
    "danger_tn": 147.0,
    "clf_auc_roc": 0.7806433197000682,
    "clf_auc_pr": 0.719891881479896,
    "clf_f1": 0.6455155582672362,
    "clf_precision": 0.6305125148986889,
    "clf_recall": 0.66125,
    "clf_threshold": 0.36884626842443374,
    "clf_n_pairs": 4534.0,
    "clf_n_pos": 1600.0,
    "clf_n_neg": 2934.0
  },
  "RF_Dir": {
    "mae": 7.65828116024102,
    "rmse": 14.27321471443591,
    "pearson_r": 0.9758095267121848,
    "spearman_r": 0.7455694034290454,
    "n_dirs": 200.0,
    "danger_precision": 0.14666666666666667,
    "danger_recall": 0.6875,
    "danger_f1": 0.24175824175824173,
    "danger_tp": 11.0,
    "danger_fp": 64.0,
    "danger_fn": 5.0,
    "danger_tn": 120.0,
    "clf_auc_roc": 0.7842362176209953,
    "clf_auc_pr": 0.7355816202319638,
    "clf_f1": 0.6352723915050785,
    "clf_precision": 0.6258338386901152,
    "clf_recall": 0.645,
    "clf_threshold": 0.23912918180679113,
    "clf_n_pairs": 4534.0,
    "clf_n_pos": 1600.0,
    "clf_n_neg": 2934.0
  }
}