{
  "Naive": {
    "mae": 8.8,
    "rmse": 15.46509717943055,
    "pearson_r": 0.9519592319978465,
    "spearman_r": 0.7411160389668063,
    "n_dirs": 130.0,
    "danger_precision": 1.0,
    "danger_recall": 0.4,
    "danger_f1": 0.5714285714285715,
    "danger_tp": 2.0,
    "danger_fp": 0.0,
    "danger_fn": 3.0,
    "danger_tn": 125.0
  },
  "Linear": {
    "mae": 5.912751677852349,
    "rmse": 8.408519879400117,
    "pearson_r": 0.8920491286337132,
    "spearman_r": 0.5688522984421412,
    "n_dirs": 149.0,
    "danger_precision": 0.21052631578947367,
    "danger_recall": 0.6666666666666666,
    "danger_f1": 0.32,
    "danger_tp": 4.0,
    "danger_fp": 15.0,
    "danger_fn": 2.0,
    "danger_tn": 128.0
  },
  "RF": {
    "mae": 4.851538461538462,
    "rmse": 7.088540915286608,
    "pearson_r": 0.9500076398144349,
    "spearman_r": 0.7379698322727334,
    "n_dirs": 130.0,
    "danger_precision": 1.0,
    "danger_recall": 0.4,
    "danger_f1": 0.5714285714285715,
    "danger_tp": 2.0,
    "danger_fp": 0.0,
    "danger_fn": 3.0,
    "danger_tn": 125.0,
    "clf_auc_roc": 0.6378083987991857,
    "clf_auc_pr": 0.44384406367859014,
    "clf_f1": 0.5910014513788099,
    "clf_precision": 0.4406926406926407,
    "clf_recall": 0.8969162995594714,
    "clf_threshold": 0.69,
    "clf_n_pairs": 3050.0,
    "clf_n_pos": 1135.0,
    "clf_n_neg": 1915.0
  },
  "IRL_VariantA": {
    "mae": NaN,
    "rmse": NaN,
    "n_dirs": 0,
    "danger_precision": 0.0,
    "danger_recall": 0.0,
    "danger_f1": 0.0
  },
  "IRL_VariantA_scaled": {
    "mae": NaN,
    "rmse": NaN,
    "n_dirs": 0,
    "danger_precision": 0.0,
    "danger_recall": 0.0,
    "danger_f1": 0.0
  },
  "IRL_VariantB": {
    "mae": NaN,
    "rmse": NaN,
    "n_dirs": 0,
    "danger_precision": 0.0,
    "danger_recall": 0.0,
    "danger_f1": 0.0
  },
  "IRL_Dir": {
    "mae": 7.015080953475374,
    "rmse": 11.110278274477244,
    "pearson_r": 0.9677400679121769,
    "spearman_r": 0.7958475514654567,
    "n_dirs": 130.0,
    "danger_precision": 0.10256410256410256,
    "danger_recall": 0.8,
    "danger_f1": 0.18181818181818182,
    "danger_tp": 4.0,
    "danger_fp": 35.0,
    "danger_fn": 1.0,
    "danger_tn": 90.0,
    "clf_auc_roc": 0.7205215030883012,
    "clf_auc_pr": 0.588488275009758,
    "clf_f1": 0.6367781155015197,
    "clf_precision": 0.5597862391449566,
    "clf_recall": 0.7383259911894273,
    "clf_threshold": 0.016467973589897156,
    "clf_n_pairs": 3050.0,
    "clf_n_pos": 1135.0,
    "clf_n_neg": 1915.0
  },
  "RF_Dir": {
    "mae": 6.892667324246576,
    "rmse": 11.4023306379535,
    "pearson_r": 0.9619976387132807,
    "spearman_r": 0.7329710086521005,
    "n_dirs": 130.0,
    "danger_precision": 0.12903225806451613,
    "danger_recall": 0.8,
    "danger_f1": 0.2222222222222222,
    "danger_tp": 4.0,
    "danger_fp": 27.0,
    "danger_fn": 1.0,
    "danger_tn": 98.0,
    "clf_auc_roc": 0.7793342611656182,
    "clf_auc_pr": 0.7014210407935316,
    "clf_f1": 0.654389721627409,
    "clf_precision": 0.6366666666666667,
    "clf_recall": 0.6731277533039648,
    "clf_threshold": 0.28,
    "clf_n_pairs": 3050.0,
    "clf_n_pos": 1135.0,
    "clf_n_neg": 1915.0
  }
}