{
  "Naive": {
    "mae": 9.747967479674797,
    "rmse": 16.321714799117764,
    "pearson_r": 0.9563737681582576,
    "spearman_r": 0.7635117006378804,
    "n_dirs": 123.0,
    "danger_precision": 0.0,
    "danger_recall": 0.0,
    "danger_f1": 0.0,
    "danger_tp": 0.0,
    "danger_fp": 1.0,
    "danger_fn": 4.0,
    "danger_tn": 118.0
  },
  "Linear": {
    "mae": 5.566416040100251,
    "rmse": 7.389565675250392,
    "pearson_r": 0.9276541080731554,
    "spearman_r": 0.6351054974590391,
    "n_dirs": 133.0,
    "danger_precision": 0.0,
    "danger_recall": 0.0,
    "danger_f1": 0.0,
    "danger_tp": 0.0,
    "danger_fp": 16.0,
    "danger_fn": 5.0,
    "danger_tn": 112.0
  },
  "RF": {
    "mae": 5.528861788617886,
    "rmse": 8.47295866007173,
    "pearson_r": 0.9497073092365589,
    "spearman_r": 0.7715467605591497,
    "n_dirs": 123.0,
    "danger_precision": 0.0,
    "danger_recall": 0.0,
    "danger_f1": 0.0,
    "danger_tp": 0.0,
    "danger_fp": 1.0,
    "danger_fn": 4.0,
    "danger_tn": 118.0,
    "clf_auc_roc": 0.6684976101746667,
    "clf_auc_pr": 0.48041660662450936,
    "clf_f1": 0.5590526643814272,
    "clf_precision": 0.40496613995485325,
    "clf_recall": 0.9024144869215291,
    "clf_threshold": 0.71,
    "clf_n_pairs": 3050.0,
    "clf_n_pos": 994.0,
    "clf_n_neg": 2056.0
  },
  "IRL_VariantA": {
    "mae": NaN,
    "rmse": NaN,
    "n_dirs": 0,
    "danger_precision": 0.0,
    "danger_recall": 0.0,
    "danger_f1": 0.0
  },
  "IRL_VariantA_scaled": {
    "mae": NaN,
    "rmse": NaN,
    "n_dirs": 0,
    "danger_precision": 0.0,
    "danger_recall": 0.0,
    "danger_f1": 0.0
  },
  "IRL_VariantB": {
    "mae": NaN,
    "rmse": NaN,
    "n_dirs": 0,
    "danger_precision": 0.0,
    "danger_recall": 0.0,
    "danger_f1": 0.0
  },
  "IRL_Dir": {
    "mae": 5.19783827093074,
    "rmse": 8.439500337861247,
    "pearson_r": 0.9673449760254147,
    "spearman_r": 0.789751680509307,
    "n_dirs": 123.0,
    "danger_precision": 0.08333333333333333,
    "danger_recall": 0.25,
    "danger_f1": 0.125,
    "danger_tp": 1.0,
    "danger_fp": 11.0,
    "danger_fn": 3.0,
    "danger_tn": 108.0,
    "clf_auc_roc": 0.77788643338631,
    "clf_auc_pr": 0.6922452794932047,
    "clf_f1": 0.6335464830300049,
    "clf_precision": 0.6198267564966313,
    "clf_recall": 0.647887323943662,
    "clf_threshold": 0.35280853509902954,
    "clf_n_pairs": 3050.0,
    "clf_n_pos": 994.0,
    "clf_n_neg": 2056.0
  },
  "RF_Dir": {
    "mae": 7.0811155617855555,
    "rmse": 12.131054717219593,
    "pearson_r": 0.9680234381463032,
    "spearman_r": 0.7999704390069401,
    "n_dirs": 123.0,
    "danger_precision": 0.07894736842105263,
    "danger_recall": 0.75,
    "danger_f1": 0.14285714285714285,
    "danger_tp": 3.0,
    "danger_fp": 35.0,
    "danger_fn": 1.0,
    "danger_tn": 84.0,
    "clf_auc_roc": 0.8076506216286041,
    "clf_auc_pr": 0.7155274717472306,
    "clf_f1": 0.6660039761431411,
    "clf_precision": 0.6581532416502947,
    "clf_recall": 0.6740442655935613,
    "clf_threshold": 0.2452084998787181,
    "clf_n_pairs": 3050.0,
    "clf_n_pos": 994.0,
    "clf_n_neg": 2056.0
  }
}