{
  "n_total": 12200,
  "n_with_neighbors": 7300,
  "coverage_mean": 0.6182888967957462,
  "coverage_median": 0.6666666666666666
}