bucket,n,continuation_rate,irl_auc,rf_auc,agreement_rate
Q1_low,2068,0.3728239845261122,0.8178586321622181,0.8090570177412306,0.7678916827852998
Q2,2012,0.40457256461232605,0.7436288162498514,0.7445901851160617,0.7370775347912525
Q3,2044,0.45792563600782776,0.821410044277824,0.8109972345644728,0.8072407045009785
Q4_high,1972,0.39503042596348886,0.8119755053817357,0.803818164797433,0.789553752535497
