{
  "threshold": 0.0348440483212471,
  "precision": 0.6363636363636364,
  "recall": 1.0,
  "f1": 0.7777777777302469,
  "metric": "f1"
}