{
  "feature_importance": {
    "window_tenure_days": 0.02018206424763889,
    "total_changes": 0.012619174718386961,
    "total_reviews": 0.040961767817558996,
    "recent_activity_frequency": 0.024070996548691267,
    "avg_activity_gap": 0.024064609133613503,
    "activity_trend": 0.017817229319413916,
    "unique_collaborator_count": 0.01090590618815575,
    "overall_acceptance_rate": 0.017363420086332588,
    "recent_acceptance_rate": 0.009878479411011247,
    "recent_load_ratio_30d_all": 0.024435513102395463,
    "days_since_last_activity": 0.028334255200101403,
    "reciprocity_score": 0.013449856668754907,
    "recent_load_ratio_7d_30d": 0.009790948579781635,
    "core_reviewer_ratio": 0.03379669352157673,
    "acceptance_rate_last10": 0.010054015744817674,
    "active_months_ratio": 0.016248129452537615,
    "response_time_trend": 0.01529709170352527,
    "reviewer_owner_ratio": 0.012135670827872178,
    "n_projects": 0.009225360609122268,
    "cross_project_review_share": 0.012419961062264572,
    "same_domain_share": 0.01347080189362662,
    "path_review_count": 0.1450444070680957,
    "path_recency": 0.1211436196084783,
    "path_acceptance_rate": 0.049590677204828924,
    "path_lcp_similarity": 0.0,
    "path_owner_overlap": 0.09236020148196608,
    "path_hub_score": 0.050413262228268925,
    "path_neighbor_coverage": 0.053660174310779504,
    "avg_action_intensity": 0.021369708617460684,
    "avg_change_lines": 0.021976376311919562,
    "avg_response_time": 0.02529173772625878,
    "avg_review_size": 0.018616049387458047,
    "repeat_collaboration_rate": 0.024011840217306128
  }
}