{
  "Naive": {
    "mae": 8.333333333333334,
    "rmse": 16.780969547887754,
    "pearson_r": 0.9581254449366067,
    "spearman_r": 0.7475158666423248,
    "n_dirs": 213.0,
    "danger_precision": 0.2857142857142857,
    "danger_recall": 0.08,
    "danger_f1": 0.125,
    "danger_tp": 2.0,
    "danger_fp": 5.0,
    "danger_fn": 23.0,
    "danger_tn": 183.0
  },
  "Linear": {
    "mae": 5.0373563218390816,
    "rmse": 7.740523807357006,
    "pearson_r": 0.931560712915793,
    "spearman_r": 0.5061701321202089,
    "n_dirs": 232.0,
    "danger_precision": 0.13157894736842105,
    "danger_recall": 0.17857142857142858,
    "danger_f1": 0.15151515151515152,
    "danger_tp": 5.0,
    "danger_fp": 33.0,
    "danger_fn": 23.0,
    "danger_tn": 171.0
  },
  "RF": {
    "mae": 5.596948356807512,
    "rmse": 10.344603342316182,
    "pearson_r": 0.9431879918801263,
    "spearman_r": 0.7629247369050551,
    "n_dirs": 213.0,
    "danger_precision": 0.3333333333333333,
    "danger_recall": 0.12,
    "danger_f1": 0.1764705882352941,
    "danger_tp": 3.0,
    "danger_fp": 6.0,
    "danger_fn": 22.0,
    "danger_tn": 182.0,
    "clf_auc_roc": 0.6616469433244596,
    "clf_auc_pr": 0.5434350570954926,
    "clf_f1": 0.5129887886245557,
    "clf_precision": 0.3882450331125828,
    "clf_recall": 0.7558420628525383,
    "clf_threshold": 0.97,
    "clf_n_pairs": 4534.0,
    "clf_n_pos": 1241.0,
    "clf_n_neg": 3293.0
  },
  "IRL_VariantA": {
    "mae": NaN,
    "rmse": NaN,
    "n_dirs": 0,
    "danger_precision": 0.0,
    "danger_recall": 0.0,
    "danger_f1": 0.0
  },
  "IRL_VariantA_scaled": {
    "mae": NaN,
    "rmse": NaN,
    "n_dirs": 0,
    "danger_precision": 0.0,
    "danger_recall": 0.0,
    "danger_f1": 0.0
  },
  "IRL_VariantB": {
    "mae": NaN,
    "rmse": NaN,
    "n_dirs": 0,
    "danger_precision": 0.0,
    "danger_recall": 0.0,
    "danger_f1": 0.0
  },
  "IRL_Dir": {
    "mae": 5.491064759265134,
    "rmse": 10.976486057988213,
    "pearson_r": 0.9687859773478942,
    "spearman_r": 0.8198699860236223,
    "n_dirs": 213.0,
    "danger_precision": 0.22641509433962265,
    "danger_recall": 0.96,
    "danger_f1": 0.366412213740458,
    "danger_tp": 24.0,
    "danger_fp": 82.0,
    "danger_fn": 1.0,
    "danger_tn": 106.0,
    "clf_auc_roc": 0.8011411895376441,
    "clf_auc_pr": 0.6543649221752087,
    "clf_f1": 0.6226114649681529,
    "clf_precision": 0.6152635719905586,
    "clf_recall": 0.6301369863013698,
    "clf_threshold": 0.24039122462272644,
    "clf_n_pairs": 4534.0,
    "clf_n_pos": 1241.0,
    "clf_n_neg": 3293.0
  },
  "IRL_Dir_calibrated": {
    "mae": 4.219077604470072,
    "rmse": 8.183828621654367,
    "pearson_r": 0.9690040369290454,
    "spearman_r": 0.8192443074803192,
    "n_dirs": 213.0,
    "danger_precision": 0.273972602739726,
    "danger_recall": 0.8,
    "danger_f1": 0.4081632653061224,
    "danger_tp": 20.0,
    "danger_fp": 53.0,
    "danger_fn": 5.0,
    "danger_tn": 135.0,
    "clf_auc_roc": 0.8016200702146251,
    "clf_auc_pr": 0.6655384982279049,
    "clf_f1": 0.6201049656842955,
    "clf_precision": 0.6213592233009708,
    "clf_recall": 0.6188557614826753,
    "clf_threshold": 0.3159333695181622,
    "clf_n_pairs": 4534.0,
    "clf_n_pos": 1241.0,
    "clf_n_neg": 3293.0
  },
  "RF_Dir": {
    "mae": 4.839667267831541,
    "rmse": 9.39844800441152,
    "pearson_r": 0.971986797840338,
    "spearman_r": 0.8037882578724187,
    "n_dirs": 213.0,
    "danger_precision": 0.22826086956521738,
    "danger_recall": 0.84,
    "danger_f1": 0.3589743589743589,
    "danger_tp": 21.0,
    "danger_fp": 71.0,
    "danger_fn": 4.0,
    "danger_tn": 117.0,
    "clf_auc_roc": 0.7940758031161748,
    "clf_auc_pr": 0.6555868334667637,
    "clf_f1": 0.6076767676767677,
    "clf_precision": 0.6094003241491086,
    "clf_recall": 0.6059629331184528,
    "clf_threshold": 0.29839787920700783,
    "clf_n_pairs": 4534.0,
    "clf_n_pos": 1241.0,
    "clf_n_neg": 3293.0
  }
}