{
  "experience_days": 0.10119587928056717,
  "total_changes": 0.017829393967986107,
  "total_reviews": 0.045123692601919174,
  "recent_activity_frequency": 0.0846531018614769,
  "avg_activity_gap": 0.033209219574928284,
  "activity_trend": 0.04705243557691574,
  "collaboration_score": 0.019170397892594337,
  "code_quality_score": 0.028296304866671562,
  "recent_acceptance_rate": 0.019656028598546982,
  "review_load": 0.024821951985359192,
  "days_since_last_activity": 0.03651522845029831,
  "acceptance_trend": 0.02688942477107048,
  "reciprocity_score": 0.04350988566875458,
  "load_trend": 0.058896299451589584,
  "core_reviewer_ratio": 0.03580372408032417,
  "recent_rejection_streak": 0.04234962537884712,
  "acceptance_rate_last10": 0.028252197429537773,
  "active_months_ratio": 0.04065517708659172,
  "response_time_trend": 0.0787319466471672,
  "complex_pr_bias": 0.062148209661245346,
  "avg_action_intensity": 0.02843160554766655,
  "avg_change_lines": 0.017524700611829758,
  "avg_response_time": 0.017790477722883224,
  "avg_review_size": 0.03636259585618973,
  "repeat_collaboration_rate": 0.025130560621619225
}