{
  "auc_roc": 0.7692307692307693,
  "auc_pr": 0.7602855069865256,
  "optimal_threshold": 0.13297072052955627,
  "threshold_source": "train_data",
  "precision": 0.6190476190476191,
  "recall": 0.5,
  "f1_score": 0.5531914893617021,
  "positive_count": 26,
  "negative_count": 34,
  "total_count": 60
}