{
  "auc_roc": 0.6851851851851851,
  "auc_pr": 0.7920298105162742,
  "precision": 0.6428571428571429,
  "recall": 1.0,
  "f1_score": 0.782608695652174,
  "optimal_threshold": 0.11,
  "positive_count": 36,
  "negative_count": 21,
  "total_count": 57,
  "feature_importance": {
    "experience_days": 0.06077656452244841,
    "total_changes": 0.021241931716876262,
    "total_reviews": 0.09557109437805789,
    "recent_activity_frequency": 0.07180946672798597,
    "avg_activity_gap": 0.039284634531976705,
    "activity_trend": 0.009953899143015534,
    "collaboration_score": 0.035432962124504516,
    "code_quality_score": 0.028104736777528616,
    "recent_acceptance_rate": 0.007943903617607573,
    "review_load": 0.051167099423507736,
    "days_since_last_activity": 0.0669992951564502,
    "acceptance_trend": 0.0256351309631684,
    "reciprocity_score": 0.01865215809024135,
    "load_trend": 0.008629884239251349,
    "core_reviewer_ratio": 0.09667327838236085,
    "recent_rejection_streak": 0.016525279407639117,
    "acceptance_rate_last10": 0.02122926567603538,
    "active_months_ratio": 0.06351922891053677,
    "response_time_trend": 0.022814195264426667,
    "complex_pr_bias": 0.018518677654541484,
    "avg_action_intensity": 0.04673210411075753,
    "avg_change_lines": 0.050722560844480895,
    "avg_response_time": 0.06431543358721062,
    "avg_review_size": 0.03451401506274273,
    "repeat_collaboration_rate": 0.02323319968664763
  },
  "pattern": "0-3m \u2192 3-6m"
}