{
  "Naive": {
    "mae": 8.333333333333334,
    "rmse": 16.780969547887754,
    "pearson_r": 0.9581254449366066,
    "spearman_r": 0.7475158666423248,
    "n_dirs": 213.0,
    "danger_precision": 0.2857142857142857,
    "danger_recall": 0.08,
    "danger_f1": 0.125,
    "danger_tp": 2.0,
    "danger_fp": 5.0,
    "danger_fn": 23.0,
    "danger_tn": 183.0
  },
  "Linear": {
    "mae": 5.0373563218390816,
    "rmse": 7.740523807357006,
    "pearson_r": 0.9315607129157933,
    "spearman_r": 0.5061701321202089,
    "n_dirs": 232.0,
    "danger_precision": 0.13157894736842105,
    "danger_recall": 0.17857142857142858,
    "danger_f1": 0.15151515151515152,
    "danger_tp": 5.0,
    "danger_fp": 33.0,
    "danger_fn": 23.0,
    "danger_tn": 171.0
  },
  "RF": {
    "mae": 5.608403755868546,
    "rmse": 10.380704088398435,
    "pearson_r": 0.9427445120832887,
    "spearman_r": 0.759223232463816,
    "n_dirs": 213.0,
    "danger_precision": 0.3333333333333333,
    "danger_recall": 0.12,
    "danger_f1": 0.1764705882352941,
    "danger_tp": 3.0,
    "danger_fp": 6.0,
    "danger_fn": 22.0,
    "danger_tn": 182.0,
    "clf_auc_roc": 0.6663476575834316,
    "clf_auc_pr": 0.5488899784865339,
    "clf_f1": 0.5117453902500632,
    "clf_precision": 0.37270051508462104,
    "clf_recall": 0.8162771958098308,
    "clf_threshold": 0.96,
    "clf_n_pairs": 4534.0,
    "clf_n_pos": 1241.0,
    "clf_n_neg": 3293.0
  },
  "IRL_VariantA": {
    "mae": NaN,
    "rmse": NaN,
    "n_dirs": 0,
    "danger_precision": 0.0,
    "danger_recall": 0.0,
    "danger_f1": 0.0
  },
  "IRL_VariantA_scaled": {
    "mae": NaN,
    "rmse": NaN,
    "n_dirs": 0,
    "danger_precision": 0.0,
    "danger_recall": 0.0,
    "danger_f1": 0.0
  },
  "IRL_VariantB": {
    "mae": NaN,
    "rmse": NaN,
    "n_dirs": 0,
    "danger_precision": 0.0,
    "danger_recall": 0.0,
    "danger_f1": 0.0
  },
  "IRL_Dir": {
    "mae": 5.490714245458962,
    "rmse": 11.17464561931483,
    "pearson_r": 0.9746605213904317,
    "spearman_r": 0.7970520139628335,
    "n_dirs": 213.0,
    "danger_precision": 0.23076923076923078,
    "danger_recall": 0.96,
    "danger_f1": 0.37209302325581395,
    "danger_tp": 24.0,
    "danger_fp": 80.0,
    "danger_fn": 1.0,
    "danger_tn": 108.0,
    "clf_auc_roc": 0.7884882909147501,
    "clf_auc_pr": 0.639957025156587,
    "clf_f1": 0.5943212757681836,
    "clf_precision": 0.5744360902255639,
    "clf_recall": 0.6156325543916197,
    "clf_threshold": 0.24057848751544952,
    "clf_n_pairs": 4534.0,
    "clf_n_pos": 1241.0,
    "clf_n_neg": 3293.0
  },
  "IRL_Dir_calibrated": {
    "mae": 4.405515893428242,
    "rmse": 8.789563017624486,
    "pearson_r": 0.973098266613784,
    "spearman_r": 0.7966530946019962,
    "n_dirs": 213.0,
    "danger_precision": 0.19444444444444445,
    "danger_recall": 0.56,
    "danger_f1": 0.288659793814433,
    "danger_tp": 14.0,
    "danger_fp": 58.0,
    "danger_fn": 11.0,
    "danger_tn": 130.0,
    "clf_auc_roc": 0.7872607462463413,
    "clf_auc_pr": 0.6468303316247185,
    "clf_f1": 0.5940914609469851,
    "clf_precision": 0.5967479674796748,
    "clf_recall": 0.5914585012087027,
    "clf_threshold": 0.3284441285261742,
    "clf_n_pairs": 4534.0,
    "clf_n_pos": 1241.0,
    "clf_n_neg": 3293.0
  },
  "RF_Dir": {
    "mae": 4.819225281333053,
    "rmse": 9.310129190622384,
    "pearson_r": 0.9726351292894649,
    "spearman_r": 0.8102052705075239,
    "n_dirs": 213.0,
    "danger_precision": 0.23333333333333334,
    "danger_recall": 0.84,
    "danger_f1": 0.3652173913043479,
    "danger_tp": 21.0,
    "danger_fp": 69.0,
    "danger_fn": 4.0,
    "danger_tn": 119.0,
    "clf_auc_roc": 0.7912335961345006,
    "clf_auc_pr": 0.6412513157330979,
    "clf_f1": 0.5989342806394317,
    "clf_precision": 0.5355781448538754,
    "clf_recall": 0.6792908944399678,
    "clf_threshold": 0.24757277373448502,
    "clf_n_pairs": 4534.0,
    "clf_n_pos": 1241.0,
    "clf_n_neg": 3293.0
  }
}