{
  "Naive": {
    "mae": 6.882352941176471,
    "rmse": 11.478240283248997,
    "pearson_r": 0.950385796736204,
    "spearman_r": 0.7707914916808182,
    "n_dirs": 136.0,
    "danger_precision": 0.0,
    "danger_recall": 0.0,
    "danger_f1": 0.0,
    "danger_tp": 0.0,
    "danger_fp": 4.0,
    "danger_fn": 3.0,
    "danger_tn": 129.0
  },
  "Linear": {
    "mae": 4.787671232876712,
    "rmse": 6.998532135726357,
    "pearson_r": 0.886866205060832,
    "spearman_r": 0.44568995868082356,
    "n_dirs": 146.0,
    "danger_precision": 0.0,
    "danger_recall": 0.0,
    "danger_f1": 0.0,
    "danger_tp": 0.0,
    "danger_fp": 21.0,
    "danger_fn": 3.0,
    "danger_tn": 122.0
  },
  "RF": {
    "mae": 4.118014705882352,
    "rmse": 5.8302963172602835,
    "pearson_r": 0.9515688778682945,
    "spearman_r": 0.7753373324395313,
    "n_dirs": 136.0,
    "danger_precision": 0.0,
    "danger_recall": 0.0,
    "danger_f1": 0.0,
    "danger_tp": 0.0,
    "danger_fp": 4.0,
    "danger_fn": 3.0,
    "danger_tn": 129.0,
    "clf_auc_roc": 0.6465934895958537,
    "clf_auc_pr": 0.42443375504337877,
    "clf_f1": 0.5919282511210763,
    "clf_precision": 0.4618320610687023,
    "clf_recall": 0.8240635641316686,
    "clf_threshold": 0.79,
    "clf_n_pairs": 2510.0,
    "clf_n_pos": 881.0,
    "clf_n_neg": 1629.0
  },
  "IRL_VariantA": {
    "mae": NaN,
    "rmse": NaN,
    "n_dirs": 0,
    "danger_precision": 0.0,
    "danger_recall": 0.0,
    "danger_f1": 0.0
  },
  "IRL_VariantA_scaled": {
    "mae": NaN,
    "rmse": NaN,
    "n_dirs": 0,
    "danger_precision": 0.0,
    "danger_recall": 0.0,
    "danger_f1": 0.0
  },
  "IRL_VariantB": {
    "mae": NaN,
    "rmse": NaN,
    "n_dirs": 0,
    "danger_precision": 0.0,
    "danger_recall": 0.0,
    "danger_f1": 0.0
  },
  "IRL_Dir": {
    "mae": 6.354210395298812,
    "rmse": 9.878772500490216,
    "pearson_r": 0.9431818826659065,
    "spearman_r": 0.8173690069079522,
    "n_dirs": 136.0,
    "danger_precision": 0.046875,
    "danger_recall": 1.0,
    "danger_f1": 0.08955223880597014,
    "danger_tp": 3.0,
    "danger_fp": 61.0,
    "danger_fn": 0.0,
    "danger_tn": 72.0,
    "clf_auc_roc": 0.7923240025948525,
    "clf_auc_pr": 0.716764535399286,
    "clf_f1": 0.6540229885057471,
    "clf_precision": 0.6623981373690337,
    "clf_recall": 0.6458569807037458,
    "clf_threshold": 0.23611332476139069,
    "clf_n_pairs": 2510.0,
    "clf_n_pos": 881.0,
    "clf_n_neg": 1629.0
  },
  "IRL_Dir_calibrated": {
    "mae": 4.809214499321216,
    "rmse": 7.686695235882621,
    "pearson_r": 0.9506756722987716,
    "spearman_r": 0.8193661869307688,
    "n_dirs": 136.0,
    "danger_precision": 0.075,
    "danger_recall": 1.0,
    "danger_f1": 0.13953488372093023,
    "danger_tp": 3.0,
    "danger_fp": 37.0,
    "danger_fn": 0.0,
    "danger_tn": 96.0,
    "clf_auc_roc": 0.792560215002066,
    "clf_auc_pr": 0.7204460202079427,
    "clf_f1": 0.6521739130434783,
    "clf_precision": 0.6119402985074627,
    "clf_recall": 0.6980703745743473,
    "clf_threshold": 0.35555555555555557,
    "clf_n_pairs": 2510.0,
    "clf_n_pos": 881.0,
    "clf_n_neg": 1629.0
  },
  "RF_Dir": {
    "mae": 6.29256065372549,
    "rmse": 10.38038016850013,
    "pearson_r": 0.9397713602338356,
    "spearman_r": 0.770978862858564,
    "n_dirs": 136.0,
    "danger_precision": 0.05555555555555555,
    "danger_recall": 1.0,
    "danger_f1": 0.10526315789473684,
    "danger_tp": 3.0,
    "danger_fp": 51.0,
    "danger_fn": 0.0,
    "danger_tn": 82.0,
    "clf_auc_roc": 0.7739851402188902,
    "clf_auc_pr": 0.7043980530121254,
    "clf_f1": 0.6464537087168382,
    "clf_precision": 0.6180124223602484,
    "clf_recall": 0.677639046538025,
    "clf_threshold": 0.2433294030142297,
    "clf_n_pairs": 2510.0,
    "clf_n_pos": 881.0,
    "clf_n_neg": 1629.0
  }
}