{
  "threshold": 0.04850156977772713,
  "precision": 0.5555555555555556,
  "recall": 0.967741935483871,
  "f1": 0.7058823528948375,
  "metric": "f1"
}