{
  "feature_importance": {
    "window_tenure_days": 0.018424485933192836,
    "total_changes": 0.015202714149421115,
    "total_reviews": 0.039115634172900274,
    "recent_activity_frequency": 0.028134447325081795,
    "avg_activity_gap": 0.027750226412524732,
    "activity_trend": 0.02012577677336688,
    "unique_collaborator_count": 0.026613368440386358,
    "overall_acceptance_rate": 0.020002666958543473,
    "recent_acceptance_rate": 0.011073640395934913,
    "recent_load_ratio_30d_all": 0.01996016124911588,
    "days_since_last_activity": 0.03021443097990861,
    "reciprocity_score": 0.012605651387062078,
    "recent_load_ratio_7d_30d": 0.007330503513634904,
    "core_reviewer_ratio": 0.05096628612244762,
    "acceptance_rate_last10": 0.010781311718515218,
    "active_months_ratio": 0.02450151852431005,
    "response_time_trend": 0.023210437834123424,
    "reviewer_owner_ratio": 0.01471217022724457,
    "n_projects": 0.009528581874157558,
    "cross_project_review_share": 0.013250994183563054,
    "same_domain_share": 0.012824111258248717,
    "path_review_count": 0.15752446275348386,
    "path_recency": 0.1304244440818053,
    "path_acceptance_rate": 0.05326714290543077,
    "path_lcp_similarity": 0.0,
    "path_owner_overlap": 0.12204456090457788,
    "avg_action_intensity": 0.019498039289753914,
    "avg_change_lines": 0.01820559374863074,
    "avg_response_time": 0.02842060042485712,
    "avg_review_size": 0.016879824216808784,
    "repeat_collaboration_rate": 0.01740621224096746
  }
}