{
  "Naive": {
    "mae": 7.558139534883721,
    "rmse": 15.490282024847136,
    "pearson_r": 0.9620498998254053,
    "spearman_r": 0.7870040536792128,
    "n_dirs": 215.0,
    "danger_precision": 0.6153846153846154,
    "danger_recall": 0.3333333333333333,
    "danger_f1": 0.43243243243243246,
    "danger_tp": 8.0,
    "danger_fp": 5.0,
    "danger_fn": 16.0,
    "danger_tn": 186.0
  },
  "Linear": {
    "mae": 5.266949152542374,
    "rmse": 7.901017837122226,
    "pearson_r": 0.9201963140457219,
    "spearman_r": 0.5588230131913129,
    "n_dirs": 236.0,
    "danger_precision": 0.2765957446808511,
    "danger_recall": 0.5,
    "danger_f1": 0.3561643835616438,
    "danger_tp": 13.0,
    "danger_fp": 34.0,
    "danger_fn": 13.0,
    "danger_tn": 176.0
  },
  "RF": {
    "mae": 4.250465116279069,
    "rmse": 6.8185785533622845,
    "pearson_r": 0.9575020785524643,
    "spearman_r": 0.7887670209933976,
    "n_dirs": 215.0,
    "danger_precision": 0.47058823529411764,
    "danger_recall": 0.3333333333333333,
    "danger_f1": 0.39024390243902435,
    "danger_tp": 8.0,
    "danger_fp": 9.0,
    "danger_fn": 16.0,
    "danger_tn": 182.0,
    "clf_auc_roc": 0.6657668322105067,
    "clf_auc_pr": 0.44590877087648323,
    "clf_f1": 0.5479662317728319,
    "clf_precision": 0.4401972872996301,
    "clf_recall": 0.725609756097561,
    "clf_threshold": 0.84,
    "clf_n_pairs": 4534.0,
    "clf_n_pos": 1476.0,
    "clf_n_neg": 3058.0
  },
  "IRL_VariantA": {
    "mae": NaN,
    "rmse": NaN,
    "n_dirs": 0,
    "danger_precision": 0.0,
    "danger_recall": 0.0,
    "danger_f1": 0.0
  },
  "IRL_VariantA_scaled": {
    "mae": NaN,
    "rmse": NaN,
    "n_dirs": 0,
    "danger_precision": 0.0,
    "danger_recall": 0.0,
    "danger_f1": 0.0
  },
  "IRL_VariantB": {
    "mae": NaN,
    "rmse": NaN,
    "n_dirs": 0,
    "danger_precision": 0.0,
    "danger_recall": 0.0,
    "danger_f1": 0.0
  },
  "IRL_Dir": {
    "mae": 6.37917821591748,
    "rmse": 11.73932392561164,
    "pearson_r": 0.95804563051545,
    "spearman_r": 0.7677503919640559,
    "n_dirs": 215.0,
    "danger_precision": 0.23863636363636365,
    "danger_recall": 0.875,
    "danger_f1": 0.37499999999999994,
    "danger_tp": 21.0,
    "danger_fp": 67.0,
    "danger_fn": 3.0,
    "danger_tn": 124.0,
    "clf_auc_roc": 0.7516603125481875,
    "clf_auc_pr": 0.6318318988970097,
    "clf_f1": 0.5930835734870317,
    "clf_precision": 0.5160481444332999,
    "clf_recall": 0.6971544715447154,
    "clf_threshold": 0.12732718884944916,
    "clf_n_pairs": 4534.0,
    "clf_n_pos": 1476.0,
    "clf_n_neg": 3058.0
  },
  "IRL_Dir_calibrated": {
    "mae": 4.836257485315274,
    "rmse": 8.55106554398369,
    "pearson_r": 0.9660072931949677,
    "spearman_r": 0.7977074968700851,
    "n_dirs": 215.0,
    "danger_precision": 0.3584905660377358,
    "danger_recall": 0.7916666666666666,
    "danger_f1": 0.49350649350649345,
    "danger_tp": 19.0,
    "danger_fp": 34.0,
    "danger_fn": 5.0,
    "danger_tn": 157.0,
    "clf_auc_roc": 0.7528169260600388,
    "clf_auc_pr": 0.6349664833505586,
    "clf_f1": 0.5924855491329479,
    "clf_precision": 0.516633064516129,
    "clf_recall": 0.6944444444444444,
    "clf_threshold": 0.3023255813953488,
    "clf_n_pairs": 4534.0,
    "clf_n_pos": 1476.0,
    "clf_n_neg": 3058.0
  },
  "RF_Dir": {
    "mae": 6.032232487427294,
    "rmse": 11.29843866044438,
    "pearson_r": 0.9638144443985526,
    "spearman_r": 0.7707406921262964,
    "n_dirs": 215.0,
    "danger_precision": 0.2558139534883721,
    "danger_recall": 0.9166666666666666,
    "danger_f1": 0.4,
    "danger_tp": 22.0,
    "danger_fp": 64.0,
    "danger_fn": 2.0,
    "danger_tn": 127.0,
    "clf_auc_roc": 0.7792655011245991,
    "clf_auc_pr": 0.6640234716409679,
    "clf_f1": 0.6157407407407407,
    "clf_precision": 0.5373737373737374,
    "clf_recall": 0.7208672086720868,
    "clf_threshold": 0.1880935799782372,
    "clf_n_pairs": 4534.0,
    "clf_n_pos": 1476.0,
    "clf_n_neg": 3058.0
  }
}