{
  "Naive": {
    "mae": 9.747967479674797,
    "rmse": 16.321714799117764,
    "pearson_r": 0.9563737681582574,
    "spearman_r": 0.7635117006378804,
    "n_dirs": 123.0,
    "danger_precision": 0.0,
    "danger_recall": 0.0,
    "danger_f1": 0.0,
    "danger_tp": 0.0,
    "danger_fp": 1.0,
    "danger_fn": 4.0,
    "danger_tn": 118.0
  },
  "Linear": {
    "mae": 5.5664160401002505,
    "rmse": 7.389565675250392,
    "pearson_r": 0.9276541080731556,
    "spearman_r": 0.6351054974590391,
    "n_dirs": 133.0,
    "danger_precision": 0.0,
    "danger_recall": 0.0,
    "danger_f1": 0.0,
    "danger_tp": 0.0,
    "danger_fp": 16.0,
    "danger_fn": 5.0,
    "danger_tn": 112.0
  },
  "RF": {
    "mae": 5.76609756097561,
    "rmse": 8.741572061924625,
    "pearson_r": 0.9405454626650502,
    "spearman_r": 0.7677019400531624,
    "n_dirs": 123.0,
    "danger_precision": 0.0,
    "danger_recall": 0.0,
    "danger_f1": 0.0,
    "danger_tp": 0.0,
    "danger_fp": 1.0,
    "danger_fn": 4.0,
    "danger_tn": 118.0,
    "clf_auc_roc": 0.6572014773465698,
    "clf_auc_pr": 0.5624302241190422,
    "clf_f1": 0.5653315824031516,
    "clf_precision": 0.4195906432748538,
    "clf_recall": 0.8661971830985915,
    "clf_threshold": 0.9,
    "clf_n_pairs": 3050.0,
    "clf_n_pos": 994.0,
    "clf_n_neg": 2056.0
  },
  "IRL_VariantA": {
    "mae": NaN,
    "rmse": NaN,
    "n_dirs": 0,
    "danger_precision": 0.0,
    "danger_recall": 0.0,
    "danger_f1": 0.0
  },
  "IRL_VariantA_scaled": {
    "mae": NaN,
    "rmse": NaN,
    "n_dirs": 0,
    "danger_precision": 0.0,
    "danger_recall": 0.0,
    "danger_f1": 0.0
  },
  "IRL_VariantB": {
    "mae": NaN,
    "rmse": NaN,
    "n_dirs": 0,
    "danger_precision": 0.0,
    "danger_recall": 0.0,
    "danger_f1": 0.0
  },
  "IRL_Dir": {
    "mae": 4.876873949073194,
    "rmse": 7.8750220370780974,
    "pearson_r": 0.9663998156984265,
    "spearman_r": 0.7932712689004161,
    "n_dirs": 123.0,
    "danger_precision": 0.1111111111111111,
    "danger_recall": 0.25,
    "danger_f1": 0.15384615384615383,
    "danger_tp": 1.0,
    "danger_fp": 8.0,
    "danger_fn": 3.0,
    "danger_tn": 111.0,
    "clf_auc_roc": 0.7887375321970735,
    "clf_auc_pr": 0.6889940447168006,
    "clf_f1": 0.6459446333171442,
    "clf_precision": 0.6244131455399061,
    "clf_recall": 0.6690140845070423,
    "clf_threshold": 0.4075227379798889,
    "clf_n_pairs": 3050.0,
    "clf_n_pos": 994.0,
    "clf_n_neg": 2056.0
  },
  "RF_Dir": {
    "mae": 6.417591004100033,
    "rmse": 11.115486493221086,
    "pearson_r": 0.9666808572430735,
    "spearman_r": 0.8086320802406983,
    "n_dirs": 123.0,
    "danger_precision": 0.12,
    "danger_recall": 0.75,
    "danger_f1": 0.20689655172413793,
    "danger_tp": 3.0,
    "danger_fp": 22.0,
    "danger_fn": 1.0,
    "danger_tn": 97.0,
    "clf_auc_roc": 0.801107716336932,
    "clf_auc_pr": 0.6954735504479405,
    "clf_f1": 0.6382575757575758,
    "clf_precision": 0.6028622540250447,
    "clf_recall": 0.6780684104627767,
    "clf_threshold": 0.26054832951949825,
    "clf_n_pairs": 3050.0,
    "clf_n_pos": 994.0,
    "clf_n_neg": 2056.0
  }
}