{
  "experience_days": 0.052188094705343246,
  "total_changes": 0.014592557214200497,
  "total_reviews": 0.030448351055383682,
  "recent_activity_frequency": 0.053142204880714417,
  "avg_activity_gap": 0.05121611803770065,
  "activity_trend": 0.033329978585243225,
  "collaboration_score": 0.03310195356607437,
  "code_quality_score": 0.02597835846245289,
  "recent_acceptance_rate": 0.023488806560635567,
  "review_load": 0.04628449305891991,
  "days_since_last_activity": 0.02913256362080574,
  "acceptance_trend": 0.02935504913330078,
  "reciprocity_score": 0.04537752643227577,
  "load_trend": 0.05498431250452995,
  "core_reviewer_ratio": 0.01756158657371998,
  "recent_rejection_streak": 0.07904179394245148,
  "acceptance_rate_last10": 0.03190760314464569,
  "active_months_ratio": 0.04898486286401749,
  "response_time_trend": 0.052601419389247894,
  "avg_action_intensity": 0.05516119301319122,
  "avg_change_lines": 0.029464086517691612,
  "avg_response_time": 0.05743138864636421,
  "avg_review_size": 0.06548286229372025,
  "repeat_collaboration_rate": 0.0397428497672081
}