{
  "auc_roc": 0.7642857142857143,
  "auc_pr": 0.915974647010841,
  "optimal_threshold": 0.8401405811309814,
  "threshold_source": "train_data",
  "precision": 1.0,
  "recall": 0.42857142857142855,
  "f1_score": 0.6,
  "positive_count": 28,
  "negative_count": 10,
  "total_count": 38
}