{
  "threshold": 0.04159572347998619,
  "precision": 0.8,
  "recall": 1.0,
  "f1": 0.8888888888395062,
  "metric": "f1"
}