{
  "Naive": {
    "mae": 7.366412213740458,
    "rmse": 11.267395372191501,
    "pearson_r": 0.9474609268561347,
    "spearman_r": 0.7012707715974861,
    "n_dirs": 131.0,
    "danger_precision": 0.0,
    "danger_recall": 0.0,
    "danger_f1": 0.0,
    "danger_tp": 0.0,
    "danger_fp": 1.0,
    "danger_fn": 8.0,
    "danger_tn": 122.0
  },
  "Linear": {
    "mae": 7.456876456876456,
    "rmse": 10.26142359991119,
    "pearson_r": 0.8836943241221819,
    "spearman_r": 0.49276090056325395,
    "n_dirs": 143.0,
    "danger_precision": 0.0625,
    "danger_recall": 0.1111111111111111,
    "danger_f1": 0.08,
    "danger_tp": 1.0,
    "danger_fp": 15.0,
    "danger_fn": 8.0,
    "danger_tn": 119.0
  },
  "RF": {
    "mae": 5.41175572519084,
    "rmse": 7.1656388516776195,
    "pearson_r": 0.9459028017242002,
    "spearman_r": 0.7157696298491864,
    "n_dirs": 131.0,
    "danger_precision": 0.0,
    "danger_recall": 0.0,
    "danger_f1": 0.0,
    "danger_tp": 0.0,
    "danger_fp": 1.0,
    "danger_fn": 8.0,
    "danger_tn": 122.0,
    "clf_auc_roc": 0.6563306618308651,
    "clf_auc_pr": 0.6567359166642021,
    "clf_f1": 0.676590776415645,
    "clf_precision": 0.5648148148148148,
    "clf_recall": 0.8435225618631732,
    "clf_threshold": 0.9,
    "clf_n_pairs": 3050.0,
    "clf_n_pos": 1374.0,
    "clf_n_neg": 1676.0
  },
  "IRL_VariantA": {
    "mae": NaN,
    "rmse": NaN,
    "n_dirs": 0,
    "danger_precision": 0.0,
    "danger_recall": 0.0,
    "danger_f1": 0.0
  },
  "IRL_VariantA_scaled": {
    "mae": NaN,
    "rmse": NaN,
    "n_dirs": 0,
    "danger_precision": 0.0,
    "danger_recall": 0.0,
    "danger_f1": 0.0
  },
  "IRL_VariantB": {
    "mae": NaN,
    "rmse": NaN,
    "n_dirs": 0,
    "danger_precision": 0.0,
    "danger_recall": 0.0,
    "danger_f1": 0.0
  },
  "IRL_Dir": {
    "mae": 10.091604516564207,
    "rmse": 16.261982994071733,
    "pearson_r": 0.9448280757682028,
    "spearman_r": 0.6930582630888411,
    "n_dirs": 131.0,
    "danger_precision": 0.15625,
    "danger_recall": 0.625,
    "danger_f1": 0.25,
    "danger_tp": 5.0,
    "danger_fp": 27.0,
    "danger_fn": 3.0,
    "danger_tn": 96.0,
    "clf_auc_roc": 0.7838477886282235,
    "clf_auc_pr": 0.7302253725315718,
    "clf_f1": 0.7309236947791165,
    "clf_precision": 0.6765799256505576,
    "clf_recall": 0.7947598253275109,
    "clf_threshold": 0.008436080999672413,
    "clf_n_pairs": 3050.0,
    "clf_n_pos": 1374.0,
    "clf_n_neg": 1676.0
  },
  "RF_Dir": {
    "mae": 10.485724173205632,
    "rmse": 17.36744839143193,
    "pearson_r": 0.9478463707556306,
    "spearman_r": 0.7102760910192337,
    "n_dirs": 131.0,
    "danger_precision": 0.1935483870967742,
    "danger_recall": 0.75,
    "danger_f1": 0.30769230769230765,
    "danger_tp": 6.0,
    "danger_fp": 25.0,
    "danger_fn": 2.0,
    "danger_tn": 98.0,
    "clf_auc_roc": 0.7964820585507186,
    "clf_auc_pr": 0.8052700957464816,
    "clf_f1": 0.6990041760359782,
    "clf_precision": 0.625646923519264,
    "clf_recall": 0.7918486171761281,
    "clf_threshold": 0.1470229853226253,
    "clf_n_pairs": 3050.0,
    "clf_n_pos": 1374.0,
    "clf_n_neg": 1676.0
  }
}