{
  "threshold": 0.39432957768440247,
  "precision": 1.0,
  "recall": 0.6451612903225806,
  "f1": 0.7843137254425221,
  "metric": "f1"
}