{
  "Naive": {
    "mae": 8.333333333333334,
    "rmse": 16.780969547887754,
    "pearson_r": 0.9581254449366066,
    "spearman_r": 0.7475158666423248,
    "n_dirs": 213.0,
    "danger_precision": 0.2857142857142857,
    "danger_recall": 0.08,
    "danger_f1": 0.125,
    "danger_tp": 2.0,
    "danger_fp": 5.0,
    "danger_fn": 23.0,
    "danger_tn": 183.0
  },
  "Linear": {
    "mae": 5.037356321839081,
    "rmse": 7.740523807357006,
    "pearson_r": 0.9315607129157931,
    "spearman_r": 0.5061701321202089,
    "n_dirs": 232.0,
    "danger_precision": 0.13157894736842105,
    "danger_recall": 0.17857142857142858,
    "danger_f1": 0.15151515151515152,
    "danger_tp": 5.0,
    "danger_fp": 33.0,
    "danger_fn": 23.0,
    "danger_tn": 171.0
  },
  "RF": {
    "mae": 4.578356807511737,
    "rmse": 8.020872975330365,
    "pearson_r": 0.9526364480515255,
    "spearman_r": 0.7673059362669867,
    "n_dirs": 213.0,
    "danger_precision": 0.23076923076923078,
    "danger_recall": 0.12,
    "danger_f1": 0.15789473684210525,
    "danger_tp": 3.0,
    "danger_fp": 10.0,
    "danger_fn": 22.0,
    "danger_tn": 178.0,
    "clf_auc_roc": 0.6679936416783288,
    "clf_auc_pr": 0.38127987519735607,
    "clf_f1": 0.5098039215686274,
    "clf_precision": 0.37978681405448084,
    "clf_recall": 0.7751813053988719,
    "clf_threshold": 0.82,
    "clf_n_pairs": 4534.0,
    "clf_n_pos": 1241.0,
    "clf_n_neg": 3293.0
  },
  "IRL_VariantA": {
    "mae": NaN,
    "rmse": NaN,
    "n_dirs": 0,
    "danger_precision": 0.0,
    "danger_recall": 0.0,
    "danger_f1": 0.0
  },
  "IRL_VariantA_scaled": {
    "mae": NaN,
    "rmse": NaN,
    "n_dirs": 0,
    "danger_precision": 0.0,
    "danger_recall": 0.0,
    "danger_f1": 0.0
  },
  "IRL_VariantB": {
    "mae": NaN,
    "rmse": NaN,
    "n_dirs": 0,
    "danger_precision": 0.0,
    "danger_recall": 0.0,
    "danger_f1": 0.0
  },
  "IRL_Dir": {
    "mae": 5.648920053316349,
    "rmse": 10.97570976634452,
    "pearson_r": 0.9775930984532235,
    "spearman_r": 0.8038800062738806,
    "n_dirs": 213.0,
    "danger_precision": 0.21238938053097345,
    "danger_recall": 0.96,
    "danger_f1": 0.3478260869565218,
    "danger_tp": 24.0,
    "danger_fp": 89.0,
    "danger_fn": 1.0,
    "danger_tn": 99.0,
    "clf_auc_roc": 0.7840227347194364,
    "clf_auc_pr": 0.6335910780047087,
    "clf_f1": 0.6069538926681783,
    "clf_precision": 0.5715302491103202,
    "clf_recall": 0.6470588235294118,
    "clf_threshold": 0.18457426130771637,
    "clf_n_pairs": 4534.0,
    "clf_n_pos": 1241.0,
    "clf_n_neg": 3293.0
  },
  "IRL_Dir_calibrated": {
    "mae": 4.309860322655951,
    "rmse": 8.388032116071107,
    "pearson_r": 0.9781982216432424,
    "spearman_r": 0.8138915132943395,
    "n_dirs": 213.0,
    "danger_precision": 0.24358974358974358,
    "danger_recall": 0.76,
    "danger_f1": 0.36893203883495146,
    "danger_tp": 19.0,
    "danger_fp": 59.0,
    "danger_fn": 6.0,
    "danger_tn": 129.0,
    "clf_auc_roc": 0.7853515857753107,
    "clf_auc_pr": 0.6413532785540277,
    "clf_f1": 0.6045845272206304,
    "clf_precision": 0.5441650548033526,
    "clf_recall": 0.6800966962127317,
    "clf_threshold": 0.3153153153153153,
    "clf_n_pairs": 4534.0,
    "clf_n_pos": 1241.0,
    "clf_n_neg": 3293.0
  },
  "RF_Dir": {
    "mae": 4.93882965244989,
    "rmse": 10.05866734199468,
    "pearson_r": 0.9722791355723335,
    "spearman_r": 0.7878170353723504,
    "n_dirs": 213.0,
    "danger_precision": 0.21505376344086022,
    "danger_recall": 0.8,
    "danger_f1": 0.3389830508474576,
    "danger_tp": 20.0,
    "danger_fp": 73.0,
    "danger_fn": 5.0,
    "danger_tn": 115.0,
    "clf_auc_roc": 0.7951879710655254,
    "clf_auc_pr": 0.6477084251368669,
    "clf_f1": 0.6116052520118593,
    "clf_precision": 0.6446428571428572,
    "clf_recall": 0.5817888799355359,
    "clf_threshold": 0.31860509229948697,
    "clf_n_pairs": 4534.0,
    "clf_n_pos": 1241.0,
    "clf_n_neg": 3293.0
  }
}