{
  "experience_days": 0.06844557076692581,
  "total_changes": 0.03459213674068451,
  "total_reviews": 0.05861959233880043,
  "recent_activity_frequency": 0.07417501509189606,
  "avg_activity_gap": 0.04626253992319107,
  "activity_trend": 0.02501962147653103,
  "collaboration_score": 0.04347782954573631,
  "code_quality_score": 0.039857976138591766,
  "recent_acceptance_rate": 0.03995124250650406,
  "review_load": 0.03877576068043709,
  "days_since_last_activity": 0.016953738406300545,
  "acceptance_trend": 0.027046583592891693,
  "reciprocity_score": 0.03615317866206169,
  "load_trend": 0.04111090674996376,
  "core_reviewer_ratio": 0.022830002009868622,
  "recent_rejection_streak": 0.032225947827100754,
  "acceptance_rate_last10": 0.03772445768117905,
  "active_months_ratio": 0.041549231857061386,
  "response_time_trend": 0.043884072452783585,
  "avg_action_intensity": 0.05869898572564125,
  "avg_change_lines": 0.028847604990005493,
  "avg_response_time": 0.04084857180714607,
  "avg_review_size": 0.0767887607216835,
  "repeat_collaboration_rate": 0.02616063505411148
}