{
  "auc_roc": 0.8490909090909091,
  "auc_pr": 0.8110860479474704,
  "optimal_threshold": 0.06552499532699585,
  "threshold_source": "train_data",
  "precision": 0.8947368421052632,
  "recall": 0.7727272727272727,
  "f1_score": 0.8292682926829268,
  "positive_count": 22,
  "negative_count": 25,
  "total_count": 47
}