{
  "Naive": {
    "mae": 5.973684210526316,
    "rmse": 10.266193882939541,
    "pearson_r": 0.9666075191958609,
    "spearman_r": 0.7265015932218002,
    "n_dirs": 228.0,
    "danger_precision": 0.4166666666666667,
    "danger_recall": 0.21739130434782608,
    "danger_f1": 0.2857142857142857,
    "danger_tp": 5.0,
    "danger_fp": 7.0,
    "danger_fn": 18.0,
    "danger_tn": 198.0
  },
  "Linear": {
    "mae": 5.854082998661311,
    "rmse": 8.317307213637896,
    "pearson_r": 0.9227607723210397,
    "spearman_r": 0.5484079222863182,
    "n_dirs": 249.0,
    "danger_precision": 0.15217391304347827,
    "danger_recall": 0.2692307692307692,
    "danger_f1": 0.19444444444444445,
    "danger_tp": 7.0,
    "danger_fp": 39.0,
    "danger_fn": 19.0,
    "danger_tn": 184.0
  },
  "RF": {
    "mae": 4.3893859649122815,
    "rmse": 6.100324768461245,
    "pearson_r": 0.9623377346990654,
    "spearman_r": 0.7357223929887848,
    "n_dirs": 228.0,
    "danger_precision": 0.4166666666666667,
    "danger_recall": 0.21739130434782608,
    "danger_f1": 0.2857142857142857,
    "danger_tp": 5.0,
    "danger_fp": 7.0,
    "danger_fn": 18.0,
    "danger_tn": 198.0,
    "clf_auc_roc": 0.6751576753701684,
    "clf_auc_pr": 0.6554161120321795,
    "clf_f1": 0.6220490488196195,
    "clf_precision": 0.5380650277557494,
    "clf_recall": 0.737099402498642,
    "clf_threshold": 0.97,
    "clf_n_pairs": 4534.0,
    "clf_n_pos": 1841.0,
    "clf_n_neg": 2693.0
  },
  "IRL_VariantA": {
    "mae": NaN,
    "rmse": NaN,
    "n_dirs": 0,
    "danger_precision": 0.0,
    "danger_recall": 0.0,
    "danger_f1": 0.0
  },
  "IRL_VariantA_scaled": {
    "mae": NaN,
    "rmse": NaN,
    "n_dirs": 0,
    "danger_precision": 0.0,
    "danger_recall": 0.0,
    "danger_f1": 0.0
  },
  "IRL_VariantB": {
    "mae": NaN,
    "rmse": NaN,
    "n_dirs": 0,
    "danger_precision": 0.0,
    "danger_recall": 0.0,
    "danger_f1": 0.0
  },
  "IRL_Dir": {
    "mae": 9.915652195938947,
    "rmse": 18.860441409094797,
    "pearson_r": 0.956621843387964,
    "spearman_r": 0.724619477911624,
    "n_dirs": 228.0,
    "danger_precision": 0.15602836879432624,
    "danger_recall": 0.9565217391304348,
    "danger_f1": 0.2682926829268293,
    "danger_tp": 22.0,
    "danger_fp": 119.0,
    "danger_fn": 1.0,
    "danger_tn": 86.0,
    "clf_auc_roc": 0.7664904868336099,
    "clf_auc_pr": 0.7280602000272229,
    "clf_f1": 0.6618127039919659,
    "clf_precision": 0.61531279178338,
    "clf_recall": 0.7159152634437805,
    "clf_threshold": 0.06086960434913635,
    "clf_n_pairs": 4534.0,
    "clf_n_pos": 1841.0,
    "clf_n_neg": 2693.0
  },
  "IRL_Dir_calibrated": {
    "mae": 6.360496276422591,
    "rmse": 11.343121361476115,
    "pearson_r": 0.9725807553453427,
    "spearman_r": 0.7447695669368462,
    "n_dirs": 228.0,
    "danger_precision": 0.29411764705882354,
    "danger_recall": 0.6521739130434783,
    "danger_f1": 0.4054054054054054,
    "danger_tp": 15.0,
    "danger_fp": 36.0,
    "danger_fn": 8.0,
    "danger_tn": 169.0,
    "clf_auc_roc": 0.7672964873826423,
    "clf_auc_pr": 0.7334498546751417,
    "clf_f1": 0.6602611480660261,
    "clf_precision": 0.6041478809738503,
    "clf_recall": 0.7278652906029331,
    "clf_threshold": 0.3652173913043478,
    "clf_n_pairs": 4534.0,
    "clf_n_pos": 1841.0,
    "clf_n_neg": 2693.0
  },
  "RF_Dir": {
    "mae": 8.488649575988513,
    "rmse": 16.008659404014423,
    "pearson_r": 0.9652339146993983,
    "spearman_r": 0.7393288170015485,
    "n_dirs": 228.0,
    "danger_precision": 0.21739130434782608,
    "danger_recall": 0.8695652173913043,
    "danger_f1": 0.3478260869565218,
    "danger_tp": 20.0,
    "danger_fp": 72.0,
    "danger_fn": 3.0,
    "danger_tn": 133.0,
    "clf_auc_roc": 0.779612905932515,
    "clf_auc_pr": 0.761205604871031,
    "clf_f1": 0.659696290764252,
    "clf_precision": 0.6089154411764706,
    "clf_recall": 0.7197175448126019,
    "clf_threshold": 0.17406968365975575,
    "clf_n_pairs": 4534.0,
    "clf_n_pos": 1841.0,
    "clf_n_neg": 2693.0
  }
}