{
  "Naive": {
    "mae": 7.366412213740458,
    "rmse": 11.267395372191501,
    "pearson_r": 0.9474609268561348,
    "spearman_r": 0.7012707715974861,
    "n_dirs": 131.0,
    "danger_precision": 0.0,
    "danger_recall": 0.0,
    "danger_f1": 0.0,
    "danger_tp": 0.0,
    "danger_fp": 1.0,
    "danger_fn": 8.0,
    "danger_tn": 122.0
  },
  "Linear": {
    "mae": 7.456876456876458,
    "rmse": 10.261423599911192,
    "pearson_r": 0.8836943241221815,
    "spearman_r": 0.49052406816548294,
    "n_dirs": 143.0,
    "danger_precision": 0.0625,
    "danger_recall": 0.1111111111111111,
    "danger_f1": 0.08,
    "danger_tp": 1.0,
    "danger_fp": 15.0,
    "danger_fn": 8.0,
    "danger_tn": 119.0
  },
  "RF": {
    "mae": 5.410687022900763,
    "rmse": 7.162688842214332,
    "pearson_r": 0.9459592456156125,
    "spearman_r": 0.7163994137616565,
    "n_dirs": 131.0,
    "danger_precision": 0.0,
    "danger_recall": 0.0,
    "danger_f1": 0.0,
    "danger_tp": 0.0,
    "danger_fp": 1.0,
    "danger_fn": 8.0,
    "danger_tn": 122.0,
    "clf_auc_roc": 0.6562815916457359,
    "clf_auc_pr": 0.6566714523595223,
    "clf_f1": 0.676590776415645,
    "clf_precision": 0.5648148148148148,
    "clf_recall": 0.8435225618631732,
    "clf_threshold": 0.9,
    "clf_n_pairs": 3050.0,
    "clf_n_pos": 1374.0,
    "clf_n_neg": 1676.0
  },
  "IRL_VariantA": {
    "mae": NaN,
    "rmse": NaN,
    "n_dirs": 0,
    "danger_precision": 0.0,
    "danger_recall": 0.0,
    "danger_f1": 0.0
  },
  "IRL_VariantA_scaled": {
    "mae": NaN,
    "rmse": NaN,
    "n_dirs": 0,
    "danger_precision": 0.0,
    "danger_recall": 0.0,
    "danger_f1": 0.0
  },
  "IRL_VariantB": {
    "mae": NaN,
    "rmse": NaN,
    "n_dirs": 0,
    "danger_precision": 0.0,
    "danger_recall": 0.0,
    "danger_f1": 0.0
  },
  "IRL_Dir": {
    "mae": 5.9730860741083855,
    "rmse": 8.080981587314403,
    "pearson_r": 0.9419105451493516,
    "spearman_r": 0.6830930546116336,
    "n_dirs": 131.0,
    "danger_precision": 0.0,
    "danger_recall": 0.0,
    "danger_f1": 0.0,
    "danger_tp": 0.0,
    "danger_fp": 4.0,
    "danger_fn": 8.0,
    "danger_tn": 119.0,
    "clf_auc_roc": 0.594506788187026,
    "clf_auc_pr": 0.5395037977435753,
    "clf_f1": 0.6470432246088571,
    "clf_precision": 0.5089695452649144,
    "clf_recall": 0.8879184861717613,
    "clf_threshold": 0.31269875168800354,
    "clf_n_pairs": 3050.0,
    "clf_n_pos": 1374.0,
    "clf_n_neg": 1676.0
  },
  "IRL_Dir_calibrated": {
    "mae": 7.996867550771794,
    "rmse": 12.960387628994392,
    "pearson_r": 0.9477339041211785,
    "spearman_r": 0.7032153618159961,
    "n_dirs": 131.0,
    "danger_precision": 0.2,
    "danger_recall": 0.25,
    "danger_f1": 0.22222222222222224,
    "danger_tp": 2.0,
    "danger_fp": 8.0,
    "danger_fn": 6.0,
    "danger_tn": 115.0,
    "clf_auc_roc": 0.6465880588355862,
    "clf_auc_pr": 0.6185575494582394,
    "clf_f1": 0.6457613606165293,
    "clf_precision": 0.5085809962327333,
    "clf_recall": 0.8842794759825328,
    "clf_threshold": 0.3821807437391853,
    "clf_n_pairs": 3050.0,
    "clf_n_pos": 1374.0,
    "clf_n_neg": 1676.0
  },
  "RF_Dir": {
    "mae": 10.521734442465895,
    "rmse": 17.441740046752457,
    "pearson_r": 0.9497278650884915,
    "spearman_r": 0.7229228443650958,
    "n_dirs": 131.0,
    "danger_precision": 0.1875,
    "danger_recall": 0.75,
    "danger_f1": 0.3,
    "danger_tp": 6.0,
    "danger_fp": 26.0,
    "danger_fn": 2.0,
    "danger_tn": 97.0,
    "clf_auc_roc": 0.7936001622355855,
    "clf_auc_pr": 0.8036124984160217,
    "clf_f1": 0.694254242334028,
    "clf_precision": 0.5874055415617129,
    "clf_recall": 0.8486171761280932,
    "clf_threshold": 0.11404597064525063,
    "clf_n_pairs": 3050.0,
    "clf_n_pos": 1374.0,
    "clf_n_neg": 1676.0
  }
}