{
  "Naive": {
    "mae": 8.8,
    "rmse": 15.46509717943055,
    "pearson_r": 0.9519592319978466,
    "spearman_r": 0.7411160389668063,
    "n_dirs": 130.0,
    "danger_precision": 1.0,
    "danger_recall": 0.4,
    "danger_f1": 0.5714285714285715,
    "danger_tp": 2.0,
    "danger_fp": 0.0,
    "danger_fn": 3.0,
    "danger_tn": 125.0
  },
  "Linear": {
    "mae": 5.912751677852349,
    "rmse": 8.408519879400117,
    "pearson_r": 0.8920491286337133,
    "spearman_r": 0.5688522984421412,
    "n_dirs": 149.0,
    "danger_precision": 0.21052631578947367,
    "danger_recall": 0.6666666666666666,
    "danger_f1": 0.32,
    "danger_tp": 4.0,
    "danger_fp": 15.0,
    "danger_fn": 2.0,
    "danger_tn": 128.0
  },
  "RF": {
    "mae": 5.252846153846153,
    "rmse": 7.681827556993492,
    "pearson_r": 0.9510962455905491,
    "spearman_r": 0.7336565466585483,
    "n_dirs": 130.0,
    "danger_precision": 1.0,
    "danger_recall": 0.4,
    "danger_f1": 0.5714285714285715,
    "danger_tp": 2.0,
    "danger_fp": 0.0,
    "danger_fn": 3.0,
    "danger_tn": 125.0,
    "clf_auc_roc": 0.6421262695391127,
    "clf_auc_pr": 0.5025882719018665,
    "clf_f1": 0.5982545892266025,
    "clf_precision": 0.45429616087751373,
    "clf_recall": 0.8757709251101321,
    "clf_threshold": 0.72,
    "clf_n_pairs": 3050.0,
    "clf_n_pos": 1135.0,
    "clf_n_neg": 1915.0
  },
  "IRL_VariantA": {
    "mae": NaN,
    "rmse": NaN,
    "n_dirs": 0,
    "danger_precision": 0.0,
    "danger_recall": 0.0,
    "danger_f1": 0.0
  },
  "IRL_VariantA_scaled": {
    "mae": NaN,
    "rmse": NaN,
    "n_dirs": 0,
    "danger_precision": 0.0,
    "danger_recall": 0.0,
    "danger_f1": 0.0
  },
  "IRL_VariantB": {
    "mae": NaN,
    "rmse": NaN,
    "n_dirs": 0,
    "danger_precision": 0.0,
    "danger_recall": 0.0,
    "danger_f1": 0.0
  },
  "IRL_Dir": {
    "mae": 7.360446545718094,
    "rmse": 11.511868036994835,
    "pearson_r": 0.9621328724795487,
    "spearman_r": 0.78507994624387,
    "n_dirs": 130.0,
    "danger_precision": 0.10869565217391304,
    "danger_recall": 1.0,
    "danger_f1": 0.19607843137254902,
    "danger_tp": 5.0,
    "danger_fp": 41.0,
    "danger_fn": 0.0,
    "danger_tn": 84.0,
    "clf_auc_roc": 0.7441241761654455,
    "clf_auc_pr": 0.6312412845727604,
    "clf_f1": 0.6545454545454545,
    "clf_precision": 0.6044776119402985,
    "clf_recall": 0.7136563876651982,
    "clf_threshold": 0.018145564943552017,
    "clf_n_pairs": 3050.0,
    "clf_n_pos": 1135.0,
    "clf_n_neg": 1915.0
  },
  "RF_Dir": {
    "mae": 7.576858827470897,
    "rmse": 12.305118361388178,
    "pearson_r": 0.9598244259933737,
    "spearman_r": 0.7406348055415972,
    "n_dirs": 130.0,
    "danger_precision": 0.11428571428571428,
    "danger_recall": 0.8,
    "danger_f1": 0.19999999999999998,
    "danger_tp": 4.0,
    "danger_fp": 31.0,
    "danger_fn": 1.0,
    "danger_tn": 94.0,
    "clf_auc_roc": 0.7732140187023384,
    "clf_auc_pr": 0.7015490401725519,
    "clf_f1": 0.6428571428571429,
    "clf_precision": 0.6144578313253012,
    "clf_recall": 0.6740088105726872,
    "clf_threshold": 0.21132717300255666,
    "clf_n_pairs": 3050.0,
    "clf_n_pos": 1135.0,
    "clf_n_neg": 1915.0
  }
}