{
  "auc_roc": 0.7826825127334466,
  "auc_pr": 0.8135657263160395,
  "optimal_threshold": 0.09214060008525848,
  "threshold_source": "train_data",
  "precision": 0.6666666666666666,
  "recall": 0.5806451612903226,
  "f1_score": 0.6206896551724138,
  "positive_count": 31,
  "negative_count": 38,
  "total_count": 69
}