{
  "threshold": 0.3076171875,
  "precision": 0.6663326653306614,
  "recall": 0.535426731078905,
  "f1": 0.5937499999505933,
  "metric": "f1",
  "positive_rate": 0.10586430276167746,
  "method": "f1_maximization_on_train_data",
  "train_prediction_stats": {
    "min": 0.00012123966007493436,
    "max": 0.9994926452636719,
    "mean": 0.08346750566467209,
    "std": 0.19674556504919216,
    "median": 0.003976208623498678
  }
}