{
  "experience_days": 0.034411363303661346,
  "total_changes": 0.025767166167497635,
  "total_reviews": 0.015520189888775349,
  "recent_activity_frequency": 0.03150707483291626,
  "avg_activity_gap": 0.039353057742118835,
  "activity_trend": 0.030606769025325775,
  "collaboration_score": 0.018949052318930626,
  "code_quality_score": 0.038635723292827606,
  "recent_acceptance_rate": 0.02182009443640709,
  "review_load": 0.05026271194219589,
  "days_since_last_activity": 0.07133221626281738,
  "acceptance_trend": 0.05254892632365227,
  "reciprocity_score": 0.03702325001358986,
  "load_trend": 0.027251778170466423,
  "core_reviewer_ratio": 0.0162825770676136,
  "avg_action_intensity": 0.07562599331140518,
  "avg_change_lines": 0.13615737855434418,
  "avg_response_time": 0.06355053186416626,
  "avg_review_size": 0.12181271612644196,
  "repeat_collaboration_rate": 0.09158141911029816
}