{
  "auc_roc": 0.675,
  "auc_pr": 0.8798516534257294,
  "optimal_threshold": 0.7992414236068726,
  "threshold_source": "train_data",
  "precision": 0.8666666666666667,
  "recall": 0.4642857142857143,
  "f1_score": 0.6046511627906976,
  "positive_count": 28,
  "negative_count": 10,
  "total_count": 38
}