{
  "experience_days": 0.010374524630606174,
  "total_changes": 0.03053254820406437,
  "total_reviews": 0.011716773733496666,
  "recent_activity_frequency": 0.04164883866906166,
  "avg_activity_gap": 0.04212094843387604,
  "activity_trend": 0.07710225135087967,
  "collaboration_score": 0.021661872044205666,
  "code_quality_score": 0.015633899718523026,
  "recent_acceptance_rate": 0.017121238633990288,
  "review_load": 0.029142487794160843,
  "days_since_last_activity": 0.04372936487197876,
  "acceptance_trend": 0.03315109759569168,
  "reciprocity_score": 0.024265356361865997,
  "load_trend": 0.03496231511235237,
  "core_reviewer_ratio": 0.015146651305258274,
  "recent_rejection_streak": 0.09060223400592804,
  "acceptance_rate_last10": 0.022224832326173782,
  "active_months_ratio": 0.026174724102020264,
  "response_time_trend": 0.04741676151752472,
  "avg_action_intensity": 0.09147534519433975,
  "avg_change_lines": 0.050619468092918396,
  "avg_response_time": 0.056450918316841125,
  "avg_review_size": 0.11202523112297058,
  "repeat_collaboration_rate": 0.054700348526239395
}