{
  "auc_roc": 0.790909090909091,
  "auc_pr": 0.6895730372756552,
  "optimal_threshold": 0.9802476167678833,
  "threshold_source": "train_data",
  "precision": 0.7058823529411765,
  "recall": 0.5454545454545454,
  "f1_score": 0.6153846153846154,
  "positive_count": 22,
  "negative_count": 25,
  "total_count": 47
}