{
  "threshold": 0.020664367824792862,
  "precision": 0.3261888814467515,
  "recall": 0.4530232558139535,
  "f1": 0.37928348904789794,
  "metric": "f1",
  "positive_rate": 0.09162973065121037,
  "method": "f1_maximization_on_train_data",
  "train_prediction_stats": {
    "min": 0.010211165063083172,
    "max": 0.9384645223617554,
    "mean": 0.06869852160322082,
    "std": 0.19432221718059103,
    "median": 0.014804215636104345
  }
}