{
  "experience_days": 0.035512953996658325,
  "total_changes": 0.025703879073262215,
  "total_reviews": 0.029367439448833466,
  "recent_activity_frequency": 0.09484511613845825,
  "avg_activity_gap": 0.032578244805336,
  "activity_trend": 0.12824440002441406,
  "collaboration_score": 0.009029083885252476,
  "code_quality_score": 0.00298354122787714,
  "recent_acceptance_rate": 0.055779289454221725,
  "review_load": 0.03738635778427124,
  "days_since_last_activity": 0.030729910358786583,
  "acceptance_trend": 0.03555605560541153,
  "reciprocity_score": 0.07488536834716797,
  "load_trend": 0.02179264836013317,
  "core_reviewer_ratio": 0.06893852353096008,
  "recent_rejection_streak": 0.08061070740222931,
  "acceptance_rate_last10": 0.04764368757605553,
  "active_months_ratio": 0.016568463295698166,
  "response_time_trend": 0.06324166804552078,
  "avg_action_intensity": 0.02169223688542843,
  "avg_change_lines": 0.016708554700016975,
  "avg_response_time": 0.019374560564756393,
  "avg_review_size": 0.03562742844223976,
  "repeat_collaboration_rate": 0.015199857763946056
}