{
  "auc_roc": 0.6071428571428571,
  "auc_pr": 0.8322174671058188,
  "optimal_threshold": 0.020877815783023834,
  "threshold_source": "train_data",
  "precision": 0.7297297297297297,
  "recall": 0.9642857142857143,
  "f1_score": 0.8307692307692308,
  "positive_count": 28,
  "negative_count": 10,
  "total_count": 38
}