{
  "experience_days": 0.018968505784869194,
  "total_changes": 0.02184189110994339,
  "total_reviews": 0.02932434342801571,
  "recent_activity_frequency": 0.031081948429346085,
  "avg_activity_gap": 0.040146343410015106,
  "activity_trend": 0.08964025974273682,
  "collaboration_score": 0.013485957868397236,
  "code_quality_score": 0.013400506228208542,
  "recent_acceptance_rate": 0.022162897512316704,
  "review_load": 0.01915658824145794,
  "days_since_last_activity": 0.01969246007502079,
  "acceptance_trend": 0.021931100636720657,
  "reciprocity_score": 0.03806982561945915,
  "load_trend": 0.021998917683959007,
  "core_reviewer_ratio": 0.027949867770075798,
  "recent_rejection_streak": 0.032252922654151917,
  "acceptance_rate_last10": 0.031492266803979874,
  "active_months_ratio": 0.03623392432928085,
  "response_time_trend": 0.04957737773656845,
  "avg_action_intensity": 0.06554239988327026,
  "avg_change_lines": 0.03262379392981529,
  "avg_response_time": 0.09234102070331573,
  "avg_review_size": 0.15067459642887115,
  "repeat_collaboration_rate": 0.08041028678417206
}