{
  "Naive": {
    "mae": 7.558139534883721,
    "rmse": 15.490282024847136,
    "pearson_r": 0.9620498998254052,
    "spearman_r": 0.7870040536792128,
    "n_dirs": 215.0,
    "danger_precision": 0.6153846153846154,
    "danger_recall": 0.3333333333333333,
    "danger_f1": 0.43243243243243246,
    "danger_tp": 8.0,
    "danger_fp": 5.0,
    "danger_fn": 16.0,
    "danger_tn": 186.0
  },
  "Linear": {
    "mae": 5.266949152542373,
    "rmse": 7.901017837122226,
    "pearson_r": 0.9201963140457219,
    "spearman_r": 0.5588230131913129,
    "n_dirs": 236.0,
    "danger_precision": 0.2765957446808511,
    "danger_recall": 0.5,
    "danger_f1": 0.3561643835616438,
    "danger_tp": 13.0,
    "danger_fp": 34.0,
    "danger_fn": 13.0,
    "danger_tn": 176.0
  },
  "RF": {
    "mae": 4.370093023255814,
    "rmse": 6.9931702562255795,
    "pearson_r": 0.95716956271122,
    "spearman_r": 0.7883195821604874,
    "n_dirs": 215.0,
    "danger_precision": 0.47058823529411764,
    "danger_recall": 0.3333333333333333,
    "danger_f1": 0.39024390243902435,
    "danger_tp": 8.0,
    "danger_fp": 9.0,
    "danger_fn": 16.0,
    "danger_tn": 182.0,
    "clf_auc_roc": 0.6507038271821568,
    "clf_auc_pr": 0.4202923518499805,
    "clf_f1": 0.5491642084562438,
    "clf_precision": 0.43094135802469136,
    "clf_recall": 0.7567750677506775,
    "clf_threshold": 0.81,
    "clf_n_pairs": 4534.0,
    "clf_n_pos": 1476.0,
    "clf_n_neg": 3058.0
  },
  "IRL_VariantA": {
    "mae": NaN,
    "rmse": NaN,
    "n_dirs": 0,
    "danger_precision": 0.0,
    "danger_recall": 0.0,
    "danger_f1": 0.0
  },
  "IRL_VariantA_scaled": {
    "mae": NaN,
    "rmse": NaN,
    "n_dirs": 0,
    "danger_precision": 0.0,
    "danger_recall": 0.0,
    "danger_f1": 0.0
  },
  "IRL_VariantB": {
    "mae": NaN,
    "rmse": NaN,
    "n_dirs": 0,
    "danger_precision": 0.0,
    "danger_recall": 0.0,
    "danger_f1": 0.0
  },
  "IRL_Dir": {
    "mae": 6.836680064308598,
    "rmse": 12.469049322798432,
    "pearson_r": 0.9573580870838547,
    "spearman_r": 0.7095854954906141,
    "n_dirs": 215.0,
    "danger_precision": 0.19298245614035087,
    "danger_recall": 0.9166666666666666,
    "danger_f1": 0.3188405797101449,
    "danger_tp": 22.0,
    "danger_fp": 92.0,
    "danger_fn": 2.0,
    "danger_tn": 99.0,
    "clf_auc_roc": 0.7641584071988529,
    "clf_auc_pr": 0.6582282600633839,
    "clf_f1": 0.6131157828679008,
    "clf_precision": 0.571011104617183,
    "clf_recall": 0.6619241192411924,
    "clf_threshold": 0.12126091867685318,
    "clf_n_pairs": 4534.0,
    "clf_n_pos": 1476.0,
    "clf_n_neg": 3058.0
  },
  "IRL_Dir_calibrated": {
    "mae": 4.828572884834613,
    "rmse": 8.45488062292655,
    "pearson_r": 0.9681872425743069,
    "spearman_r": 0.7795389501360719,
    "n_dirs": 215.0,
    "danger_precision": 0.32727272727272727,
    "danger_recall": 0.75,
    "danger_f1": 0.4556962025316456,
    "danger_tp": 18.0,
    "danger_fp": 37.0,
    "danger_fn": 6.0,
    "danger_tn": 154.0,
    "clf_auc_roc": 0.764864937318438,
    "clf_auc_pr": 0.6622320434107867,
    "clf_f1": 0.6124920331421287,
    "clf_precision": 0.5782190132370638,
    "clf_recall": 0.6510840108401084,
    "clf_threshold": 0.3333333333333333,
    "clf_n_pairs": 4534.0,
    "clf_n_pos": 1476.0,
    "clf_n_neg": 3058.0
  },
  "RF_Dir": {
    "mae": 6.029503114418298,
    "rmse": 11.455428136474136,
    "pearson_r": 0.9642331512096006,
    "spearman_r": 0.7761401663964952,
    "n_dirs": 215.0,
    "danger_precision": 0.24444444444444444,
    "danger_recall": 0.9166666666666666,
    "danger_f1": 0.3859649122807018,
    "danger_tp": 22.0,
    "danger_fp": 68.0,
    "danger_fn": 2.0,
    "danger_tn": 123.0,
    "clf_auc_roc": 0.775266261491915,
    "clf_auc_pr": 0.6615764311081007,
    "clf_f1": 0.6123058542413381,
    "clf_precision": 0.5475427350427351,
    "clf_recall": 0.6944444444444444,
    "clf_threshold": 0.20738923107490564,
    "clf_n_pairs": 4534.0,
    "clf_n_pos": 1476.0,
    "clf_n_neg": 3058.0
  }
}