{
  "threshold": 0.052600108087062836,
  "precision": 0.8571428571428571,
  "recall": 0.8571428571428571,
  "f1": 0.8571428570928571,
  "metric": "f1"
}