{
  "feature_importance": {
    "window_tenure_days": 0.0194286210425516,
    "total_changes": 0.015088752838224468,
    "total_reviews": 0.037162050327689475,
    "recent_activity_frequency": 0.03176051675406682,
    "avg_activity_gap": 0.02750644010218629,
    "activity_trend": 0.018079734301012,
    "unique_collaborator_count": 0.02504472730345179,
    "overall_acceptance_rate": 0.019089484811730274,
    "recent_acceptance_rate": 0.012595211588547898,
    "recent_load_ratio_30d_all": 0.019541964113565315,
    "days_since_last_activity": 0.02633458142133921,
    "reciprocity_score": 0.01344975252274948,
    "recent_load_ratio_7d_30d": 0.007561266809262798,
    "core_reviewer_ratio": 0.05292074289882245,
    "acceptance_rate_last10": 0.010683096053070369,
    "active_months_ratio": 0.021867729042185584,
    "response_time_trend": 0.022159835857957406,
    "reviewer_owner_ratio": 0.015017604916395177,
    "n_projects": 0.010138434399919106,
    "cross_project_review_share": 0.012763173798245741,
    "same_domain_share": 0.011909923086966432,
    "path_review_count": 0.15841146967819306,
    "path_recency": 0.13220511489532974,
    "path_acceptance_rate": 0.05485357457162785,
    "path_lcp_similarity": 0.0,
    "path_owner_overlap": 0.1212069173097315,
    "avg_action_intensity": 0.01855972444929344,
    "avg_change_lines": 0.018561812958793902,
    "avg_response_time": 0.02881335295222632,
    "avg_review_size": 0.018729771145882843,
    "repeat_collaboration_rate": 0.018554618048981824
  }
}