{
  "Naive": {
    "mae": 6.955,
    "rmse": 13.079946483070946,
    "pearson_r": 0.9656479238546107,
    "spearman_r": 0.729611671419977,
    "n_dirs": 200.0,
    "danger_precision": 0.4,
    "danger_recall": 0.25,
    "danger_f1": 0.3076923076923077,
    "danger_tp": 4.0,
    "danger_fp": 6.0,
    "danger_fn": 12.0,
    "danger_tn": 178.0
  },
  "Linear": {
    "mae": 5.5169753086419755,
    "rmse": 7.669718930793112,
    "pearson_r": 0.9282531626692283,
    "spearman_r": 0.5285139971746808,
    "n_dirs": 216.0,
    "danger_precision": 0.2,
    "danger_recall": 0.5,
    "danger_f1": 0.28571428571428575,
    "danger_tp": 8.0,
    "danger_fp": 32.0,
    "danger_fn": 8.0,
    "danger_tn": 168.0
  },
  "RF": {
    "mae": 3.7987,
    "rmse": 5.746102070099346,
    "pearson_r": 0.9636811024033098,
    "spearman_r": 0.7480075823037305,
    "n_dirs": 200.0,
    "danger_precision": 0.3076923076923077,
    "danger_recall": 0.25,
    "danger_f1": 0.27586206896551724,
    "danger_tp": 4.0,
    "danger_fp": 9.0,
    "danger_fn": 12.0,
    "danger_tn": 175.0,
    "clf_auc_roc": 0.6744124914792093,
    "clf_auc_pr": 0.501877860764169,
    "clf_f1": 0.5712868832134887,
    "clf_precision": 0.47348951911220716,
    "clf_recall": 0.72,
    "clf_threshold": 0.84,
    "clf_n_pairs": 4534.0,
    "clf_n_pos": 1600.0,
    "clf_n_neg": 2934.0
  },
  "IRL_VariantA": {
    "mae": NaN,
    "rmse": NaN,
    "n_dirs": 0,
    "danger_precision": 0.0,
    "danger_recall": 0.0,
    "danger_f1": 0.0
  },
  "IRL_VariantA_scaled": {
    "mae": NaN,
    "rmse": NaN,
    "n_dirs": 0,
    "danger_precision": 0.0,
    "danger_recall": 0.0,
    "danger_f1": 0.0
  },
  "IRL_VariantB": {
    "mae": NaN,
    "rmse": NaN,
    "n_dirs": 0,
    "danger_precision": 0.0,
    "danger_recall": 0.0,
    "danger_f1": 0.0
  },
  "IRL_Dir": {
    "mae": 8.227783343276837,
    "rmse": 15.26111445963103,
    "pearson_r": 0.9712617835383334,
    "spearman_r": 0.7389020240423781,
    "n_dirs": 200.0,
    "danger_precision": 0.14942528735632185,
    "danger_recall": 0.8125,
    "danger_f1": 0.2524271844660194,
    "danger_tp": 13.0,
    "danger_fp": 74.0,
    "danger_fn": 3.0,
    "danger_tn": 110.0,
    "clf_auc_roc": 0.7563856935923654,
    "clf_auc_pr": 0.677127946084646,
    "clf_f1": 0.6160427807486631,
    "clf_precision": 0.5383177570093458,
    "clf_recall": 0.72,
    "clf_threshold": 0.10007473081350327,
    "clf_n_pairs": 4534.0,
    "clf_n_pos": 1600.0,
    "clf_n_neg": 2934.0
  },
  "IRL_Dir_calibrated": {
    "mae": 6.134640225281572,
    "rmse": 10.870285595124159,
    "pearson_r": 0.9751016551751598,
    "spearman_r": 0.7528220019612863,
    "n_dirs": 200.0,
    "danger_precision": 0.21951219512195122,
    "danger_recall": 0.5625,
    "danger_f1": 0.3157894736842105,
    "danger_tp": 9.0,
    "danger_fp": 32.0,
    "danger_fn": 7.0,
    "danger_tn": 152.0,
    "clf_auc_roc": 0.7582568592365372,
    "clf_auc_pr": 0.6840345803119641,
    "clf_f1": 0.614777806994478,
    "clf_precision": 0.5306400363141172,
    "clf_recall": 0.730625,
    "clf_threshold": 0.25360282597180406,
    "clf_n_pairs": 4534.0,
    "clf_n_pos": 1600.0,
    "clf_n_neg": 2934.0
  },
  "RF_Dir": {
    "mae": 7.875038829026871,
    "rmse": 14.950249271997302,
    "pearson_r": 0.9760313568822098,
    "spearman_r": 0.7663143056272921,
    "n_dirs": 200.0,
    "danger_precision": 0.14772727272727273,
    "danger_recall": 0.8125,
    "danger_f1": 0.25000000000000006,
    "danger_tp": 13.0,
    "danger_fp": 75.0,
    "danger_fn": 3.0,
    "danger_tn": 109.0,
    "clf_auc_roc": 0.7923320339127471,
    "clf_auc_pr": 0.7320620505248501,
    "clf_f1": 0.642068564787914,
    "clf_precision": 0.5998914223669924,
    "clf_recall": 0.690625,
    "clf_threshold": 0.19361453979978616,
    "clf_n_pairs": 4534.0,
    "clf_n_pos": 1600.0,
    "clf_n_neg": 2934.0
  }
}