{
  "experience_days": 0.04425674304366112,
  "total_changes": 0.013156283646821976,
  "total_reviews": 0.052143294364213943,
  "recent_activity_frequency": 0.050353143364191055,
  "avg_activity_gap": 0.04688742011785507,
  "activity_trend": 0.04608234390616417,
  "collaboration_score": 0.03750581666827202,
  "code_quality_score": 0.023103203624486923,
  "recent_acceptance_rate": 0.01979058049619198,
  "review_load": 0.05794709548354149,
  "days_since_last_activity": 0.0684443786740303,
  "acceptance_trend": 0.023428121581673622,
  "reciprocity_score": 0.0757189616560936,
  "load_trend": 0.04146696999669075,
  "core_reviewer_ratio": 0.02802143804728985,
  "recent_rejection_streak": 0.10741705447435379,
  "acceptance_rate_last10": 0.00960497185587883,
  "active_months_ratio": 0.03868230804800987,
  "response_time_trend": 0.0337027981877327,
  "complex_pr_bias": 0.07321436703205109,
  "avg_action_intensity": 0.02039286494255066,
  "avg_change_lines": 0.01584397815167904,
  "avg_response_time": 0.025155432522296906,
  "avg_review_size": 0.03251459449529648,
  "repeat_collaboration_rate": 0.015165808610618114
}