{
  "feature_importance": {
    "window_tenure_days": 0.019180283624973128,
    "total_changes": 0.012497774339717535,
    "total_reviews": 0.03681852419866805,
    "recent_activity_frequency": 0.027237132893764796,
    "avg_activity_gap": 0.023174815534830487,
    "activity_trend": 0.01715496148934644,
    "unique_collaborator_count": 0.011135952596852803,
    "overall_acceptance_rate": 0.018195524112205066,
    "recent_acceptance_rate": 0.010024640820518328,
    "recent_load_ratio_30d_all": 0.022572276608899332,
    "days_since_last_activity": 0.025245596397313042,
    "reciprocity_score": 0.014588585526710426,
    "recent_load_ratio_7d_30d": 0.008580534806336712,
    "core_reviewer_ratio": 0.0380200726773259,
    "acceptance_rate_last10": 0.010667224993983766,
    "active_months_ratio": 0.016282274508021354,
    "response_time_trend": 0.016742290523390532,
    "reviewer_owner_ratio": 0.012529451496372628,
    "n_projects": 0.00832316300344472,
    "cross_project_review_share": 0.011302286178094,
    "same_domain_share": 0.013239505519138524,
    "path_review_count": 0.14769068293509358,
    "path_recency": 0.11737637443619395,
    "path_acceptance_rate": 0.050713349896375,
    "path_lcp_similarity": 0.0,
    "path_owner_overlap": 0.09391420086199488,
    "path_hub_score": 0.04893748934818854,
    "path_neighbor_coverage": 0.05396850682462442,
    "avg_action_intensity": 0.02354913080350494,
    "avg_change_lines": 0.02197512729564014,
    "avg_response_time": 0.023780139993655105,
    "avg_review_size": 0.01903727699715525,
    "repeat_collaboration_rate": 0.025544848757666584
  }
}