{
  "Naive": {
    "mae": 5.973684210526316,
    "rmse": 10.266193882939541,
    "pearson_r": 0.9666075191958611,
    "spearman_r": 0.7265015932218002,
    "n_dirs": 228.0,
    "danger_precision": 0.4166666666666667,
    "danger_recall": 0.21739130434782608,
    "danger_f1": 0.2857142857142857,
    "danger_tp": 5.0,
    "danger_fp": 7.0,
    "danger_fn": 18.0,
    "danger_tn": 198.0
  },
  "Linear": {
    "mae": 5.854082998661311,
    "rmse": 8.317307213637898,
    "pearson_r": 0.9227607723210398,
    "spearman_r": 0.5484079222863182,
    "n_dirs": 249.0,
    "danger_precision": 0.15217391304347827,
    "danger_recall": 0.2692307692307692,
    "danger_f1": 0.19444444444444445,
    "danger_tp": 7.0,
    "danger_fp": 39.0,
    "danger_fn": 19.0,
    "danger_tn": 184.0
  },
  "RF": {
    "mae": 4.350219298245614,
    "rmse": 6.042727650336423,
    "pearson_r": 0.9630127347571152,
    "spearman_r": 0.7378070973413875,
    "n_dirs": 228.0,
    "danger_precision": 0.4166666666666667,
    "danger_recall": 0.21739130434782608,
    "danger_f1": 0.2857142857142857,
    "danger_tp": 5.0,
    "danger_fp": 7.0,
    "danger_fn": 18.0,
    "danger_tn": 198.0,
    "clf_auc_roc": 0.6804893609339441,
    "clf_auc_pr": 0.664103676505063,
    "clf_f1": 0.6361287291519849,
    "clf_precision": 0.5604304635761589,
    "clf_recall": 0.7354698533405758,
    "clf_threshold": 0.97,
    "clf_n_pairs": 4534.0,
    "clf_n_pos": 1841.0,
    "clf_n_neg": 2693.0
  },
  "IRL_VariantA": {
    "mae": NaN,
    "rmse": NaN,
    "n_dirs": 0,
    "danger_precision": 0.0,
    "danger_recall": 0.0,
    "danger_f1": 0.0
  },
  "IRL_VariantA_scaled": {
    "mae": NaN,
    "rmse": NaN,
    "n_dirs": 0,
    "danger_precision": 0.0,
    "danger_recall": 0.0,
    "danger_f1": 0.0
  },
  "IRL_VariantB": {
    "mae": NaN,
    "rmse": NaN,
    "n_dirs": 0,
    "danger_precision": 0.0,
    "danger_recall": 0.0,
    "danger_f1": 0.0
  },
  "IRL_Dir": {
    "mae": 9.284318701719078,
    "rmse": 17.609795636131423,
    "pearson_r": 0.9634302181868023,
    "spearman_r": 0.7340343159310017,
    "n_dirs": 228.0,
    "danger_precision": 0.18487394957983194,
    "danger_recall": 0.9565217391304348,
    "danger_f1": 0.3098591549295775,
    "danger_tp": 22.0,
    "danger_fp": 97.0,
    "danger_fn": 1.0,
    "danger_tn": 108.0,
    "clf_auc_roc": 0.7856774751286505,
    "clf_auc_pr": 0.7663572093971199,
    "clf_f1": 0.6708511172483053,
    "clf_precision": 0.6237161531279178,
    "clf_recall": 0.7256925583921782,
    "clf_threshold": 0.08090782910585403,
    "clf_n_pairs": 4534.0,
    "clf_n_pos": 1841.0,
    "clf_n_neg": 2693.0
  },
  "IRL_Dir_calibrated": {
    "mae": 6.289160924535702,
    "rmse": 11.180745671396167,
    "pearson_r": 0.9717606261260043,
    "spearman_r": 0.7562910702377599,
    "n_dirs": 228.0,
    "danger_precision": 0.2978723404255319,
    "danger_recall": 0.6086956521739131,
    "danger_f1": 0.39999999999999997,
    "danger_tp": 14.0,
    "danger_fp": 33.0,
    "danger_fn": 9.0,
    "danger_tn": 172.0,
    "clf_auc_roc": 0.7890850259983585,
    "clf_auc_pr": 0.7707302625702164,
    "clf_f1": 0.6708511172483053,
    "clf_precision": 0.6237161531279178,
    "clf_recall": 0.7256925583921782,
    "clf_threshold": 0.3045688687917226,
    "clf_n_pairs": 4534.0,
    "clf_n_pos": 1841.0,
    "clf_n_neg": 2693.0
  },
  "RF_Dir": {
    "mae": 8.53965193887114,
    "rmse": 16.124683914350236,
    "pearson_r": 0.9652455555994441,
    "spearman_r": 0.7452323552795719,
    "n_dirs": 228.0,
    "danger_precision": 0.21505376344086022,
    "danger_recall": 0.8695652173913043,
    "danger_f1": 0.3448275862068966,
    "danger_tp": 20.0,
    "danger_fp": 73.0,
    "danger_fn": 3.0,
    "danger_tn": 132.0,
    "clf_auc_roc": 0.7880439419558583,
    "clf_auc_pr": 0.7688296056450581,
    "clf_f1": 0.6631578947368421,
    "clf_precision": 0.6431852986217458,
    "clf_recall": 0.6844106463878327,
    "clf_threshold": 0.19777505068829368,
    "clf_n_pairs": 4534.0,
    "clf_n_pos": 1841.0,
    "clf_n_neg": 2693.0
  }
}