{
  "threshold": 0.07764975726604462,
  "precision": 0.7391304347826086,
  "recall": 0.7727272727272727,
  "f1": 0.7555555555055802,
  "metric": "f1"
}