{
  "experience_days": 0.04826265573501587,
  "total_changes": 0.020108582451939583,
  "total_reviews": 0.017493247985839844,
  "recent_activity_frequency": 0.03561507537961006,
  "avg_activity_gap": 0.10739631205797195,
  "activity_trend": 0.026047036051750183,
  "collaboration_score": 0.05278316140174866,
  "code_quality_score": 0.0658503845334053,
  "recent_acceptance_rate": 0.031335629522800446,
  "review_load": 0.07419423013925552,
  "days_since_last_activity": 0.033564407378435135,
  "acceptance_trend": 0.06959083676338196,
  "reciprocity_score": 0.030484475195407867,
  "load_trend": 0.046074166893959045,
  "core_reviewer_ratio": 0.03328325226902962,
  "avg_action_intensity": 0.06843922287225723,
  "avg_change_lines": 0.04121555760502815,
  "avg_response_time": 0.033539582043886185,
  "avg_review_size": 0.12025038152933121,
  "repeat_collaboration_rate": 0.044471826404333115
}