{
  "auc_roc": 0.8042986425339367,
  "auc_pr": 0.7722818311415856,
  "optimal_threshold": 0.26541268825531006,
  "threshold_source": "train_data",
  "precision": 0.7037037037037037,
  "recall": 0.7307692307692307,
  "f1_score": 0.7169811320754716,
  "positive_count": 26,
  "negative_count": 34,
  "total_count": 60
}