{
  "feature_importance": {
    "window_tenure_days": 0.019511862626322648,
    "total_changes": 0.013406597713940394,
    "total_reviews": 0.02865412953007088,
    "recent_activity_frequency": 0.039433383478487675,
    "avg_activity_gap": 0.023963800810727322,
    "activity_trend": 0.018915953830739265,
    "unique_collaborator_count": 0.013320623729626248,
    "overall_acceptance_rate": 0.01918340023756506,
    "recent_acceptance_rate": 0.011644932401282646,
    "recent_load_ratio_30d_all": 0.029749218028858316,
    "days_since_last_activity": 0.02666005303814571,
    "reciprocity_score": 0.013865395838143908,
    "recent_load_ratio_7d_30d": 0.009290144695055142,
    "core_reviewer_ratio": 0.040327709179570195,
    "acceptance_rate_last10": 0.010988944494821398,
    "active_months_ratio": 0.01663902607028063,
    "response_time_trend": 0.019469878900364886,
    "reviewer_owner_ratio": 0.014537822225528138,
    "n_projects": 0.010246905315828178,
    "cross_project_review_share": 0.016856022698955767,
    "same_domain_share": 0.012597481834680886,
    "path_review_count": 0.13967786118432063,
    "path_recency": 0.10845261626332049,
    "path_acceptance_rate": 0.03915569468772465,
    "path_lcp_similarity": 0.0,
    "path_owner_overlap": 0.08796385415029126,
    "path_hub_score": 0.046358482798420746,
    "path_neighbor_coverage": 0.05116204010405304,
    "avg_action_intensity": 0.021320759781240237,
    "avg_change_lines": 0.023360225997447717,
    "avg_response_time": 0.03294900357080651,
    "avg_review_size": 0.01755402619622653,
    "repeat_collaboration_rate": 0.022782148587153012
  }
}