{
  "Naive": {
    "mae": 7.558139534883721,
    "rmse": 15.490282024847136,
    "pearson_r": 0.9620498998254055,
    "spearman_r": 0.7870040536792128,
    "n_dirs": 215.0,
    "danger_precision": 0.6153846153846154,
    "danger_recall": 0.3333333333333333,
    "danger_f1": 0.43243243243243246,
    "danger_tp": 8.0,
    "danger_fp": 5.0,
    "danger_fn": 16.0,
    "danger_tn": 186.0
  },
  "Linear": {
    "mae": 5.266949152542373,
    "rmse": 7.901017837122226,
    "pearson_r": 0.9201963140457218,
    "spearman_r": 0.5588230131913129,
    "n_dirs": 236.0,
    "danger_precision": 0.2765957446808511,
    "danger_recall": 0.5,
    "danger_f1": 0.3561643835616438,
    "danger_tp": 13.0,
    "danger_fp": 34.0,
    "danger_fn": 13.0,
    "danger_tn": 176.0
  },
  "RF": {
    "mae": 4.875860465116279,
    "rmse": 8.208588440532665,
    "pearson_r": 0.95767456877389,
    "spearman_r": 0.7882199804241673,
    "n_dirs": 215.0,
    "danger_precision": 0.5333333333333333,
    "danger_recall": 0.3333333333333333,
    "danger_f1": 0.4102564102564102,
    "danger_tp": 8.0,
    "danger_fp": 7.0,
    "danger_fn": 16.0,
    "danger_tn": 184.0,
    "clf_auc_roc": 0.6662176910356415,
    "clf_auc_pr": 0.4762639569074053,
    "clf_f1": 0.5485799701046338,
    "clf_precision": 0.43380614657210403,
    "clf_recall": 0.7459349593495935,
    "clf_threshold": 0.83,
    "clf_n_pairs": 4534.0,
    "clf_n_pos": 1476.0,
    "clf_n_neg": 3058.0
  },
  "IRL_VariantA": {
    "mae": NaN,
    "rmse": NaN,
    "n_dirs": 0,
    "danger_precision": 0.0,
    "danger_recall": 0.0,
    "danger_f1": 0.0
  },
  "IRL_VariantA_scaled": {
    "mae": NaN,
    "rmse": NaN,
    "n_dirs": 0,
    "danger_precision": 0.0,
    "danger_recall": 0.0,
    "danger_f1": 0.0
  },
  "IRL_VariantB": {
    "mae": NaN,
    "rmse": NaN,
    "n_dirs": 0,
    "danger_precision": 0.0,
    "danger_recall": 0.0,
    "danger_f1": 0.0
  },
  "IRL_Dir": {
    "mae": 7.577947091924782,
    "rmse": 13.392972297588178,
    "pearson_r": 0.9509417990503,
    "spearman_r": 0.7498978301695732,
    "n_dirs": 215.0,
    "danger_precision": 0.17293233082706766,
    "danger_recall": 0.9583333333333334,
    "danger_f1": 0.29299363057324834,
    "danger_tp": 23.0,
    "danger_fp": 110.0,
    "danger_fn": 1.0,
    "danger_tn": 81.0,
    "clf_auc_roc": 0.7519166484993823,
    "clf_auc_pr": 0.6398445719461687,
    "clf_f1": 0.6062052505966588,
    "clf_precision": 0.6101578586135896,
    "clf_recall": 0.6023035230352304,
    "clf_threshold": 0.08968495577573776,
    "clf_n_pairs": 4534.0,
    "clf_n_pos": 1476.0,
    "clf_n_neg": 3058.0
  },
  "IRL_Dir_calibrated": {
    "mae": 4.58298202316804,
    "rmse": 7.639622438121815,
    "pearson_r": 0.9700988499429386,
    "spearman_r": 0.8033985369996809,
    "n_dirs": 215.0,
    "danger_precision": 0.38461538461538464,
    "danger_recall": 0.8333333333333334,
    "danger_f1": 0.5263157894736842,
    "danger_tp": 20.0,
    "danger_fp": 32.0,
    "danger_fn": 4.0,
    "danger_tn": 159.0,
    "clf_auc_roc": 0.7540722410984736,
    "clf_auc_pr": 0.647090850476474,
    "clf_f1": 0.6054237288135593,
    "clf_precision": 0.6058344640434192,
    "clf_recall": 0.6050135501355014,
    "clf_threshold": 0.4444444444444444,
    "clf_n_pairs": 4534.0,
    "clf_n_pos": 1476.0,
    "clf_n_neg": 3058.0
  },
  "RF_Dir": {
    "mae": 6.364561893965727,
    "rmse": 11.918138887681941,
    "pearson_r": 0.9658414447843198,
    "spearman_r": 0.7844684463894536,
    "n_dirs": 215.0,
    "danger_precision": 0.23404255319148937,
    "danger_recall": 0.9166666666666666,
    "danger_f1": 0.3728813559322034,
    "danger_tp": 22.0,
    "danger_fp": 72.0,
    "danger_fn": 2.0,
    "danger_tn": 119.0,
    "clf_auc_roc": 0.7852701209320794,
    "clf_auc_pr": 0.6861105563890452,
    "clf_f1": 0.6281323087203475,
    "clf_precision": 0.6196440342781806,
    "clf_recall": 0.6368563685636857,
    "clf_threshold": 0.21,
    "clf_n_pairs": 4534.0,
    "clf_n_pos": 1476.0,
    "clf_n_neg": 3058.0
  }
}