{
  "Naive": {
    "mae": 7.607142857142857,
    "rmse": 12.90348790056394,
    "pearson_r": 0.965134244581811,
    "spearman_r": 0.7827821841758058,
    "n_dirs": 112.0,
    "danger_precision": 0.0,
    "danger_recall": 0.0,
    "danger_f1": 0.0,
    "danger_tp": 0.0,
    "danger_fp": 0.0,
    "danger_fn": 5.0,
    "danger_tn": 107.0
  },
  "Linear": {
    "mae": 6.366120218579234,
    "rmse": 9.01152874229584,
    "pearson_r": 0.9032722314918765,
    "spearman_r": 0.5767144781600878,
    "n_dirs": 122.0,
    "danger_precision": 0.13333333333333333,
    "danger_recall": 0.4,
    "danger_f1": 0.2,
    "danger_tp": 2.0,
    "danger_fp": 13.0,
    "danger_fn": 3.0,
    "danger_tn": 104.0
  },
  "RF": {
    "mae": 4.042232142857142,
    "rmse": 5.600693436020732,
    "pearson_r": 0.9664494879941589,
    "spearman_r": 0.8099887461101954,
    "n_dirs": 112.0,
    "danger_precision": 0.0,
    "danger_recall": 0.0,
    "danger_f1": 0.0,
    "danger_tp": 0.0,
    "danger_fp": 0.0,
    "danger_fn": 5.0,
    "danger_tn": 107.0,
    "clf_auc_roc": 0.6734307998482343,
    "clf_auc_pr": 0.5232301139036772,
    "clf_f1": 0.6259196378041879,
    "clf_precision": 0.47878787878787876,
    "clf_recall": 0.9035947712418301,
    "clf_threshold": 0.69,
    "clf_n_pairs": 3050.0,
    "clf_n_pos": 1224.0,
    "clf_n_neg": 1826.0
  },
  "IRL_VariantA": {
    "mae": NaN,
    "rmse": NaN,
    "n_dirs": 0,
    "danger_precision": 0.0,
    "danger_recall": 0.0,
    "danger_f1": 0.0
  },
  "IRL_VariantA_scaled": {
    "mae": NaN,
    "rmse": NaN,
    "n_dirs": 0,
    "danger_precision": 0.0,
    "danger_recall": 0.0,
    "danger_f1": 0.0
  },
  "IRL_VariantB": {
    "mae": NaN,
    "rmse": NaN,
    "n_dirs": 0,
    "danger_precision": 0.0,
    "danger_recall": 0.0,
    "danger_f1": 0.0
  },
  "IRL_Dir": {
    "mae": 7.882220834027976,
    "rmse": 12.364188599714302,
    "pearson_r": 0.9778549266560059,
    "spearman_r": 0.8274823577182128,
    "n_dirs": 112.0,
    "danger_precision": 0.09090909090909091,
    "danger_recall": 0.2,
    "danger_f1": 0.12500000000000003,
    "danger_tp": 1.0,
    "danger_fp": 10.0,
    "danger_fn": 4.0,
    "danger_tn": 97.0,
    "clf_auc_roc": 0.8104051679087115,
    "clf_auc_pr": 0.7970267175949381,
    "clf_f1": 0.7142284569138276,
    "clf_precision": 0.7010228166797797,
    "clf_recall": 0.7279411764705882,
    "clf_threshold": 0.3599945902824402,
    "clf_n_pairs": 3050.0,
    "clf_n_pos": 1224.0,
    "clf_n_neg": 1826.0
  },
  "RF_Dir": {
    "mae": 9.669138027567097,
    "rmse": 15.806565832157597,
    "pearson_r": 0.972606400050881,
    "spearman_r": 0.8383828730392052,
    "n_dirs": 112.0,
    "danger_precision": 0.09090909090909091,
    "danger_recall": 0.4,
    "danger_f1": 0.14814814814814814,
    "danger_tp": 2.0,
    "danger_fp": 20.0,
    "danger_fn": 3.0,
    "danger_tn": 87.0,
    "clf_auc_roc": 0.8066407788014804,
    "clf_auc_pr": 0.773842948018457,
    "clf_f1": 0.6876276031033075,
    "clf_precision": 0.6873469387755102,
    "clf_recall": 0.6879084967320261,
    "clf_threshold": 0.2759846485967858,
    "clf_n_pairs": 3050.0,
    "clf_n_pos": 1224.0,
    "clf_n_neg": 1826.0
  }
}