{
  "experience_days": 0.02359260804951191,
  "total_changes": 0.018640736117959023,
  "total_reviews": 0.01666964218020439,
  "recent_activity_frequency": 0.02228529565036297,
  "avg_activity_gap": 0.021560579538345337,
  "activity_trend": 0.0936477854847908,
  "collaboration_score": 0.021282974630594254,
  "code_quality_score": 0.017095696181058884,
  "recent_acceptance_rate": 0.021185418590903282,
  "review_load": 0.03509029373526573,
  "days_since_last_activity": 0.07998904585838318,
  "acceptance_trend": 0.031620219349861145,
  "reciprocity_score": 0.06047707423567772,
  "load_trend": 0.02111993543803692,
  "core_reviewer_ratio": 0.011750279925763607,
  "recent_rejection_streak": 0.05483648553490639,
  "acceptance_rate_last10": 0.03320574015378952,
  "active_months_ratio": 0.022137140855193138,
  "response_time_trend": 0.0419144444167614,
  "avg_action_intensity": 0.12369287759065628,
  "avg_change_lines": 0.04312383756041527,
  "avg_response_time": 0.05154130980372429,
  "avg_review_size": 0.051194094121456146,
  "repeat_collaboration_rate": 0.08234639465808868
}