{
  "auc_roc": 0.682142857142857,
  "auc_pr": 0.84193905929168,
  "optimal_threshold": 0.9588320851325989,
  "threshold_source": "train_data",
  "precision": 0.8421052631578947,
  "recall": 0.5714285714285714,
  "f1_score": 0.6808510638297872,
  "positive_count": 28,
  "negative_count": 10,
  "total_count": 38
}