{
  "Naive": {
    "mae": 6.955,
    "rmse": 13.079946483070946,
    "pearson_r": 0.9656479238546108,
    "spearman_r": 0.729611671419977,
    "n_dirs": 200.0,
    "danger_precision": 0.4,
    "danger_recall": 0.25,
    "danger_f1": 0.3076923076923077,
    "danger_tp": 4.0,
    "danger_fp": 6.0,
    "danger_fn": 12.0,
    "danger_tn": 178.0
  },
  "Linear": {
    "mae": 5.516975308641976,
    "rmse": 7.669718930793113,
    "pearson_r": 0.9282531626692284,
    "spearman_r": 0.5285139971746808,
    "n_dirs": 216.0,
    "danger_precision": 0.2,
    "danger_recall": 0.5,
    "danger_f1": 0.28571428571428575,
    "danger_tp": 8.0,
    "danger_fp": 32.0,
    "danger_fn": 8.0,
    "danger_tn": 168.0
  },
  "RF": {
    "mae": 4.581,
    "rmse": 7.148532506745703,
    "pearson_r": 0.9604975354694228,
    "spearman_r": 0.743080634303666,
    "n_dirs": 200.0,
    "danger_precision": 0.4,
    "danger_recall": 0.25,
    "danger_f1": 0.3076923076923077,
    "danger_tp": 4.0,
    "danger_fp": 6.0,
    "danger_fn": 12.0,
    "danger_tn": 178.0,
    "clf_auc_roc": 0.6679064417177913,
    "clf_auc_pr": 0.6114412049158062,
    "clf_f1": 0.5726915520628684,
    "clf_precision": 0.4716828478964401,
    "clf_recall": 0.72875,
    "clf_threshold": 0.98,
    "clf_n_pairs": 4534.0,
    "clf_n_pos": 1600.0,
    "clf_n_neg": 2934.0
  },
  "IRL_VariantA": {
    "mae": NaN,
    "rmse": NaN,
    "n_dirs": 0,
    "danger_precision": 0.0,
    "danger_recall": 0.0,
    "danger_f1": 0.0
  },
  "IRL_VariantA_scaled": {
    "mae": NaN,
    "rmse": NaN,
    "n_dirs": 0,
    "danger_precision": 0.0,
    "danger_recall": 0.0,
    "danger_f1": 0.0
  },
  "IRL_VariantB": {
    "mae": NaN,
    "rmse": NaN,
    "n_dirs": 0,
    "danger_precision": 0.0,
    "danger_recall": 0.0,
    "danger_f1": 0.0
  },
  "IRL_Dir": {
    "mae": 9.1572530256741,
    "rmse": 17.227377710325584,
    "pearson_r": 0.9688066614562569,
    "spearman_r": 0.7792283466797603,
    "n_dirs": 200.0,
    "danger_precision": 0.13793103448275862,
    "danger_recall": 1.0,
    "danger_f1": 0.2424242424242424,
    "danger_tp": 16.0,
    "danger_fp": 100.0,
    "danger_fn": 0.0,
    "danger_tn": 84.0,
    "clf_auc_roc": 0.7705867629516019,
    "clf_auc_pr": 0.6922374690272595,
    "clf_f1": 0.6328888888888888,
    "clf_precision": 0.6016901408450704,
    "clf_recall": 0.6675,
    "clf_threshold": 0.09036175906658173,
    "clf_n_pairs": 4534.0,
    "clf_n_pos": 1600.0,
    "clf_n_neg": 2934.0
  },
  "IRL_Dir_calibrated": {
    "mae": 6.080859590169271,
    "rmse": 10.896227988554493,
    "pearson_r": 0.9778629456382699,
    "spearman_r": 0.7741594761010797,
    "n_dirs": 200.0,
    "danger_precision": 0.17777777777777778,
    "danger_recall": 0.5,
    "danger_f1": 0.26229508196721313,
    "danger_tp": 8.0,
    "danger_fp": 37.0,
    "danger_fn": 8.0,
    "danger_tn": 147.0,
    "clf_auc_roc": 0.7737613965576005,
    "clf_auc_pr": 0.6986866128413391,
    "clf_f1": 0.6327985739750446,
    "clf_precision": 0.6030577576443941,
    "clf_recall": 0.665625,
    "clf_threshold": 0.311336352630792,
    "clf_n_pairs": 4534.0,
    "clf_n_pos": 1600.0,
    "clf_n_neg": 2934.0
  },
  "RF_Dir": {
    "mae": 7.629221760630437,
    "rmse": 14.152366947626666,
    "pearson_r": 0.9764736709009512,
    "spearman_r": 0.755560340512978,
    "n_dirs": 200.0,
    "danger_precision": 0.14473684210526316,
    "danger_recall": 0.6875,
    "danger_f1": 0.23913043478260868,
    "danger_tp": 11.0,
    "danger_fp": 65.0,
    "danger_fn": 5.0,
    "danger_tn": 119.0,
    "clf_auc_roc": 0.7873291581458759,
    "clf_auc_pr": 0.7322237546058152,
    "clf_f1": 0.6364142538975501,
    "clf_precision": 0.5737951807228916,
    "clf_recall": 0.714375,
    "clf_threshold": 0.19103015108852822,
    "clf_n_pairs": 4534.0,
    "clf_n_pos": 1600.0,
    "clf_n_neg": 2934.0
  }
}