{
  "Naive": {
    "mae": 9.747967479674797,
    "rmse": 16.321714799117764,
    "pearson_r": 0.9563737681582578,
    "spearman_r": 0.7635117006378804,
    "n_dirs": 123.0,
    "danger_precision": 0.0,
    "danger_recall": 0.0,
    "danger_f1": 0.0,
    "danger_tp": 0.0,
    "danger_fp": 1.0,
    "danger_fn": 4.0,
    "danger_tn": 118.0
  },
  "Linear": {
    "mae": 5.566416040100251,
    "rmse": 7.389565675250392,
    "pearson_r": 0.9276541080731555,
    "spearman_r": 0.6351054974590391,
    "n_dirs": 133.0,
    "danger_precision": 0.0,
    "danger_recall": 0.0,
    "danger_f1": 0.0,
    "danger_tp": 0.0,
    "danger_fp": 16.0,
    "danger_fn": 5.0,
    "danger_tn": 112.0
  },
  "RF": {
    "mae": 5.766097560975609,
    "rmse": 8.741572061924625,
    "pearson_r": 0.9405454626650503,
    "spearman_r": 0.7677019400531624,
    "n_dirs": 123.0,
    "danger_precision": 0.0,
    "danger_recall": 0.0,
    "danger_f1": 0.0,
    "danger_tp": 0.0,
    "danger_fp": 1.0,
    "danger_fn": 4.0,
    "danger_tn": 118.0,
    "clf_auc_roc": 0.6572014773465698,
    "clf_auc_pr": 0.5624302241190422,
    "clf_f1": 0.5653315824031516,
    "clf_precision": 0.4195906432748538,
    "clf_recall": 0.8661971830985915,
    "clf_threshold": 0.9,
    "clf_n_pairs": 3050.0,
    "clf_n_pos": 994.0,
    "clf_n_neg": 2056.0
  },
  "IRL_VariantA": {
    "mae": NaN,
    "rmse": NaN,
    "n_dirs": 0,
    "danger_precision": 0.0,
    "danger_recall": 0.0,
    "danger_f1": 0.0
  },
  "IRL_VariantA_scaled": {
    "mae": NaN,
    "rmse": NaN,
    "n_dirs": 0,
    "danger_precision": 0.0,
    "danger_recall": 0.0,
    "danger_f1": 0.0
  },
  "IRL_VariantB": {
    "mae": NaN,
    "rmse": NaN,
    "n_dirs": 0,
    "danger_precision": 0.0,
    "danger_recall": 0.0,
    "danger_f1": 0.0
  },
  "IRL_Dir": {
    "mae": 6.096236551112336,
    "rmse": 10.19379734413587,
    "pearson_r": 0.9472926514158624,
    "spearman_r": 0.7453092012015557,
    "n_dirs": 123.0,
    "danger_precision": 0.06896551724137931,
    "danger_recall": 0.5,
    "danger_f1": 0.1212121212121212,
    "danger_tp": 2.0,
    "danger_fp": 27.0,
    "danger_fn": 2.0,
    "danger_tn": 92.0,
    "clf_auc_roc": 0.7782698134331281,
    "clf_auc_pr": 0.5673678615368485,
    "clf_f1": 0.6430948419301165,
    "clf_precision": 0.5482269503546099,
    "clf_recall": 0.7776659959758552,
    "clf_threshold": 0.008546908386051655,
    "clf_n_pairs": 3050.0,
    "clf_n_pos": 994.0,
    "clf_n_neg": 2056.0
  },
  "RF_Dir": {
    "mae": 6.368809289976472,
    "rmse": 11.027888666678408,
    "pearson_r": 0.9675691699562913,
    "spearman_r": 0.8060109641807812,
    "n_dirs": 123.0,
    "danger_precision": 0.1111111111111111,
    "danger_recall": 0.75,
    "danger_f1": 0.19354838709677416,
    "danger_tp": 3.0,
    "danger_fp": 24.0,
    "danger_fn": 1.0,
    "danger_tn": 95.0,
    "clf_auc_roc": 0.7956161091059978,
    "clf_auc_pr": 0.68703514549458,
    "clf_f1": 0.6393289841565704,
    "clf_precision": 0.5954861111111112,
    "clf_recall": 0.6901408450704225,
    "clf_threshold": 0.26168627424140767,
    "clf_n_pairs": 3050.0,
    "clf_n_pos": 994.0,
    "clf_n_neg": 2056.0
  }
}