{
  "n_devs": 340.0,
  "n_pos": 147.0,
  "n_neg": 193.0,
  "pos_rate": 0.4323529411764706,
  "auc_roc": 0.714162348877375,
  "auc_pr": 0.6234747218816407,
  "threshold": 0.35995933413505554,
  "f1": 0.7305389221556886,
  "precision": 0.6524064171122995,
  "recall": 0.8299319727891157,
  "prob_mean": 0.5926150307059288,
  "prob_pos_mean": 0.7676838637412,
  "prob_neg_mean": 0.45927244803139583
}