{
  "auc_roc": 0.7321428571428572,
  "auc_pr": 0.8983596012347912,
  "optimal_threshold": 0.07764975726604462,
  "threshold_source": "train_data",
  "precision": 0.78125,
  "recall": 0.8928571428571429,
  "f1_score": 0.8333333333333334,
  "positive_count": 28,
  "negative_count": 10,
  "total_count": 38
}