{
  "Naive": {
    "mae": 7.607142857142857,
    "rmse": 12.90348790056394,
    "pearson_r": 0.965134244581811,
    "spearman_r": 0.7827821841758058,
    "n_dirs": 112.0,
    "danger_precision": 0.0,
    "danger_recall": 0.0,
    "danger_f1": 0.0,
    "danger_tp": 0.0,
    "danger_fp": 0.0,
    "danger_fn": 5.0,
    "danger_tn": 107.0
  },
  "Linear": {
    "mae": 6.366120218579234,
    "rmse": 9.011528742295841,
    "pearson_r": 0.9032722314918765,
    "spearman_r": 0.5767144781600878,
    "n_dirs": 122.0,
    "danger_precision": 0.13333333333333333,
    "danger_recall": 0.4,
    "danger_f1": 0.2,
    "danger_tp": 2.0,
    "danger_fp": 13.0,
    "danger_fn": 3.0,
    "danger_tn": 104.0
  },
  "RF": {
    "mae": 4.091607142857143,
    "rmse": 5.716530228831372,
    "pearson_r": 0.967729160812962,
    "spearman_r": 0.8001584796300616,
    "n_dirs": 112.0,
    "danger_precision": 0.0,
    "danger_recall": 0.0,
    "danger_f1": 0.0,
    "danger_tp": 0.0,
    "danger_fp": 0.0,
    "danger_fn": 5.0,
    "danger_tn": 107.0,
    "clf_auc_roc": 0.6498578986176434,
    "clf_auc_pr": 0.6096773174242998,
    "clf_f1": 0.6361416361416361,
    "clf_precision": 0.5077972709551657,
    "clf_recall": 0.8513071895424836,
    "clf_threshold": 0.9,
    "clf_n_pairs": 3050.0,
    "clf_n_pos": 1224.0,
    "clf_n_neg": 1826.0
  },
  "IRL_VariantA": {
    "mae": NaN,
    "rmse": NaN,
    "n_dirs": 0,
    "danger_precision": 0.0,
    "danger_recall": 0.0,
    "danger_f1": 0.0
  },
  "IRL_VariantA_scaled": {
    "mae": NaN,
    "rmse": NaN,
    "n_dirs": 0,
    "danger_precision": 0.0,
    "danger_recall": 0.0,
    "danger_f1": 0.0
  },
  "IRL_VariantB": {
    "mae": NaN,
    "rmse": NaN,
    "n_dirs": 0,
    "danger_precision": 0.0,
    "danger_recall": 0.0,
    "danger_f1": 0.0
  },
  "IRL_Dir": {
    "mae": 9.049267478461843,
    "rmse": 14.46998060640929,
    "pearson_r": 0.9752624521024755,
    "spearman_r": 0.8438630628044463,
    "n_dirs": 112.0,
    "danger_precision": 0.13043478260869565,
    "danger_recall": 0.6,
    "danger_f1": 0.21428571428571427,
    "danger_tp": 3.0,
    "danger_fp": 20.0,
    "danger_fn": 2.0,
    "danger_tn": 87.0,
    "clf_auc_roc": 0.8082080997787944,
    "clf_auc_pr": 0.7227295329872414,
    "clf_f1": 0.7134338828481235,
    "clf_precision": 0.6250768285187461,
    "clf_recall": 0.8308823529411765,
    "clf_threshold": 0.008429250679910183,
    "clf_n_pairs": 3050.0,
    "clf_n_pos": 1224.0,
    "clf_n_neg": 1826.0
  },
  "RF_Dir": {
    "mae": 9.815253312566368,
    "rmse": 15.86911909749729,
    "pearson_r": 0.9680595744720872,
    "spearman_r": 0.8255067622443931,
    "n_dirs": 112.0,
    "danger_precision": 0.043478260869565216,
    "danger_recall": 0.2,
    "danger_f1": 0.07142857142857142,
    "danger_tp": 1.0,
    "danger_fp": 22.0,
    "danger_fn": 4.0,
    "danger_tn": 85.0,
    "clf_auc_roc": 0.8015354644961307,
    "clf_auc_pr": 0.7799977350024069,
    "clf_f1": 0.6794818219807772,
    "clf_precision": 0.6954662104362703,
    "clf_recall": 0.6642156862745098,
    "clf_threshold": 0.24828166842506838,
    "clf_n_pairs": 3050.0,
    "clf_n_pos": 1224.0,
    "clf_n_neg": 1826.0
  }
}