{
  "experience_days": 0.028959041461348534,
  "total_changes": 0.021029284223914146,
  "total_reviews": 0.02155131846666336,
  "recent_activity_frequency": 0.04792442172765732,
  "avg_activity_gap": 0.03286086767911911,
  "activity_trend": 0.11128941178321838,
  "collaboration_score": 0.04254306107759476,
  "code_quality_score": 0.016587013378739357,
  "recent_acceptance_rate": 0.02290649339556694,
  "review_load": 0.04421524330973625,
  "days_since_last_activity": 0.048926498740911484,
  "acceptance_trend": 0.040111228823661804,
  "reciprocity_score": 0.02973010577261448,
  "load_trend": 0.021695269271731377,
  "core_reviewer_ratio": 0.01590343564748764,
  "recent_rejection_streak": 0.03501203656196594,
  "acceptance_rate_last10": 0.02514522336423397,
  "active_months_ratio": 0.051949962973594666,
  "response_time_trend": 0.06685423851013184,
  "complex_pr_bias": 0.015585655346512794,
  "avg_action_intensity": 0.0704457014799118,
  "avg_change_lines": 0.043046511709690094,
  "avg_response_time": 0.053147148340940475,
  "avg_review_size": 0.05011053383350372,
  "repeat_collaboration_rate": 0.042470261454582214
}