{
  "feature_importance": {
    "window_tenure_days": 0.02014386554221584,
    "total_changes": 0.012865998684166156,
    "total_reviews": 0.030318330170270767,
    "recent_activity_frequency": 0.02779826041177835,
    "avg_activity_gap": 0.022751301174014353,
    "activity_trend": 0.025239386232329176,
    "unique_collaborator_count": 0.014966707663625952,
    "overall_acceptance_rate": 0.023088868504948432,
    "recent_acceptance_rate": 0.012487991232263147,
    "recent_load_ratio_30d_all": 0.036131447479193425,
    "days_since_last_activity": 0.04188268313408543,
    "reciprocity_score": 0.012411972270264568,
    "recent_load_ratio_7d_30d": 0.013675212442091664,
    "core_reviewer_ratio": 0.0372858259125625,
    "acceptance_rate_last10": 0.011150057460496422,
    "active_months_ratio": 0.01930403435287507,
    "response_time_trend": 0.021935415830592237,
    "reviewer_owner_ratio": 0.014559525538599743,
    "n_projects": 0.010596001028563593,
    "cross_project_review_share": 0.01186551194951196,
    "same_domain_share": 0.012652250660127734,
    "path_review_count": 0.15125690126559993,
    "path_recency": 0.13455789820543862,
    "path_acceptance_rate": 0.05372735518526879,
    "path_lcp_similarity": 0.0,
    "path_owner_overlap": 0.11216131224055079,
    "avg_action_intensity": 0.02078674330131762,
    "avg_change_lines": 0.021351327580431203,
    "avg_response_time": 0.029576135487309533,
    "avg_review_size": 0.025361010584166784,
    "repeat_collaboration_rate": 0.018110668475340076
  }
}