{
  "Naive": {
    "mae": 8.333333333333334,
    "rmse": 16.780969547887754,
    "pearson_r": 0.9581254449366066,
    "spearman_r": 0.7475158666423248,
    "n_dirs": 213.0,
    "danger_precision": 0.2857142857142857,
    "danger_recall": 0.08,
    "danger_f1": 0.125,
    "danger_tp": 2.0,
    "danger_fp": 5.0,
    "danger_fn": 23.0,
    "danger_tn": 183.0
  },
  "Linear": {
    "mae": 5.0373563218390816,
    "rmse": 7.740523807357006,
    "pearson_r": 0.9315607129157929,
    "spearman_r": 0.5061701321202089,
    "n_dirs": 232.0,
    "danger_precision": 0.13157894736842105,
    "danger_recall": 0.17857142857142858,
    "danger_f1": 0.15151515151515152,
    "danger_tp": 5.0,
    "danger_fp": 33.0,
    "danger_fn": 23.0,
    "danger_tn": 171.0
  },
  "RF": {
    "mae": 4.182300469483569,
    "rmse": 7.130635058536384,
    "pearson_r": 0.9512466967490617,
    "spearman_r": 0.7614184398028566,
    "n_dirs": 213.0,
    "danger_precision": 0.23076923076923078,
    "danger_recall": 0.12,
    "danger_f1": 0.15789473684210525,
    "danger_tp": 3.0,
    "danger_fp": 10.0,
    "danger_fn": 22.0,
    "danger_tn": 178.0,
    "clf_auc_roc": 0.6745047793857651,
    "clf_auc_pr": 0.4284039526901972,
    "clf_f1": 0.493411420204978,
    "clf_precision": 0.3538676933846692,
    "clf_recall": 0.814665592264303,
    "clf_threshold": 0.71,
    "clf_n_pairs": 4534.0,
    "clf_n_pos": 1241.0,
    "clf_n_neg": 3293.0
  },
  "IRL_VariantA": {
    "mae": NaN,
    "rmse": NaN,
    "n_dirs": 0,
    "danger_precision": 0.0,
    "danger_recall": 0.0,
    "danger_f1": 0.0
  },
  "IRL_VariantA_scaled": {
    "mae": NaN,
    "rmse": NaN,
    "n_dirs": 0,
    "danger_precision": 0.0,
    "danger_recall": 0.0,
    "danger_f1": 0.0
  },
  "IRL_VariantB": {
    "mae": NaN,
    "rmse": NaN,
    "n_dirs": 0,
    "danger_precision": 0.0,
    "danger_recall": 0.0,
    "danger_f1": 0.0
  },
  "IRL_Dir": {
    "mae": 6.686192316952938,
    "rmse": 13.077632284397996,
    "pearson_r": 0.970545263948283,
    "spearman_r": 0.7948423437319477,
    "n_dirs": 213.0,
    "danger_precision": 0.1791044776119403,
    "danger_recall": 0.96,
    "danger_f1": 0.3018867924528302,
    "danger_tp": 24.0,
    "danger_fp": 110.0,
    "danger_fn": 1.0,
    "danger_tn": 78.0,
    "clf_auc_roc": 0.7405310950657672,
    "clf_auc_pr": 0.5714850468874062,
    "clf_f1": 0.5537931034482758,
    "clf_precision": 0.48402652200120555,
    "clf_recall": 0.6470588235294118,
    "clf_threshold": 0.051485393196344376,
    "clf_n_pairs": 4534.0,
    "clf_n_pos": 1241.0,
    "clf_n_neg": 3293.0
  },
  "IRL_Dir_calibrated": {
    "mae": 4.236236242321194,
    "rmse": 8.116638562787742,
    "pearson_r": 0.975171497590598,
    "spearman_r": 0.8048308739071195,
    "n_dirs": 213.0,
    "danger_precision": 0.2465753424657534,
    "danger_recall": 0.72,
    "danger_f1": 0.36734693877551017,
    "danger_tp": 18.0,
    "danger_fp": 55.0,
    "danger_fn": 7.0,
    "danger_tn": 133.0,
    "clf_auc_roc": 0.7427383018651387,
    "clf_auc_pr": 0.5777162425925908,
    "clf_f1": 0.5537931034482758,
    "clf_precision": 0.48402652200120555,
    "clf_recall": 0.6470588235294118,
    "clf_threshold": 0.3689839572192513,
    "clf_n_pairs": 4534.0,
    "clf_n_pos": 1241.0,
    "clf_n_neg": 3293.0
  },
  "RF_Dir": {
    "mae": 6.404387797816551,
    "rmse": 12.902462927937611,
    "pearson_r": 0.9778437455634502,
    "spearman_r": 0.8037631662613965,
    "n_dirs": 213.0,
    "danger_precision": 0.1953125,
    "danger_recall": 1.0,
    "danger_f1": 0.32679738562091504,
    "danger_tp": 25.0,
    "danger_fp": 103.0,
    "danger_fn": 0.0,
    "danger_tn": 85.0,
    "clf_auc_roc": 0.7972248656772736,
    "clf_auc_pr": 0.660593550069826,
    "clf_f1": 0.5993215228043725,
    "clf_precision": 0.5630311614730878,
    "clf_recall": 0.6406124093473006,
    "clf_threshold": 0.14541167563410295,
    "clf_n_pairs": 4534.0,
    "clf_n_pos": 1241.0,
    "clf_n_neg": 3293.0
  }
}