{
  "threshold": 0.41223588585853577,
  "precision": 0.3963068181818182,
  "recall": 0.3373639661426844,
  "f1": 0.36446766814104775,
  "metric": "f1",
  "positive_rate": 0.070490964882373,
  "method": "f1_maximization_on_train_data",
  "train_prediction_stats": {
    "min": 0.09168293327093124,
    "max": 0.7325138449668884,
    "mean": 0.21326864764356,
    "std": 0.10330558612799066,
    "median": 0.18080270290374756
  }
}