{
  "Naive": {
    "mae": 6.955,
    "rmse": 13.079946483070946,
    "pearson_r": 0.9656479238546107,
    "spearman_r": 0.729611671419977,
    "n_dirs": 200.0,
    "danger_precision": 0.4,
    "danger_recall": 0.25,
    "danger_f1": 0.3076923076923077,
    "danger_tp": 4.0,
    "danger_fp": 6.0,
    "danger_fn": 12.0,
    "danger_tn": 178.0
  },
  "Linear": {
    "mae": 5.516975308641976,
    "rmse": 7.669718930793113,
    "pearson_r": 0.9282531626692281,
    "spearman_r": 0.5285139971746808,
    "n_dirs": 216.0,
    "danger_precision": 0.2,
    "danger_recall": 0.5,
    "danger_f1": 0.28571428571428575,
    "danger_tp": 8.0,
    "danger_fp": 32.0,
    "danger_fn": 8.0,
    "danger_tn": 168.0
  },
  "RF": {
    "mae": 3.8348500000000003,
    "rmse": 5.799604598591183,
    "pearson_r": 0.9637591378417055,
    "spearman_r": 0.7495279580687512,
    "n_dirs": 200.0,
    "danger_precision": 0.3076923076923077,
    "danger_recall": 0.25,
    "danger_f1": 0.27586206896551724,
    "danger_tp": 4.0,
    "danger_fp": 9.0,
    "danger_fn": 12.0,
    "danger_tn": 175.0,
    "clf_auc_roc": 0.6643887397750511,
    "clf_auc_pr": 0.47774536240304943,
    "clf_f1": 0.5754162585700294,
    "clf_precision": 0.47302737520128824,
    "clf_recall": 0.734375,
    "clf_threshold": 0.83,
    "clf_n_pairs": 4534.0,
    "clf_n_pos": 1600.0,
    "clf_n_neg": 2934.0
  },
  "IRL_VariantA": {
    "mae": NaN,
    "rmse": NaN,
    "n_dirs": 0,
    "danger_precision": 0.0,
    "danger_recall": 0.0,
    "danger_f1": 0.0
  },
  "IRL_VariantA_scaled": {
    "mae": NaN,
    "rmse": NaN,
    "n_dirs": 0,
    "danger_precision": 0.0,
    "danger_recall": 0.0,
    "danger_f1": 0.0
  },
  "IRL_VariantB": {
    "mae": NaN,
    "rmse": NaN,
    "n_dirs": 0,
    "danger_precision": 0.0,
    "danger_recall": 0.0,
    "danger_f1": 0.0
  },
  "IRL_Dir": {
    "mae": 8.623663418742053,
    "rmse": 16.00313472339389,
    "pearson_r": 0.9718648705708097,
    "spearman_r": 0.7592247272808857,
    "n_dirs": 200.0,
    "danger_precision": 0.1320754716981132,
    "danger_recall": 0.875,
    "danger_f1": 0.22950819672131148,
    "danger_tp": 14.0,
    "danger_fp": 92.0,
    "danger_fn": 2.0,
    "danger_tn": 92.0,
    "clf_auc_roc": 0.7685525306748466,
    "clf_auc_pr": 0.701150961878758,
    "clf_f1": 0.6291879613855764,
    "clf_precision": 0.5764828303850156,
    "clf_recall": 0.6925,
    "clf_threshold": 0.09182412177324295,
    "clf_n_pairs": 4534.0,
    "clf_n_pos": 1600.0,
    "clf_n_neg": 2934.0
  },
  "IRL_Dir_calibrated": {
    "mae": 6.162849764864043,
    "rmse": 11.10171442616237,
    "pearson_r": 0.9786666489449287,
    "spearman_r": 0.7743873742186602,
    "n_dirs": 200.0,
    "danger_precision": 0.22727272727272727,
    "danger_recall": 0.625,
    "danger_f1": 0.3333333333333333,
    "danger_tp": 10.0,
    "danger_fp": 34.0,
    "danger_fn": 6.0,
    "danger_tn": 150.0,
    "clf_auc_roc": 0.7676148176550783,
    "clf_auc_pr": 0.705125049862061,
    "clf_f1": 0.6291879613855764,
    "clf_precision": 0.5764828303850156,
    "clf_recall": 0.6925,
    "clf_threshold": 0.3299492385786802,
    "clf_n_pairs": 4534.0,
    "clf_n_pos": 1600.0,
    "clf_n_neg": 2934.0
  },
  "RF_Dir": {
    "mae": 7.809600435875256,
    "rmse": 14.893513422833031,
    "pearson_r": 0.9751830406109101,
    "spearman_r": 0.7633888886201575,
    "n_dirs": 200.0,
    "danger_precision": 0.1511627906976744,
    "danger_recall": 0.8125,
    "danger_f1": 0.2549019607843137,
    "danger_tp": 13.0,
    "danger_fp": 73.0,
    "danger_fn": 3.0,
    "danger_tn": 111.0,
    "clf_auc_roc": 0.7860983299250172,
    "clf_auc_pr": 0.7204955968811547,
    "clf_f1": 0.6452795600366636,
    "clf_precision": 0.6312014345487149,
    "clf_recall": 0.66,
    "clf_threshold": 0.2254049746608092,
    "clf_n_pairs": 4534.0,
    "clf_n_pos": 1600.0,
    "clf_n_neg": 2934.0
  }
}