{
  "threshold": 0.09445379674434662,
  "precision": 0.8695652173913043,
  "recall": 0.6451612903225806,
  "f1": 0.7407407406918382,
  "metric": "f1"
}