{
  "Naive": {
    "mae": 5.962121212121212,
    "rmse": 8.157075382015222,
    "pearson_r": 0.9558974382495478,
    "spearman_r": 0.7233495869907197,
    "n_dirs": 132.0,
    "danger_precision": 0.25,
    "danger_recall": 0.125,
    "danger_f1": 0.16666666666666666,
    "danger_tp": 1.0,
    "danger_fp": 3.0,
    "danger_fn": 7.0,
    "danger_tn": 121.0
  },
  "Linear": {
    "mae": 5.18075117370892,
    "rmse": 7.881705605710356,
    "pearson_r": 0.9137031763479465,
    "spearman_r": 0.5493708273133157,
    "n_dirs": 142.0,
    "danger_precision": 0.043478260869565216,
    "danger_recall": 0.1111111111111111,
    "danger_f1": 0.0625,
    "danger_tp": 1.0,
    "danger_fp": 22.0,
    "danger_fn": 8.0,
    "danger_tn": 111.0
  },
  "RF": {
    "mae": 4.635303030303031,
    "rmse": 6.005595244638473,
    "pearson_r": 0.950469238020718,
    "spearman_r": 0.72499261746099,
    "n_dirs": 132.0,
    "danger_precision": 0.4,
    "danger_recall": 0.25,
    "danger_f1": 0.3076923076923077,
    "danger_tp": 2.0,
    "danger_fp": 3.0,
    "danger_fn": 6.0,
    "danger_tn": 121.0,
    "clf_auc_roc": 0.6068812864164578,
    "clf_auc_pr": 0.5690110216192099,
    "clf_f1": 0.6048533140166606,
    "clf_precision": 0.4717514124293785,
    "clf_recall": 0.8425832492431887,
    "clf_threshold": 0.9,
    "clf_n_pairs": 2510.0,
    "clf_n_pos": 991.0,
    "clf_n_neg": 1519.0
  },
  "IRL_VariantA": {
    "mae": NaN,
    "rmse": NaN,
    "n_dirs": 0,
    "danger_precision": 0.0,
    "danger_recall": 0.0,
    "danger_f1": 0.0
  },
  "IRL_VariantA_scaled": {
    "mae": NaN,
    "rmse": NaN,
    "n_dirs": 0,
    "danger_precision": 0.0,
    "danger_recall": 0.0,
    "danger_f1": 0.0
  },
  "IRL_VariantB": {
    "mae": NaN,
    "rmse": NaN,
    "n_dirs": 0,
    "danger_precision": 0.0,
    "danger_recall": 0.0,
    "danger_f1": 0.0
  },
  "IRL_Dir": {
    "mae": 8.87262803136775,
    "rmse": 14.761706395141262,
    "pearson_r": 0.929639672741926,
    "spearman_r": 0.5998191834397387,
    "n_dirs": 132.0,
    "danger_precision": 0.13559322033898305,
    "danger_recall": 1.0,
    "danger_f1": 0.23880597014925373,
    "danger_tp": 8.0,
    "danger_fp": 51.0,
    "danger_fn": 0.0,
    "danger_tn": 73.0,
    "clf_auc_roc": 0.7695699744042663,
    "clf_auc_pr": 0.7256480322043741,
    "clf_f1": 0.6490835940992401,
    "clf_precision": 0.5826645264847512,
    "clf_recall": 0.7325933400605449,
    "clf_threshold": 0.09687952697277069,
    "clf_n_pairs": 2510.0,
    "clf_n_pos": 991.0,
    "clf_n_neg": 1519.0
  },
  "IRL_Dir_calibrated": {
    "mae": 6.602606449631477,
    "rmse": 10.912734109991627,
    "pearson_r": 0.947497367684694,
    "spearman_r": 0.6761933024359627,
    "n_dirs": 132.0,
    "danger_precision": 0.18518518518518517,
    "danger_recall": 0.625,
    "danger_f1": 0.2857142857142857,
    "danger_tp": 5.0,
    "danger_fp": 22.0,
    "danger_fn": 3.0,
    "danger_tn": 102.0,
    "clf_auc_roc": 0.771726313649707,
    "clf_auc_pr": 0.7322572621824144,
    "clf_f1": 0.6488445854100588,
    "clf_precision": 0.5888157894736842,
    "clf_recall": 0.722502522704339,
    "clf_threshold": 0.2916666666666667,
    "clf_n_pairs": 2510.0,
    "clf_n_pos": 991.0,
    "clf_n_neg": 1519.0
  },
  "RF_Dir": {
    "mae": 8.071006623479512,
    "rmse": 14.110239102439785,
    "pearson_r": 0.9435191435863993,
    "spearman_r": 0.6914932123385491,
    "n_dirs": 132.0,
    "danger_precision": 0.2,
    "danger_recall": 0.875,
    "danger_f1": 0.32558139534883723,
    "danger_tp": 7.0,
    "danger_fp": 28.0,
    "danger_fn": 1.0,
    "danger_tn": 96.0,
    "clf_auc_roc": 0.7679125294204789,
    "clf_auc_pr": 0.7045272798962217,
    "clf_f1": 0.6666666666666666,
    "clf_precision": 0.6311992786293958,
    "clf_recall": 0.7063572149344097,
    "clf_threshold": 0.28157214837834,
    "clf_n_pairs": 2510.0,
    "clf_n_pos": 991.0,
    "clf_n_neg": 1519.0
  }
}