{
  "IRL_Dir": {
    "n_pairs": 3611.0,
    "n_pos": 1511.0,
    "n_neg": 2100.0,
    "clf_auc_roc": 0.50880117235511,
    "clf_auc_pr": 0.4477190480442388,
    "clf_f1": 0.590234375,
    "clf_precision": 0.41867553338875035,
    "clf_recall": 1.0,
    "clf_threshold": 0.005390435457229614,
    "prob_mean": 0.12882852127566125,
    "prob_pos_mean": 0.1366466931326279,
    "prob_neg_mean": 0.12320316047762477
  },
  "IRL_dev": {
    "n_pairs": 406.0,
    "n_pos": 161.0,
    "n_neg": 245.0,
    "clf_auc_roc": 0.5431613639244518,
    "clf_auc_pr": 0.4130939112156894,
    "clf_f1": 0.5995893223819302,
    "clf_precision": 0.44785276073619634,
    "clf_recall": 0.906832298136646,
    "clf_threshold": 0.6874290704727173,
    "prob_mean": 0.8264835531653588,
    "prob_pos_mean": 0.8364634188065617,
    "prob_neg_mean": 0.8199253557439969
  }
}