{
  "threshold": 0.35195377469062805,
  "precision": 0.41118421052631576,
  "recall": 0.8561643835616438,
  "f1": 0.5555555555117194,
  "metric": "f1",
  "positive_rate": 0.30416666666666664,
  "method": "f1_maximization_on_train_data",
  "train_prediction_stats": {
    "min": 0.1298689842224121,
    "max": 0.9996170997619629,
    "mean": 0.6606414714828134,
    "std": 0.3419027677088691,
    "median": 0.8138435482978821
  }
}