{
  "auc_roc": 0.75,
  "auc_pr": 0.9042462023857695,
  "optimal_threshold": 0.04850156977772713,
  "threshold_source": "train_data",
  "precision": 0.8064516129032258,
  "recall": 0.8928571428571429,
  "f1_score": 0.847457627118644,
  "positive_count": 28,
  "negative_count": 10,
  "total_count": 38
}