{
  "threshold": 0.37158235907554626,
  "precision": 0.5329545454545455,
  "recall": 0.43627906976744185,
  "f1": 0.4797953963699348,
  "metric": "f1",
  "positive_rate": 0.09162973065121037,
  "method": "f1_maximization_on_train_data",
  "train_prediction_stats": {
    "min": 0.07948887348175049,
    "max": 0.8050117492675781,
    "mean": 0.22081722937996806,
    "std": 0.11751863041614705,
    "median": 0.19873420149087906
  }
}