{
  "threshold": 0.00886713806539774,
  "precision": 0.40530759951749096,
  "recall": 0.5410628019323671,
  "f1": 0.4634482758130978,
  "metric": "f1",
  "positive_rate": 0.10586430276167746,
  "method": "f1_maximization_on_train_data",
  "train_prediction_stats": {
    "min": 0.008301492780447006,
    "max": 0.9680993556976318,
    "mean": 0.04332854057153502,
    "std": 0.1729503907476353,
    "median": 0.008476994931697845
  }
}