{
  "auc_roc": 0.7285714285714286,
  "auc_pr": 0.9042523651332892,
  "optimal_threshold": 0.19601081311702728,
  "threshold_source": "train_data",
  "precision": 0.7916666666666666,
  "recall": 0.6785714285714286,
  "f1_score": 0.7307692307692307,
  "positive_count": 28,
  "negative_count": 10,
  "total_count": 38
}