{
  "feature_importance": {
    "window_tenure_days": 0.01817300100683321,
    "total_changes": 0.014241297674182456,
    "total_reviews": 0.030188482100633227,
    "recent_activity_frequency": 0.03728192407733491,
    "avg_activity_gap": 0.024705442692194556,
    "activity_trend": 0.018256463932970358,
    "unique_collaborator_count": 0.012903964353979063,
    "overall_acceptance_rate": 0.018142969462767014,
    "recent_acceptance_rate": 0.01057327629279441,
    "recent_load_ratio_30d_all": 0.03239136498179097,
    "days_since_last_activity": 0.025427480559051682,
    "reciprocity_score": 0.013103102700722099,
    "recent_load_ratio_7d_30d": 0.010132179268714944,
    "core_reviewer_ratio": 0.037384927809986805,
    "acceptance_rate_last10": 0.011531805811550276,
    "active_months_ratio": 0.015323941955252773,
    "response_time_trend": 0.022470731969435973,
    "reviewer_owner_ratio": 0.01418331792250044,
    "n_projects": 0.01043239139953067,
    "cross_project_review_share": 0.016161534115592593,
    "same_domain_share": 0.012826122345605049,
    "path_review_count": 0.13894595079872543,
    "path_recency": 0.10979250778983266,
    "path_acceptance_rate": 0.04254867705131391,
    "path_lcp_similarity": 0.0,
    "path_owner_overlap": 0.0859520185483112,
    "path_hub_score": 0.045643968122281935,
    "path_neighbor_coverage": 0.050790005347455,
    "avg_action_intensity": 0.021738005967831476,
    "avg_change_lines": 0.02207308300334868,
    "avg_response_time": 0.034161037056703356,
    "avg_review_size": 0.0181023354366239,
    "repeat_collaboration_rate": 0.02441668844414886
  }
}