{
  "Naive": {
    "mae": 8.333333333333334,
    "rmse": 16.780969547887754,
    "pearson_r": 0.9581254449366067,
    "spearman_r": 0.7475158666423248,
    "n_dirs": 213.0,
    "danger_precision": 0.2857142857142857,
    "danger_recall": 0.08,
    "danger_f1": 0.125,
    "danger_tp": 2.0,
    "danger_fp": 5.0,
    "danger_fn": 23.0,
    "danger_tn": 183.0
  },
  "Linear": {
    "mae": 5.037356321839081,
    "rmse": 7.740523807357006,
    "pearson_r": 0.931560712915793,
    "spearman_r": 0.5061701321202089,
    "n_dirs": 232.0,
    "danger_precision": 0.13157894736842105,
    "danger_recall": 0.17857142857142858,
    "danger_f1": 0.15151515151515152,
    "danger_tp": 5.0,
    "danger_fp": 33.0,
    "danger_fn": 23.0,
    "danger_tn": 171.0
  },
  "RF": {
    "mae": 5.154037558685446,
    "rmse": 9.43710141402494,
    "pearson_r": 0.9504806357273584,
    "spearman_r": 0.7600969107755104,
    "n_dirs": 213.0,
    "danger_precision": 0.2727272727272727,
    "danger_recall": 0.12,
    "danger_f1": 0.16666666666666666,
    "danger_tp": 3.0,
    "danger_fp": 8.0,
    "danger_fn": 22.0,
    "danger_tn": 180.0,
    "clf_auc_roc": 0.6803464140108202,
    "clf_auc_pr": 0.43124890739319055,
    "clf_f1": 0.5077498663816141,
    "clf_precision": 0.3798480607756897,
    "clf_recall": 0.765511684125705,
    "clf_threshold": 0.84,
    "clf_n_pairs": 4534.0,
    "clf_n_pos": 1241.0,
    "clf_n_neg": 3293.0
  },
  "IRL_VariantA": {
    "mae": NaN,
    "rmse": NaN,
    "n_dirs": 0,
    "danger_precision": 0.0,
    "danger_recall": 0.0,
    "danger_f1": 0.0
  },
  "IRL_VariantA_scaled": {
    "mae": NaN,
    "rmse": NaN,
    "n_dirs": 0,
    "danger_precision": 0.0,
    "danger_recall": 0.0,
    "danger_f1": 0.0
  },
  "IRL_VariantB": {
    "mae": NaN,
    "rmse": NaN,
    "n_dirs": 0,
    "danger_precision": 0.0,
    "danger_recall": 0.0,
    "danger_f1": 0.0
  },
  "IRL_Dir": {
    "mae": 6.446701572161671,
    "rmse": 11.93486730566814,
    "pearson_r": 0.9699362734914889,
    "spearman_r": 0.8065117159994649,
    "n_dirs": 213.0,
    "danger_precision": 0.17692307692307693,
    "danger_recall": 0.92,
    "danger_f1": 0.29677419354838713,
    "danger_tp": 23.0,
    "danger_fp": 107.0,
    "danger_fn": 2.0,
    "danger_tn": 81.0,
    "clf_auc_roc": 0.7638119880693377,
    "clf_auc_pr": 0.590868707658735,
    "clf_f1": 0.5821005917159763,
    "clf_precision": 0.5379357484620643,
    "clf_recall": 0.6341659951651893,
    "clf_threshold": 0.08844924718141556,
    "clf_n_pairs": 4534.0,
    "clf_n_pos": 1241.0,
    "clf_n_neg": 3293.0
  },
  "IRL_Dir_calibrated": {
    "mae": 4.328339890081926,
    "rmse": 7.835513160925095,
    "pearson_r": 0.9745781039937325,
    "spearman_r": 0.8135372872342304,
    "n_dirs": 213.0,
    "danger_precision": 0.2702702702702703,
    "danger_recall": 0.8,
    "danger_f1": 0.404040404040404,
    "danger_tp": 20.0,
    "danger_fp": 54.0,
    "danger_fn": 5.0,
    "danger_tn": 134.0,
    "clf_auc_roc": 0.7645436453121448,
    "clf_auc_pr": 0.6026949324065498,
    "clf_f1": 0.5815076123282584,
    "clf_precision": 0.5392561983471075,
    "clf_recall": 0.6309427880741337,
    "clf_threshold": 0.38181818181818183,
    "clf_n_pairs": 4534.0,
    "clf_n_pos": 1241.0,
    "clf_n_neg": 3293.0
  },
  "RF_Dir": {
    "mae": 5.281597267170375,
    "rmse": 10.580857562349795,
    "pearson_r": 0.9749418022894353,
    "spearman_r": 0.8063373501039511,
    "n_dirs": 213.0,
    "danger_precision": 0.22549019607843138,
    "danger_recall": 0.92,
    "danger_f1": 0.36220472440944884,
    "danger_tp": 23.0,
    "danger_fp": 79.0,
    "danger_fn": 2.0,
    "danger_tn": 109.0,
    "clf_auc_roc": 0.8054617601422009,
    "clf_auc_pr": 0.6759771249141449,
    "clf_f1": 0.6211785556047851,
    "clf_precision": 0.6899606299212598,
    "clf_recall": 0.564867042707494,
    "clf_threshold": 0.29,
    "clf_n_pairs": 4534.0,
    "clf_n_pos": 1241.0,
    "clf_n_neg": 3293.0
  }
}