{
  "IRL_Dir": {
    "n_pairs": 3050.0,
    "n_pos": 1374.0,
    "n_neg": 1676.0,
    "clf_auc_roc": 0.645310062775097,
    "clf_auc_pr": 0.5658620908023408,
    "clf_f1": 0.6321487408802071,
    "clf_precision": 0.4671304347826087,
    "clf_recall": 0.9774381368267832,
    "clf_threshold": 0.0081550981849432,
    "prob_mean": 0.13011492534811595,
    "prob_pos_mean": 0.16117201672483633,
    "prob_neg_mean": 0.104654040174122
  },
  "IRL_dev": {
    "n_pairs": 340.0,
    "n_pos": 147.0,
    "n_neg": 193.0,
    "clf_auc_roc": 0.7348524902188854,
    "clf_auc_pr": 0.5894143809027643,
    "clf_f1": 0.7346938775510204,
    "clf_precision": 0.6428571428571429,
    "clf_recall": 0.8571428571428571,
    "clf_threshold": 0.4060506224632263,
    "prob_mean": 0.5976445582325516,
    "prob_pos_mean": 0.7844803176288094,
    "prob_neg_mean": 0.45533960159395104
  }
}