{
  "auc_roc": 0.7892857142857143,
  "auc_pr": 0.9272992910253767,
  "optimal_threshold": 0.39432957768440247,
  "threshold_source": "train_data",
  "precision": 1.0,
  "recall": 0.5,
  "f1_score": 0.6666666666666666,
  "positive_count": 28,
  "negative_count": 10,
  "total_count": 38
}