{
  "Naive": {
    "mae": 8.333333333333334,
    "rmse": 16.780969547887754,
    "pearson_r": 0.9581254449366066,
    "spearman_r": 0.7475158666423248,
    "n_dirs": 213.0,
    "danger_precision": 0.2857142857142857,
    "danger_recall": 0.08,
    "danger_f1": 0.125,
    "danger_tp": 2.0,
    "danger_fp": 5.0,
    "danger_fn": 23.0,
    "danger_tn": 183.0
  },
  "Linear": {
    "mae": 5.037356321839081,
    "rmse": 7.740523807357006,
    "pearson_r": 0.931560712915793,
    "spearman_r": 0.5061701321202089,
    "n_dirs": 232.0,
    "danger_precision": 0.13157894736842105,
    "danger_recall": 0.17857142857142858,
    "danger_f1": 0.15151515151515152,
    "danger_tp": 5.0,
    "danger_fp": 33.0,
    "danger_fn": 23.0,
    "danger_tn": 171.0
  },
  "RF": {
    "mae": 5.191830985915494,
    "rmse": 9.489164514986989,
    "pearson_r": 0.950252883423552,
    "spearman_r": 0.7602739301808435,
    "n_dirs": 213.0,
    "danger_precision": 0.2727272727272727,
    "danger_recall": 0.12,
    "danger_f1": 0.16666666666666666,
    "danger_tp": 3.0,
    "danger_fp": 8.0,
    "danger_fn": 22.0,
    "danger_tn": 180.0,
    "clf_auc_roc": 0.6707092156756708,
    "clf_auc_pr": 0.431271033124655,
    "clf_f1": 0.5028324790936067,
    "clf_precision": 0.37793998377939986,
    "clf_recall": 0.7510072522159549,
    "clf_threshold": 0.84,
    "clf_n_pairs": 4534.0,
    "clf_n_pos": 1241.0,
    "clf_n_neg": 3293.0
  },
  "IRL_VariantA": {
    "mae": NaN,
    "rmse": NaN,
    "n_dirs": 0,
    "danger_precision": 0.0,
    "danger_recall": 0.0,
    "danger_f1": 0.0
  },
  "IRL_VariantA_scaled": {
    "mae": NaN,
    "rmse": NaN,
    "n_dirs": 0,
    "danger_precision": 0.0,
    "danger_recall": 0.0,
    "danger_f1": 0.0
  },
  "IRL_VariantB": {
    "mae": NaN,
    "rmse": NaN,
    "n_dirs": 0,
    "danger_precision": 0.0,
    "danger_recall": 0.0,
    "danger_f1": 0.0
  },
  "IRL_Dir": {
    "mae": 6.635027263383717,
    "rmse": 12.781694412772788,
    "pearson_r": 0.9684444042362153,
    "spearman_r": 0.7960970936487657,
    "n_dirs": 213.0,
    "danger_precision": 0.17266187050359713,
    "danger_recall": 0.96,
    "danger_f1": 0.2926829268292683,
    "danger_tp": 24.0,
    "danger_fp": 115.0,
    "danger_fn": 1.0,
    "danger_tn": 73.0,
    "clf_auc_roc": 0.7709220324997743,
    "clf_auc_pr": 0.6095004508924788,
    "clf_f1": 0.5786254048218784,
    "clf_precision": 0.5227568270481144,
    "clf_recall": 0.6478646253021757,
    "clf_threshold": 0.06956081837415695,
    "clf_n_pairs": 4534.0,
    "clf_n_pos": 1241.0,
    "clf_n_neg": 3293.0
  },
  "IRL_Dir_calibrated": {
    "mae": 4.183079423818097,
    "rmse": 7.823064277357666,
    "pearson_r": 0.9761651916761283,
    "spearman_r": 0.809127455599474,
    "n_dirs": 213.0,
    "danger_precision": 0.21621621621621623,
    "danger_recall": 0.64,
    "danger_f1": 0.3232323232323232,
    "danger_tp": 16.0,
    "danger_fp": 58.0,
    "danger_fn": 9.0,
    "danger_tn": 130.0,
    "clf_auc_roc": 0.7726666312665282,
    "clf_auc_pr": 0.6171052411057266,
    "clf_f1": 0.5776466248616746,
    "clf_precision": 0.5326530612244897,
    "clf_recall": 0.6309427880741337,
    "clf_threshold": 0.313953488372093,
    "clf_n_pairs": 4534.0,
    "clf_n_pos": 1241.0,
    "clf_n_neg": 3293.0
  },
  "RF_Dir": {
    "mae": 5.215784196742826,
    "rmse": 10.299108378269928,
    "pearson_r": 0.976254204475908,
    "spearman_r": 0.7968660116235649,
    "n_dirs": 213.0,
    "danger_precision": 0.21212121212121213,
    "danger_recall": 0.84,
    "danger_f1": 0.33870967741935487,
    "danger_tp": 21.0,
    "danger_fp": 78.0,
    "danger_fn": 4.0,
    "danger_tn": 110.0,
    "clf_auc_roc": 0.7956679528988921,
    "clf_auc_pr": 0.6628834186972514,
    "clf_f1": 0.6244725738396625,
    "clf_precision": 0.6554472984942427,
    "clf_recall": 0.5962933118452861,
    "clf_threshold": 0.2686298429910765,
    "clf_n_pairs": 4534.0,
    "clf_n_pos": 1241.0,
    "clf_n_neg": 3293.0
  }
}