{
  "threshold": 0.31537601351737976,
  "precision": 0.1734246094435668,
  "recall": 0.7954911433172303,
  "f1": 0.2847672575005132,
  "metric": "f1",
  "positive_rate": 0.10586430276167746,
  "method": "f1_maximization_on_train_data",
  "train_prediction_stats": {
    "min": 0.0329192690551281,
    "max": 1.0,
    "mean": 0.5317383121674962,
    "std": 0.39237800292691527,
    "median": 0.28949980437755585
  }
}