{
  "threshold": 0.3137381374835968,
  "precision": 0.5511744966442953,
  "recall": 0.4527911784975879,
  "f1": 0.4971623155009909,
  "metric": "f1",
  "positive_rate": 0.08290481087875672,
  "method": "f1_maximization_on_train_data",
  "train_prediction_stats": {
    "min": 4.9221805966226384e-05,
    "max": 0.9990574717521667,
    "mean": 0.07833110494828463,
    "std": 0.17042486957671188,
    "median": 0.005330859683454037
  }
}