{
  "auc_roc": 0.7306818181818181,
  "auc_pr": 0.8481642537812689,
  "precision": 0.6451612903225806,
  "recall": 1.0,
  "f1_score": 0.7843137254901961,
  "optimal_threshold": 0.06,
  "positive_count": 40,
  "negative_count": 22,
  "total_count": 62,
  "feature_importance": {
    "experience_days": 0.08415355547513724,
    "total_changes": 0.03135493154790139,
    "total_reviews": 0.07401494308715097,
    "recent_activity_frequency": 0.06975544719027867,
    "avg_activity_gap": 0.051478844003493146,
    "activity_trend": 0.006795385634624159,
    "collaboration_score": 0.051689063807551144,
    "code_quality_score": 0.0328800809604687,
    "recent_acceptance_rate": 0.016283663412978867,
    "review_load": 0.05581308450023198,
    "days_since_last_activity": 0.09653661041600185,
    "acceptance_trend": 0.026973472939854238,
    "reciprocity_score": 0.01951643716541269,
    "load_trend": 0.01896368573193927,
    "core_reviewer_ratio": 0.09130953786361783,
    "avg_action_intensity": 0.05059460308427207,
    "avg_change_lines": 0.08114084921876749,
    "avg_response_time": 0.06634805208423508,
    "avg_review_size": 0.04403723021743268,
    "repeat_collaboration_rate": 0.030360521658650434
  },
  "pattern": "6-9m \u2192 6-9m"
}