{
  "Naive": {
    "mae": 9.747967479674797,
    "rmse": 16.321714799117764,
    "pearson_r": 0.9563737681582575,
    "spearman_r": 0.7635117006378804,
    "n_dirs": 123.0,
    "danger_precision": 0.0,
    "danger_recall": 0.0,
    "danger_f1": 0.0,
    "danger_tp": 0.0,
    "danger_fp": 1.0,
    "danger_fn": 4.0,
    "danger_tn": 118.0
  },
  "Linear": {
    "mae": 5.566416040100251,
    "rmse": 7.389565675250392,
    "pearson_r": 0.9276541080731554,
    "spearman_r": 0.6351054974590391,
    "n_dirs": 133.0,
    "danger_precision": 0.0,
    "danger_recall": 0.0,
    "danger_f1": 0.0,
    "danger_tp": 0.0,
    "danger_fp": 16.0,
    "danger_fn": 5.0,
    "danger_tn": 112.0
  },
  "RF": {
    "mae": 5.129837398373984,
    "rmse": 7.775732574694858,
    "pearson_r": 0.9497658034060942,
    "spearman_r": 0.7819436905455971,
    "n_dirs": 123.0,
    "danger_precision": 0.0,
    "danger_recall": 0.0,
    "danger_f1": 0.0,
    "danger_tp": 0.0,
    "danger_fp": 1.0,
    "danger_fn": 4.0,
    "danger_tn": 118.0,
    "clf_auc_roc": 0.6551933194497725,
    "clf_auc_pr": 0.4153035127961809,
    "clf_f1": 0.5533249686323714,
    "clf_precision": 0.40200546946216953,
    "clf_recall": 0.8873239436619719,
    "clf_threshold": 0.75,
    "clf_n_pairs": 3050.0,
    "clf_n_pos": 994.0,
    "clf_n_neg": 2056.0
  },
  "IRL_VariantA": {
    "mae": NaN,
    "rmse": NaN,
    "n_dirs": 0,
    "danger_precision": 0.0,
    "danger_recall": 0.0,
    "danger_f1": 0.0
  },
  "IRL_VariantA_scaled": {
    "mae": NaN,
    "rmse": NaN,
    "n_dirs": 0,
    "danger_precision": 0.0,
    "danger_recall": 0.0,
    "danger_f1": 0.0
  },
  "IRL_VariantB": {
    "mae": NaN,
    "rmse": NaN,
    "n_dirs": 0,
    "danger_precision": 0.0,
    "danger_recall": 0.0,
    "danger_f1": 0.0
  },
  "IRL_Dir": {
    "mae": 6.351895301564922,
    "rmse": 11.13777701436091,
    "pearson_r": 0.9722517443389481,
    "spearman_r": 0.7957598667527154,
    "n_dirs": 123.0,
    "danger_precision": 0.08333333333333333,
    "danger_recall": 0.5,
    "danger_f1": 0.14285714285714285,
    "danger_tp": 2.0,
    "danger_fp": 22.0,
    "danger_fn": 2.0,
    "danger_tn": 97.0,
    "clf_auc_roc": 0.8291703039247157,
    "clf_auc_pr": 0.7277389298394863,
    "clf_f1": 0.6831955922865014,
    "clf_precision": 0.6283783783783784,
    "clf_recall": 0.7484909456740443,
    "clf_threshold": 0.27471786737442017,
    "clf_n_pairs": 3050.0,
    "clf_n_pos": 994.0,
    "clf_n_neg": 2056.0
  },
  "RF_Dir": {
    "mae": 6.181612354037635,
    "rmse": 10.930756454542559,
    "pearson_r": 0.9654992132748763,
    "spearman_r": 0.7924916935536132,
    "n_dirs": 123.0,
    "danger_precision": 0.08333333333333333,
    "danger_recall": 0.5,
    "danger_f1": 0.14285714285714285,
    "danger_tp": 2.0,
    "danger_fp": 22.0,
    "danger_fn": 2.0,
    "danger_tn": 97.0,
    "clf_auc_roc": 0.8053459374926601,
    "clf_auc_pr": 0.6866404412545051,
    "clf_f1": 0.6563088512241054,
    "clf_precision": 0.6168141592920354,
    "clf_recall": 0.7012072434607646,
    "clf_threshold": 0.3,
    "clf_n_pairs": 3050.0,
    "clf_n_pos": 994.0,
    "clf_n_neg": 2056.0
  }
}