{
  "IRL_Dir": {
    "n_pairs": 3611.0,
    "n_pos": 2107.0,
    "n_neg": 1504.0,
    "clf_auc_roc": 0.5022755329246988,
    "clf_auc_pr": 0.6132181423551191,
    "clf_f1": 0.7369709688702344,
    "clf_precision": 0.583494876765439,
    "clf_recall": 1.0,
    "clf_threshold": 0.005265197716653347,
    "prob_mean": 0.1572867840631911,
    "prob_pos_mean": 0.1646792785464342,
    "prob_neg_mean": 0.14693041047529673
  },
  "IRL_dev": {
    "n_pairs": 574.0,
    "n_pos": 321.0,
    "n_neg": 253.0,
    "clf_auc_roc": 0.7407373203797422,
    "clf_auc_pr": 0.8100291056361406,
    "clf_f1": 0.7381316998468607,
    "clf_precision": 0.7259036144578314,
    "clf_recall": 0.7507788161993769,
    "clf_threshold": 0.8148132115602493,
    "prob_mean": 0.8046176887185472,
    "prob_pos_mean": 0.8487563873365568,
    "prob_neg_mean": 0.7486156244640765
  }
}