{
  "Naive": {
    "mae": 7.366412213740458,
    "rmse": 11.267395372191501,
    "pearson_r": 0.9474609268561347,
    "spearman_r": 0.7012707715974861,
    "n_dirs": 131.0,
    "danger_precision": 0.0,
    "danger_recall": 0.0,
    "danger_f1": 0.0,
    "danger_tp": 0.0,
    "danger_fp": 1.0,
    "danger_fn": 8.0,
    "danger_tn": 122.0
  },
  "Linear": {
    "mae": 7.456876456876458,
    "rmse": 10.261423599911192,
    "pearson_r": 0.8836943241221813,
    "spearman_r": 0.49052406816548294,
    "n_dirs": 143.0,
    "danger_precision": 0.0625,
    "danger_recall": 0.1111111111111111,
    "danger_f1": 0.08,
    "danger_tp": 1.0,
    "danger_fp": 15.0,
    "danger_fn": 8.0,
    "danger_tn": 119.0
  },
  "RF": {
    "mae": 5.410687022900764,
    "rmse": 7.162688842214332,
    "pearson_r": 0.9459592456156125,
    "spearman_r": 0.7159989009929689,
    "n_dirs": 131.0,
    "danger_precision": 0.0,
    "danger_recall": 0.0,
    "danger_f1": 0.0,
    "danger_tp": 0.0,
    "danger_fp": 1.0,
    "danger_fn": 8.0,
    "danger_tn": 122.0,
    "clf_auc_roc": 0.6562815916457359,
    "clf_auc_pr": 0.6566714523595223,
    "clf_f1": 0.676590776415645,
    "clf_precision": 0.5648148148148148,
    "clf_recall": 0.8435225618631732,
    "clf_threshold": 0.9,
    "clf_n_pairs": 3050.0,
    "clf_n_pos": 1374.0,
    "clf_n_neg": 1676.0
  },
  "IRL_VariantA": {
    "mae": NaN,
    "rmse": NaN,
    "n_dirs": 0,
    "danger_precision": 0.0,
    "danger_recall": 0.0,
    "danger_f1": 0.0
  },
  "IRL_VariantA_scaled": {
    "mae": NaN,
    "rmse": NaN,
    "n_dirs": 0,
    "danger_precision": 0.0,
    "danger_recall": 0.0,
    "danger_f1": 0.0
  },
  "IRL_VariantB": {
    "mae": NaN,
    "rmse": NaN,
    "n_dirs": 0,
    "danger_precision": 0.0,
    "danger_recall": 0.0,
    "danger_f1": 0.0
  },
  "IRL_Dir": {
    "mae": 6.2622264251397315,
    "rmse": 8.669651322122382,
    "pearson_r": 0.9422316557124757,
    "spearman_r": 0.7150854385775345,
    "n_dirs": 131.0,
    "danger_precision": 0.3333333333333333,
    "danger_recall": 0.25,
    "danger_f1": 0.28571428571428575,
    "danger_tp": 2.0,
    "danger_fp": 4.0,
    "danger_fn": 6.0,
    "danger_tn": 119.0,
    "clf_auc_roc": 0.5593171688327028,
    "clf_auc_pr": 0.44956466333776934,
    "clf_f1": 0.6576495341148182,
    "clf_precision": 0.5601638504864311,
    "clf_recall": 0.7962154294032023,
    "clf_threshold": 0.29424238204956055,
    "clf_n_pairs": 3050.0,
    "clf_n_pos": 1374.0,
    "clf_n_neg": 1676.0
  },
  "IRL_Dir_calibrated": {
    "mae": 7.792875397575059,
    "rmse": 12.311616959839276,
    "pearson_r": 0.9519907099378986,
    "spearman_r": 0.7333596946955806,
    "n_dirs": 131.0,
    "danger_precision": 0.3076923076923077,
    "danger_recall": 0.5,
    "danger_f1": 0.380952380952381,
    "danger_tp": 4.0,
    "danger_fp": 9.0,
    "danger_fn": 4.0,
    "danger_tn": 114.0,
    "clf_auc_roc": 0.6490063938885473,
    "clf_auc_pr": 0.7145935479240518,
    "clf_f1": 0.6574602221555088,
    "clf_precision": 0.5595298926928973,
    "clf_recall": 0.7969432314410481,
    "clf_threshold": 0.375,
    "clf_n_pairs": 3050.0,
    "clf_n_pos": 1374.0,
    "clf_n_neg": 1676.0
  },
  "RF_Dir": {
    "mae": 10.516147334647913,
    "rmse": 17.40101211073671,
    "pearson_r": 0.9484501440419717,
    "spearman_r": 0.7119170687357087,
    "n_dirs": 131.0,
    "danger_precision": 0.1875,
    "danger_recall": 0.75,
    "danger_f1": 0.3,
    "danger_tp": 6.0,
    "danger_fp": 26.0,
    "danger_fn": 2.0,
    "danger_tn": 97.0,
    "clf_auc_roc": 0.7947748069327052,
    "clf_auc_pr": 0.8015551514471335,
    "clf_f1": 0.6963893249607536,
    "clf_precision": 0.6123688569850911,
    "clf_recall": 0.8071324599708879,
    "clf_threshold": 0.13564339523044405,
    "clf_n_pairs": 3050.0,
    "clf_n_pos": 1374.0,
    "clf_n_neg": 1676.0
  }
}