{
  "experience_days": 0.08520150929689407,
  "total_changes": 8.819380170890388e-40,
  "total_reviews": 0.012569940648972988,
  "recent_activity_frequency": 0.13109201192855835,
  "avg_activity_gap": 0.026704326272010803,
  "activity_trend": 0.030532406643033028,
  "collaboration_score": 0.05941546708345413,
  "code_quality_score": 0.027293425053358078,
  "recent_acceptance_rate": 0.02063334919512272,
  "review_load": 0.1516455113887787,
  "days_since_last_activity": 0.08628342300653458,
  "acceptance_trend": 0.10187793523073196,
  "reciprocity_score": 3.106146201991676e-40,
  "load_trend": 0.02499235048890114,
  "core_reviewer_ratio": 0.0545508936047554,
  "avg_action_intensity": 0.036862894892692566,
  "avg_change_lines": 0.05184845253825188,
  "avg_response_time": 0.01774914376437664,
  "avg_review_size": 0.05461740121245384,
  "repeat_collaboration_rate": 0.02612956054508686
}