{
  "auc_roc": 0.5535714285714286,
  "auc_pr": 0.7875644546948605,
  "optimal_threshold": 0.052600108087062836,
  "threshold_source": "train_data",
  "precision": 0.7333333333333333,
  "recall": 0.7857142857142857,
  "f1_score": 0.7586206896551724,
  "positive_count": 28,
  "negative_count": 10,
  "total_count": 38
}