{
  "auc_roc": 0.7432301740812379,
  "auc_pr": 0.877526832116286,
  "precision": 0.696969696969697,
  "recall": 0.9787234042553191,
  "f1_score": 0.8141592920353983,
  "optimal_threshold": 0.27,
  "positive_count": 47,
  "negative_count": 22,
  "total_count": 69,
  "feature_importance": {
    "experience_days": 0.08432749101149871,
    "total_changes": 0.0468930780973014,
    "total_reviews": 0.05742891993507229,
    "recent_activity_frequency": 0.050301482705119555,
    "avg_activity_gap": 0.05208062514876781,
    "activity_trend": 0.005125903501874288,
    "collaboration_score": 0.05054672282774349,
    "code_quality_score": 0.04089063562253744,
    "recent_acceptance_rate": 0.015019207767311518,
    "review_load": 0.025748845075794356,
    "days_since_last_activity": 0.08754477925478674,
    "acceptance_trend": 0.027438158240305884,
    "reciprocity_score": 0.01961676761609223,
    "load_trend": 0.021955730142138974,
    "core_reviewer_ratio": 0.10582842519635269,
    "avg_action_intensity": 0.0414887070654868,
    "avg_change_lines": 0.0896570933976275,
    "avg_response_time": 0.10034949694260036,
    "avg_review_size": 0.0416590899848871,
    "repeat_collaboration_rate": 0.03609884046670095
  },
  "pattern": "9-12m \u2192 9-12m"
}