{
  "experience_days": 0.04118964076042175,
  "total_changes": 0.025465944781899452,
  "total_reviews": 0.00843522697687149,
  "recent_activity_frequency": 0.015469418838620186,
  "avg_activity_gap": 0.0690215528011322,
  "activity_trend": 0.03376508504152298,
  "collaboration_score": 0.044802047312259674,
  "code_quality_score": 0.024245690554380417,
  "recent_acceptance_rate": 0.032282352447509766,
  "review_load": 0.027797464281320572,
  "days_since_last_activity": 0.06784673035144806,
  "acceptance_trend": 0.05704401433467865,
  "reciprocity_score": 0.0486726351082325,
  "load_trend": 0.04159285128116608,
  "core_reviewer_ratio": 0.04560927301645279,
  "recent_rejection_streak": 0.0675969049334526,
  "acceptance_rate_last10": 0.03286882862448692,
  "active_months_ratio": 0.06855303794145584,
  "response_time_trend": 0.05824510008096695,
  "complex_pr_bias": 0.03675595670938492,
  "avg_action_intensity": 0.03835234418511391,
  "avg_change_lines": 0.008572877384722233,
  "avg_response_time": 0.022598955780267715,
  "avg_review_size": 0.06566018611192703,
  "repeat_collaboration_rate": 0.01755581796169281
}