{
  "Naive": {
    "mae": 8.333333333333334,
    "rmse": 16.780969547887754,
    "pearson_r": 0.958125444936607,
    "spearman_r": 0.7475158666423248,
    "n_dirs": 213.0,
    "danger_precision": 0.2857142857142857,
    "danger_recall": 0.08,
    "danger_f1": 0.125,
    "danger_tp": 2.0,
    "danger_fp": 5.0,
    "danger_fn": 23.0,
    "danger_tn": 183.0
  },
  "Linear": {
    "mae": 5.0373563218390816,
    "rmse": 7.740523807357006,
    "pearson_r": 0.9315607129157932,
    "spearman_r": 0.5061701321202089,
    "n_dirs": 232.0,
    "danger_precision": 0.13157894736842105,
    "danger_recall": 0.17857142857142858,
    "danger_f1": 0.15151515151515152,
    "danger_tp": 5.0,
    "danger_fp": 33.0,
    "danger_fn": 23.0,
    "danger_tn": 171.0
  },
  "RF": {
    "mae": 5.610798122065727,
    "rmse": 10.407079208528307,
    "pearson_r": 0.941908243945227,
    "spearman_r": 0.7597806540054155,
    "n_dirs": 213.0,
    "danger_precision": 0.3333333333333333,
    "danger_recall": 0.12,
    "danger_f1": 0.1764705882352941,
    "danger_tp": 3.0,
    "danger_fp": 6.0,
    "danger_fn": 22.0,
    "danger_tn": 182.0,
    "clf_auc_roc": 0.682369482992395,
    "clf_auc_pr": 0.5712431559368082,
    "clf_f1": 0.5133876600698487,
    "clf_precision": 0.4018223234624146,
    "clf_recall": 0.7107171635777598,
    "clf_threshold": 0.99,
    "clf_n_pairs": 4534.0,
    "clf_n_pos": 1241.0,
    "clf_n_neg": 3293.0
  },
  "IRL_VariantA": {
    "mae": NaN,
    "rmse": NaN,
    "n_dirs": 0,
    "danger_precision": 0.0,
    "danger_recall": 0.0,
    "danger_f1": 0.0
  },
  "IRL_VariantA_scaled": {
    "mae": NaN,
    "rmse": NaN,
    "n_dirs": 0,
    "danger_precision": 0.0,
    "danger_recall": 0.0,
    "danger_f1": 0.0
  },
  "IRL_VariantB": {
    "mae": NaN,
    "rmse": NaN,
    "n_dirs": 0,
    "danger_precision": 0.0,
    "danger_recall": 0.0,
    "danger_f1": 0.0
  },
  "IRL_Dir": {
    "mae": 6.143707774960616,
    "rmse": 12.128919143938564,
    "pearson_r": 0.9784685693248875,
    "spearman_r": 0.8117846244292196,
    "n_dirs": 213.0,
    "danger_precision": 0.20161290322580644,
    "danger_recall": 1.0,
    "danger_f1": 0.3355704697986577,
    "danger_tp": 25.0,
    "danger_fp": 99.0,
    "danger_fn": 0.0,
    "danger_tn": 89.0,
    "clf_auc_roc": 0.7854034624761386,
    "clf_auc_pr": 0.6127908241253157,
    "clf_f1": 0.5954142011834319,
    "clf_precision": 0.5502392344497608,
    "clf_recall": 0.6486704270749396,
    "clf_threshold": 0.13343796133995056,
    "clf_n_pairs": 4534.0,
    "clf_n_pos": 1241.0,
    "clf_n_neg": 3293.0
  },
  "IRL_Dir_calibrated": {
    "mae": 4.352688913847911,
    "rmse": 8.574574497144098,
    "pearson_r": 0.9780563452884666,
    "spearman_r": 0.8153462796408478,
    "n_dirs": 213.0,
    "danger_precision": 0.25,
    "danger_recall": 0.76,
    "danger_f1": 0.37623762376237624,
    "danger_tp": 19.0,
    "danger_fp": 57.0,
    "danger_fn": 6.0,
    "danger_tn": 131.0,
    "clf_auc_roc": 0.788386372773737,
    "clf_auc_pr": 0.6204652744128283,
    "clf_f1": 0.5949926362297496,
    "clf_precision": 0.5477966101694915,
    "clf_recall": 0.6510878323932313,
    "clf_threshold": 0.31911886319532806,
    "clf_n_pairs": 4534.0,
    "clf_n_pos": 1241.0,
    "clf_n_neg": 3293.0
  },
  "RF_Dir": {
    "mae": 4.797842294099452,
    "rmse": 9.332582987580885,
    "pearson_r": 0.9728169723912851,
    "spearman_r": 0.8083419858559354,
    "n_dirs": 213.0,
    "danger_precision": 0.2413793103448276,
    "danger_recall": 0.84,
    "danger_f1": 0.375,
    "danger_tp": 21.0,
    "danger_fp": 66.0,
    "danger_fn": 4.0,
    "danger_tn": 122.0,
    "clf_auc_roc": 0.7867214243188675,
    "clf_auc_pr": 0.6480359314609463,
    "clf_f1": 0.5930324623911323,
    "clf_precision": 0.5828793774319067,
    "clf_recall": 0.6035455278001611,
    "clf_threshold": 0.30697971580970224,
    "clf_n_pairs": 4534.0,
    "clf_n_pos": 1241.0,
    "clf_n_neg": 3293.0
  }
}