{
  "threshold": 0.3783283531665802,
  "precision": 0.557513460597161,
  "recall": 0.5121402877697842,
  "f1": 0.5338645417827593,
  "metric": "f1",
  "positive_rate": 0.09478349812478691,
  "method": "f1_maximization_on_train_data",
  "train_prediction_stats": {
    "min": 3.5948864933743607e-06,
    "max": 0.9997879862785339,
    "mean": 0.09990217129026623,
    "std": 0.21120722138259249,
    "median": 0.0019494430162012577
  }
}