{
  "threshold": 0.3835967779159546,
  "precision": 0.6647342995169082,
  "recall": 0.5539452495974235,
  "f1": 0.604303908602148,
  "metric": "f1",
  "positive_rate": 0.10586430276167746,
  "method": "f1_maximization_on_train_data",
  "train_prediction_stats": {
    "min": 0.04978639632463455,
    "max": 0.872814416885376,
    "mean": 0.16195692790578828,
    "std": 0.15358468008444773,
    "median": 0.0927366092801094
  }
}