{
  "threshold": 0.3381117582321167,
  "precision": 0.5942249240121581,
  "recall": 0.6296296296296297,
  "f1": 0.6114151680501201,
  "metric": "f1",
  "positive_rate": 0.10586430276167746,
  "method": "f1_maximization_on_train_data",
  "train_prediction_stats": {
    "min": 0.055394090712070465,
    "max": 0.8695603609085083,
    "mean": 0.16343381653034642,
    "std": 0.15466390598072396,
    "median": 0.09101239964365959
  }
}