{
  "Naive": {
    "mae": 7.366412213740458,
    "rmse": 11.267395372191501,
    "pearson_r": 0.9474609268561348,
    "spearman_r": 0.7012707715974861,
    "n_dirs": 131.0,
    "danger_precision": 0.0,
    "danger_recall": 0.0,
    "danger_f1": 0.0,
    "danger_tp": 0.0,
    "danger_fp": 1.0,
    "danger_fn": 8.0,
    "danger_tn": 122.0
  },
  "Linear": {
    "mae": 7.456876456876456,
    "rmse": 10.26142359991119,
    "pearson_r": 0.8836943241221816,
    "spearman_r": 0.49276090056325395,
    "n_dirs": 143.0,
    "danger_precision": 0.0625,
    "danger_recall": 0.1111111111111111,
    "danger_f1": 0.08,
    "danger_tp": 1.0,
    "danger_fp": 15.0,
    "danger_fn": 8.0,
    "danger_tn": 119.0
  },
  "RF": {
    "mae": 5.411755725190839,
    "rmse": 7.16563885167762,
    "pearson_r": 0.9459028017242002,
    "spearman_r": 0.7157696298491864,
    "n_dirs": 131.0,
    "danger_precision": 0.0,
    "danger_recall": 0.0,
    "danger_f1": 0.0,
    "danger_tp": 0.0,
    "danger_fp": 1.0,
    "danger_fn": 8.0,
    "danger_tn": 122.0,
    "clf_auc_roc": 0.6563306618308651,
    "clf_auc_pr": 0.6567359166642021,
    "clf_f1": 0.676590776415645,
    "clf_precision": 0.5648148148148148,
    "clf_recall": 0.8435225618631732,
    "clf_threshold": 0.9,
    "clf_n_pairs": 3050.0,
    "clf_n_pos": 1374.0,
    "clf_n_neg": 1676.0
  },
  "IRL_VariantA": {
    "mae": NaN,
    "rmse": NaN,
    "n_dirs": 0,
    "danger_precision": 0.0,
    "danger_recall": 0.0,
    "danger_f1": 0.0
  },
  "IRL_VariantA_scaled": {
    "mae": NaN,
    "rmse": NaN,
    "n_dirs": 0,
    "danger_precision": 0.0,
    "danger_recall": 0.0,
    "danger_f1": 0.0
  },
  "IRL_VariantB": {
    "mae": NaN,
    "rmse": NaN,
    "n_dirs": 0,
    "danger_precision": 0.0,
    "danger_recall": 0.0,
    "danger_f1": 0.0
  },
  "IRL_Dir": {
    "mae": 8.710162441182227,
    "rmse": 14.045665128569565,
    "pearson_r": 0.9589037410693823,
    "spearman_r": 0.7346305339601465,
    "n_dirs": 131.0,
    "danger_precision": 0.2,
    "danger_recall": 0.375,
    "danger_f1": 0.26086956521739135,
    "danger_tp": 3.0,
    "danger_fp": 12.0,
    "danger_fn": 5.0,
    "danger_tn": 111.0,
    "clf_auc_roc": 0.7836376119060771,
    "clf_auc_pr": 0.7960414304657246,
    "clf_f1": 0.6984943077488065,
    "clf_precision": 0.7049666419570052,
    "clf_recall": 0.6921397379912664,
    "clf_threshold": 0.34773483872413635,
    "clf_n_pairs": 3050.0,
    "clf_n_pos": 1374.0,
    "clf_n_neg": 1676.0
  },
  "RF_Dir": {
    "mae": 10.463441141195952,
    "rmse": 17.31809386507972,
    "pearson_r": 0.9487194627738077,
    "spearman_r": 0.7164043677356458,
    "n_dirs": 131.0,
    "danger_precision": 0.1875,
    "danger_recall": 0.75,
    "danger_f1": 0.3,
    "danger_tp": 6.0,
    "danger_fp": 26.0,
    "danger_fn": 2.0,
    "danger_tn": 97.0,
    "clf_auc_roc": 0.7930519223353587,
    "clf_auc_pr": 0.8029025813219183,
    "clf_f1": 0.6922544951590595,
    "clf_precision": 0.6594202898550725,
    "clf_recall": 0.7285298398835517,
    "clf_threshold": 0.18876162412805786,
    "clf_n_pairs": 3050.0,
    "clf_n_pos": 1374.0,
    "clf_n_neg": 1676.0
  }
}