{
  "threshold": 0.025731734931468964,
  "precision": 0.37343358395989973,
  "recall": 0.4570552147239264,
  "f1": 0.4110344827091276,
  "metric": "f1",
  "positive_rate": 0.11114899420388681,
  "method": "f1_maximization_on_train_data",
  "train_prediction_stats": {
    "min": 0.0067900605499744415,
    "max": 0.9492610096931458,
    "mean": 0.06544168738620829,
    "std": 0.1916645820144698,
    "median": 0.013782366178929806
  }
}