{
  "Naive": {
    "mae": 7.366412213740458,
    "rmse": 11.267395372191501,
    "pearson_r": 0.9474609268561347,
    "spearman_r": 0.7012707715974861,
    "n_dirs": 131.0,
    "danger_precision": 0.0,
    "danger_recall": 0.0,
    "danger_f1": 0.0,
    "danger_tp": 0.0,
    "danger_fp": 1.0,
    "danger_fn": 8.0,
    "danger_tn": 122.0
  },
  "Linear": {
    "mae": 7.456876456876458,
    "rmse": 10.261423599911192,
    "pearson_r": 0.8836943241221816,
    "spearman_r": 0.49052406816548294,
    "n_dirs": 143.0,
    "danger_precision": 0.0625,
    "danger_recall": 0.1111111111111111,
    "danger_f1": 0.08,
    "danger_tp": 1.0,
    "danger_fp": 15.0,
    "danger_fn": 8.0,
    "danger_tn": 119.0
  },
  "RF": {
    "mae": 5.410687022900764,
    "rmse": 7.162688842214332,
    "pearson_r": 0.9459592456156127,
    "spearman_r": 0.7159721747931905,
    "n_dirs": 131.0,
    "danger_precision": 0.0,
    "danger_recall": 0.0,
    "danger_f1": 0.0,
    "danger_tp": 0.0,
    "danger_fp": 1.0,
    "danger_fn": 8.0,
    "danger_tn": 122.0,
    "clf_auc_roc": 0.6562815916457359,
    "clf_auc_pr": 0.6566714523595223,
    "clf_f1": 0.676590776415645,
    "clf_precision": 0.5648148148148148,
    "clf_recall": 0.8435225618631732,
    "clf_threshold": 0.9,
    "clf_n_pairs": 3050.0,
    "clf_n_pos": 1374.0,
    "clf_n_neg": 1676.0
  },
  "IRL_VariantA": {
    "mae": NaN,
    "rmse": NaN,
    "n_dirs": 0,
    "danger_precision": 0.0,
    "danger_recall": 0.0,
    "danger_f1": 0.0
  },
  "IRL_VariantA_scaled": {
    "mae": NaN,
    "rmse": NaN,
    "n_dirs": 0,
    "danger_precision": 0.0,
    "danger_recall": 0.0,
    "danger_f1": 0.0
  },
  "IRL_VariantB": {
    "mae": NaN,
    "rmse": NaN,
    "n_dirs": 0,
    "danger_precision": 0.0,
    "danger_recall": 0.0,
    "danger_f1": 0.0
  },
  "IRL_Dir": {
    "mae": 10.943752741178086,
    "rmse": 17.79108121492296,
    "pearson_r": 0.9424317361281425,
    "spearman_r": 0.7149308098462028,
    "n_dirs": 131.0,
    "danger_precision": 0.1590909090909091,
    "danger_recall": 0.875,
    "danger_f1": 0.26923076923076916,
    "danger_tp": 7.0,
    "danger_fp": 37.0,
    "danger_fn": 1.0,
    "danger_tn": 86.0,
    "clf_auc_roc": 0.8424731981254321,
    "clf_auc_pr": 0.8413683742539237,
    "clf_f1": 0.746843853820598,
    "clf_precision": 0.687041564792176,
    "clf_recall": 0.8180494905385735,
    "clf_threshold": 0.12117479741573334,
    "clf_n_pairs": 3050.0,
    "clf_n_pos": 1374.0,
    "clf_n_neg": 1676.0
  },
  "IRL_Dir_calibrated": {
    "mae": 7.322685082892697,
    "rmse": 11.333125036998524,
    "pearson_r": 0.9558700859974278,
    "spearman_r": 0.725998040555176,
    "n_dirs": 131.0,
    "danger_precision": 0.23529411764705882,
    "danger_recall": 0.5,
    "danger_f1": 0.31999999999999995,
    "danger_tp": 4.0,
    "danger_fp": 13.0,
    "danger_fn": 4.0,
    "danger_tn": 110.0,
    "clf_auc_roc": 0.8456291058283222,
    "clf_auc_pr": 0.8448711492109734,
    "clf_f1": 0.74624,
    "clf_precision": 0.6659051970302684,
    "clf_recall": 0.8486171761280932,
    "clf_threshold": 0.3488372093023256,
    "clf_n_pairs": 3050.0,
    "clf_n_pos": 1374.0,
    "clf_n_neg": 1676.0
  },
  "RF_Dir": {
    "mae": 10.487922696020984,
    "rmse": 17.30244144844349,
    "pearson_r": 0.9492416385473031,
    "spearman_r": 0.7158217404682328,
    "n_dirs": 131.0,
    "danger_precision": 0.1875,
    "danger_recall": 0.75,
    "danger_f1": 0.3,
    "danger_tp": 6.0,
    "danger_fp": 26.0,
    "danger_fn": 2.0,
    "danger_tn": 97.0,
    "clf_auc_roc": 0.79737378974685,
    "clf_auc_pr": 0.8060702473221557,
    "clf_f1": 0.7005685407454201,
    "clf_precision": 0.6188616071428571,
    "clf_recall": 0.8071324599708879,
    "clf_threshold": 0.14636311177281253,
    "clf_n_pairs": 3050.0,
    "clf_n_pos": 1374.0,
    "clf_n_neg": 1676.0
  }
}